分类: 📺央视频道, 名称: CCTV2财经, 有效: 12, IPv4: 73, IPv6: 0, 最小延迟: 362 ms, 最高速率: 4.42 M/s, 平均速率: 3.52 M/s, 最高分辨率: 1920x1080, 平均帧率: 27.08, 视频编解码器: h264, 音频编解码器: aac
分类: 📺央视频道, 名称: CCTV1综合, 有效: 8, IPv4: 81, IPv6: 0, 最小延迟: 335 ms, 最高速率: 8.85 M/s, 平均速率: 3.43 M/s, 最高分辨率: 1920x1080, 平均帧率: 28.85, 视频编解码器: h264, 音频编解码器: aac
分类: 📺央视频道, 名称: CCTV4中文国际, 有效: 12, IPv4: 79, IPv6: 0, 最小延迟: 332 ms, 最高速率: 10.91 M/s, 平均速率: 4.51 M/s, 最高分辨率: 1920x1080, 平均帧率: 28.85, 视频编解码器: h264, 音频编解码器: aac
分类: 📺央视频道, 名称: CCTV3综艺, 有效: 10, IPv4: 73, IPv6: 0, 最小延迟: 315 ms, 最高速率: 7.48 M/s, 平均速率: 3.38 M/s, 最高分辨率: 1920x1080, 平均帧率: 27.08, 视频编解码器: h264, 音频编解码器: aac
分类: 📺央视频道, 名称: CCTV5体育, 有效: 10, IPv4: 79, IPv6: 0, 最小延迟: 404 ms, 最高速率: 6.82 M/s, 平均速率: 2.85 M/s, 最高分辨率: 1920x1080, 平均帧率: 26.67, 视频编解码器: h264, 音频编解码器: aac
分类: 📺央视频道, 名称: CCTV5+体育赛事, 有效: 2, IPv4: 41, IPv6: 0, 最小延迟: 442 ms, 最高速率: 6.54 M/s, 平均速率: 3.49 M/s, 最高分辨率: 1920x1080, 平均帧率: 31.25, 视频编解码器: h264, 音频编解码器: aac
分类: 📺央视频道, 名称: CCTV7国防军事, 有效: 12, IPv4: 58, IPv6: 0, 最小延迟: 419 ms, 最高速率: 8.45 M/s, 平均速率: 3.64 M/s, 最高分辨率: 1920x1080, 平均帧率: 31.25, 视频编解码器: h264, 音频编解码器: aac
分类: 📺央视频道, 名称: CCTV6电影, 有效: 10, IPv4: 62, IPv6: 0, 最小延迟: 317 ms, 最高速率: 3.61 M/s, 平均速率: 2.78 M/s, 最高分辨率: 1920x1080, 平均帧率: 29.17, 视频编解码器: h264, 音频编解码器: aac
分类: 📺央视频道, 名称: CCTV8电视剧, 有效: 12, IPv4: 70, IPv6: 0, 最小延迟: 345 ms, 最高速率: 9.92 M/s, 平均速率: 3.24 M/s, 最高分辨率: 1920x1080, 平均帧率: 28.57, 视频编解码器: h264, 音频编解码器: aac
分类: 📺央视频道, 名称: CCTV9纪录, 有效: 10, IPv4: 64, IPv6: 0, 最小延迟: 341 ms, 最高速率: 6.35 M/s, 平均速率: 2.55 M/s, 最高分辨率: 1920x1080, 平均帧率: 29.17, 视频编解码器: h264, 音频编解码器: aac
分类: 📺央视频道, 名称: CCTV10科教, 有效: 10, IPv4: 63, IPv6: 0, 最小延迟: 294 ms, 最高速率: 8.55 M/s, 平均速率: 3.43 M/s, 最高分辨率: 1920x1080, 平均帧率: 27.50, 视频编解码器: h264, 音频编解码器: aac
分类: 📺央视频道, 名称: CCTV11戏曲, 有效: 7, IPv4: 58, IPv6: 0, 最小延迟: 413 ms, 最高速率: 8.44 M/s, 平均速率: 5.73 M/s, 最高分辨率: 1920x1080, 平均帧率: 32.69, 视频编解码器: h264, 音频编解码器: aac
分类: 📺央视频道, 名称: CCTV12社会与法, 有效: 6, IPv4: 55, IPv6: 0, 最小延迟: 399 ms, 最高速率: 5.76 M/s, 平均速率: 4.16 M/s, 最高分辨率: 1920x1080, 平均帧率: 31.25, 视频编解码器: h264, 音频编解码器: aac
分类: 📺央视频道, 名称: CCTV13新闻, 有效: 5, IPv4: 54, IPv6: 0, 最小延迟: 318 ms, 最高速率: 3.14 M/s, 平均速率: 2.53 M/s, 最高分辨率: 1920x1080, 平均帧率: 25.00, 视频编解码器: h264, 音频编解码器: aac
分类: 📺央视频道, 名称: CCTV14少儿, 有效: 6, IPv4: 54, IPv6: 0, 最小延迟: 367 ms, 最高速率: 6.49 M/s, 平均速率: 5.22 M/s, 最高分辨率: 1920x1080, 平均帧率: 25.00, 视频编解码器: h264, 音频编解码器: aac
分类: 📺央视频道, 名称: CCTV16奥林匹克, 有效: 5, IPv4: 29, IPv6: 0, 最小延迟: 380 ms, 最高速率: 7.87 M/s, 平均速率: 3.67 M/s, 最高分辨率: 1920x1080, 平均帧率: 29.17, 视频编解码器: h264, 音频编解码器: aac
分类: 📺央视频道, 名称: CCTV15音乐, 有效: 5, IPv4: 58, IPv6: 0, 最小延迟: 414 ms, 最高速率: 7.44 M/s, 平均速率: 6.35 M/s, 最高分辨率: 1920x1080, 平均帧率: 28.12, 视频编解码器: h264, 音频编解码器: aac
分类: 💰央视付费, 名称: CETV1综合教育, 有效: 6, IPv4: 56, IPv6: 0, 最小延迟: 472 ms, 最高速率: 10.81 M/s, 平均速率: 5.82 M/s, 最高分辨率: 1920x1080, 平均帧率: 26.43, 视频编解码器: h264, 音频编解码器: aac
分类: 💰央视付费, 名称: CETV3教育服务, 有效: 0, IPv4: 7, IPv6: 0, 最小延迟: 411 ms, 最高速率: 6.43 M/s, 平均速率: 0.00 M/s, 最高分辨率: 720x576, 平均帧率: 25.00, 视频编解码器: h264, 音频编解码器: aac
分类: 📺央视频道, 名称: CCTV17农业农村, 有效: 7, IPv4: 48, IPv6: 0, 最小延迟: 47 ms, 最高速率: 111.34 M/s, 平均速率: 34.63 M/s, 最高分辨率: 1920x1080, 平均帧率: 26.11, 视频编解码器: h264, 音频编解码器: aac
分类: 💰央视付费, 名称: CETV4职业教育, 有效: 1, IPv4: 45, IPv6: 0, 最小延迟: 482 ms, 最高速率: 10.56 M/s, 平均速率: 0.21 M/s, 最高分辨率: 1280x720, 平均帧率: 25.00, 视频编解码器: h264, 音频编解码器: aac
分类: 💰央视付费, 名称: CETV早期教育, 有效: 0, IPv4: 6, IPv6: 0, 最小延迟: 410 ms, 最高速率: 6.29 M/s, 平均速率: 0.00 M/s, 最高分辨率: 720x576, 平均帧率: 25.00, 视频编解码器: h264, 音频编解码器: aac
分类: 💰央视付费, 名称: CCTV4欧洲, 有效: 0, IPv4: 8, IPv6: 0, 最小延迟: -1 ms, 最高速率: 0.00 M/s, 平均速率: 0.00 M/s, 最高分辨率: None, 平均帧率: 未知, 视频编解码器: 未知, 音频编解码器: 未知
分类: 💰央视付费, 名称: CCTV4美洲, 有效: 0, IPv4: 9, IPv6: 0, 最小延迟: -1 ms, 最高速率: 0.00 M/s, 平均速率: 0.00 M/s, 最高分辨率: None, 平均帧率: 未知, 视频编解码器: 未知, 音频编解码器: 未知
分类: 💰央视付费, 名称: CCTV8K, 有效: 1, IPv4: 2, IPv6: 0, 最小延迟: 1226 ms, 最高速率: 0.67 M/s, 平均速率: 0.67 M/s, 最高分辨率: 1920x1080, 平均帧率: 25.00, 视频编解码器: h264, 音频编解码器: aac
分类: 💰央视付费, 名称: CETV2空中课堂, 有效: 1, IPv4: 38, IPv6: 0, 最小延迟: 597 ms, 最高速率: 8.61 M/s, 平均速率: 0.22 M/s, 最高分辨率: 1280x720, 平均帧率: 25.00, 视频编解码器: h264, 音频编解码器: aac
分类: 💰央视付费, 名称: CCTV4K, 有效: 1, IPv4: 11, IPv6: 0, 最小延迟: 479 ms, 最高速率: 11.12 M/s, 平均速率: 11.12 M/s, 最高分辨率: 1920x1080, 平均帧率: 25.00, 视频编解码器: h264, 音频编解码器: aac
分类: 💰央视付费, 名称: 中学生, 有效: 1, IPv4: 43, IPv6: 0, 最小延迟: 1343 ms, 最高速率: 0.21 M/s, 平均速率: 0.21 M/s, 最高分辨率: 1280x720, 平均帧率: 25.00, 视频编解码器: h264, 音频编解码器: aac
分类: 💰央视付费, 名称: 新科动漫, 有效: 0, IPv4: 1, IPv6: 0, 最小延迟: -1 ms, 最高速率: 0.00 M/s, 平均速率: 0.00 M/s, 最高分辨率: None, 平均帧率: 未知, 视频编解码器: 未知, 音频编解码器: 未知
分类: 💰央视付费, 名称: CCTV文化精品, 有效: 5, IPv4: 13, IPv6: 0, 最小延迟: 42 ms, 最高速率: 124.71 M/s, 平均速率: 31.04 M/s, 最高分辨率: 1920x1080, 平均帧率: 26.00, 视频编解码器: h264, 音频编解码器: aac
分类: 💰央视付费, 名称: 老故事, 有效: 2, IPv4: 48, IPv6: 0, 最小延迟: 236 ms, 最高速率: 4.40 M/s, 平均速率: 1.56 M/s, 最高分辨率: 1280x720, 平均帧率: 25.00, 视频编解码器: h264, 音频编解码器: aac
分类: 💰央视付费, 名称: CCTV央视台球, 有效: 3, IPv4: 4, IPv6: 0, 最小延迟: 441 ms, 最高速率: 8.85 M/s, 平均速率: 8.77 M/s, 最高分辨率: 1920x1080, 平均帧率: 25.00, 视频编解码器: h264, 音频编解码器: aac
分类: 💰央视付费, 名称: CCTV高尔夫网球, 有效: 1, IPv4: 7, IPv6: 0, 最小延迟: 1024 ms, 最高速率: 0.75 M/s, 平均速率: 0.75 M/s, 最高分辨率: 1920x1080, 平均帧率: 25.00, 视频编解码器: h264, 音频编解码器: aac
分类: 💰央视付费, 名称: CCTV风云音乐, 有效: 4, IPv4: 15, IPv6: 0, 最小延迟: 44 ms, 最高速率: 117.68 M/s, 平均速率: 60.52 M/s, 最高分辨率: 1920x1080, 平均帧率: 27.50, 视频编解码器: h264, 音频编解码器: aac
分类: 💰央视付费, 名称: CCTV风云剧场, 有效: 4, IPv4: 13, IPv6: 0, 最小延迟: 48 ms, 最高速率: 106.77 M/s, 平均速率: 32.33 M/s, 最高分辨率: 1920x1080, 平均帧率: 26.25, 视频编解码器: h264, 音频编解码器: aac
分类: 💰央视付费, 名称: 发现之旅, 有效: 1, IPv4: 50, IPv6: 0, 最小延迟: 334 ms, 最高速率: 3.40 M/s, 平均速率: 0.21 M/s, 最高分辨率: 1280x720, 平均帧率: 25.00, 视频编解码器: h264, 音频编解码器: aac
分类: 💰央视付费, 名称: CCTV第一剧场, 有效: 5, IPv4: 29, IPv6: 0, 最小延迟: 43 ms, 最高速率: 120.11 M/s, 平均速率: 49.34 M/s, 最高分辨率: 1920x1080, 平均帧率: 30.00, 视频编解码器: h264, 音频编解码器: aac
分类: 💰央视付费, 名称: CCTV卫生健康, 有效: 2, IPv4: 4, IPv6: 0, 最小延迟: 486 ms, 最高速率: 8.22 M/s, 平均速率: 8.20 M/s, 最高分辨率: 1920x1080, 平均帧率: 25.00, 视频编解码器: h264, 音频编解码器: aac
分类: 💰央视付费, 名称: CCTV兵器科技, 有效: 4, IPv4: 13, IPv6: 0, 最小延迟: 37 ms, 最高速率: 125.79 M/s, 平均速率: 65.98 M/s, 最高分辨率: 1920x1080, 平均帧率: 27.50, 视频编解码器: h264, 音频编解码器: aac
分类: 💰央视付费, 名称: CCTV风云足球, 有效: 3, IPv4: 10, IPv6: 0, 最小延迟: 393 ms, 最高速率: 9.57 M/s, 平均速率: 7.30 M/s, 最高分辨率: 1920x1080, 平均帧率: 42.00, 视频编解码器: h264, 音频编解码器: aac
分类: 💰央视付费, 名称: 中国天气, 有效: 1, IPv4: 29, IPv6: 0, 最小延迟: 1211 ms, 最高速率: 0.23 M/s, 平均速率: 0.23 M/s, 最高分辨率: 1280x720, 平均帧率: 25.00, 视频编解码器: h264, 音频编解码器: aac
分类: 💰央视付费, 名称: CCTV怀旧剧场, 有效: 3, IPv4: 19, IPv6: 0, 最小延迟: 42 ms, 最高速率: 128.87 M/s, 平均速率: 47.72 M/s, 最高分辨率: 1920x1080, 平均帧率: 26.25, 视频编解码器: h264, 音频编解码器: aac
分类: 💰央视付费, 名称: 中国交通, 有效: 0, IPv4: 11, IPv6: 0, 最小延迟: -1 ms, 最高速率: 0.00 M/s, 平均速率: 0.00 M/s, 最高分辨率: None, 平均帧率: 未知, 视频编解码器: 未知, 音频编解码器: 未知
分类: 💰央视付费, 名称: CCTV电视指南, 有效: 2, IPv4: 11, IPv6: 0, 最小延迟: 457 ms, 最高速率: 10.64 M/s, 平均速率: 6.35 M/s, 最高分辨率: 1920x1080, 平均帧率: 25.00, 视频编解码器: h264, 音频编解码器: aac
分类: 💰央视付费, 名称: CCTV世界地理, 有效: 3, IPv4: 11, IPv6: 0, 最小延迟: 270 ms, 最高速率: 8.61 M/s, 平均速率: 6.30 M/s, 最高分辨率: 1920x1080, 平均帧率: 31.25, 视频编解码器: h264, 音频编解码器: aac
分类: 💰央视付费, 名称: CCTV女性时尚, 有效: 3, IPv4: 14, IPv6: 0, 最小延迟: 479 ms, 最高速率: 8.31 M/s, 平均速率: 5.56 M/s, 最高分辨率: 1920x1080, 平均帧率: 33.33, 视频编解码器: h264, 音频编解码器: aac
分类: 💰央视付费, 名称: CGTN新闻, 有效: 0, IPv4: 1, IPv6: 0, 最小延迟: -1 ms, 最高速率: 0.00 M/s, 平均速率: 0.00 M/s, 最高分辨率: None, 平均帧率: 未知, 视频编解码器: 未知, 音频编解码器: 未知
分类: 💰央视付费, 名称: CGTN纪录, 有效: 2, IPv4: 42, IPv6: 0, 最小延迟: 550 ms, 最高速率: 10.37 M/s, 平均速率: 8.12 M/s, 最高分辨率: 1920x1080, 平均帧率: 25.00, 视频编解码器: h264, 音频编解码器: aac
分类: 💰央视付费, 名称: CGTN英语, 有效: 3, IPv4: 67, IPv6: 0, 最小延迟: 453 ms, 最高速率: 10.34 M/s, 平均速率: 5.36 M/s, 最高分辨率: 1920x1080, 平均帧率: 27.00, 视频编解码器: h264, 音频编解码器: aac
分类: 💰央视付费, 名称: CGTN俄语, 有效: 0, IPv4: 40, IPv6: 0, 最小延迟: 1109 ms, 最高速率: 0.23 M/s, 平均速率: 0.00 M/s, 最高分辨率: 854x480, 平均帧率: 25.00, 视频编解码器: h264, 音频编解码器: aac
分类: 💰央视付费, 名称: CGTN法语, 有效: 2, IPv4: 43, IPv6: 0, 最小延迟: 29 ms, 最高速率: 116.71 M/s, 平均速率: 59.89 M/s, 最高分辨率: 1920x1080, 平均帧率: 25.00, 视频编解码器: h264, 音频编解码器: aac
分类: 📡卫视频道, 名称: 香港卫视, 有效: 1, IPv4: 6, IPv6: 0, 最小延迟: 9782 ms, 最高速率: 0.50 M/s, 平均速率: 0.50 M/s, 最高分辨率: 1280x720, 平均帧率: 25.00, 视频编解码器: h264, 音频编解码器: aac
分类: 💰央视付费, 名称: CGTN西语, 有效: 1, IPv4: 17, IPv6: 0, 最小延迟: 41 ms, 最高速率: 87.08 M/s, 平均速率: 87.08 M/s, 最高分辨率: 1920x1080, 平均帧率: 25.00, 视频编解码器: h264, 音频编解码器: aac
分类: 💰央视付费, 名称: CGTN阿语, 有效: 1, IPv4: 18, IPv6: 0, 最小延迟: 2427 ms, 最高速率: 1.89 M/s, 平均速率: 1.89 M/s, 最高分辨率: 1920x1080, 平均帧率: 25.00, 视频编解码器: h264, 音频编解码器: aac
分类: 📡卫视频道, 名称: 广东卫视, 有效: 8, IPv4: 68, IPv6: 0, 最小延迟: 6 ms, 最高速率: 97.68 M/s, 平均速率: 17.55 M/s, 最高分辨率: 1920x1080, 平均帧率: 27.50, 视频编解码器: h264, 音频编解码器: aac
分类: 📡卫视频道, 名称: 大湾区卫视, 有效: 5, IPv4: 18, IPv6: 0, 最小延迟: 488 ms, 最高速率: 9.93 M/s, 平均速率: 9.26 M/s, 最高分辨率: 1920x1080, 平均帧率: 25.00, 视频编解码器: h264, 音频编解码器: aac
分类: 📡卫视频道, 名称: 深圳卫视, 有效: 7, IPv4: 64, IPv6: 0, 最小延迟: 6 ms, 最高速率: 14.67 M/s, 平均速率: 3.88 M/s, 最高分辨率: 1920x1080, 平均帧率: 30.50, 视频编解码器: h264, 音频编解码器: aac
分类: 📡卫视频道, 名称: 湖南卫视, 有效: 10, IPv4: 64, IPv6: 0, 最小延迟: 73 ms, 最高速率: 23.20 M/s, 平均速率: 6.61 M/s, 最高分辨率: 3840x2160, 平均帧率: 26.67, 视频编解码器: h264, 音频编解码器: aac
分类: 📡卫视频道, 名称: 浙江卫视, 有效: 6, IPv4: 66, IPv6: 0, 最小延迟: 6 ms, 最高速率: 14.23 M/s, 平均速率: 7.79 M/s, 最高分辨率: 1920x1080, 平均帧率: 27.08, 视频编解码器: h264, 音频编解码器: aac
分类: 📡卫视频道, 名称: 江苏卫视, 有效: 9, IPv4: 74, IPv6: 0, 最小延迟: 8 ms, 最高速率: 251.08 M/s, 平均速率: 58.56 M/s, 最高分辨率: 1920x1080, 平均帧率: 27.08, 视频编解码器: h264, 音频编解码器: aac
分类: 📡卫视频道, 名称: 广西卫视, 有效: 4, IPv4: 42, IPv6: 0, 最小延迟: 464 ms, 最高速率: 8.70 M/s, 平均速率: 4.77 M/s, 最高分辨率: 1920x1080, 平均帧率: 25.00, 视频编解码器: h264, 音频编解码器: aac
分类: 📡卫视频道, 名称: 海峡卫视, 有效: 3, IPv4: 43, IPv6: 0, 最小延迟: 3512 ms, 最高速率: 0.63 M/s, 平均速率: 0.61 M/s, 最高分辨率: 1920x1080, 平均帧率: 29.97, 视频编解码器: h264, 音频编解码器: aac
分类: 📡卫视频道, 名称: 厦门卫视, 有效: 1, IPv4: 13, IPv6: 0, 最小延迟: 323 ms, 最高速率: 10.76 M/s, 平均速率: 2.52 M/s, 最高分辨率: 1280x720, 平均帧率: 25.00, 视频编解码器: h264, 音频编解码器: aac
分类: 📡卫视频道, 名称: 东南卫视, 有效: 4, IPv4: 43, IPv6: 0, 最小延迟: 7 ms, 最高速率: 12.96 M/s, 平均速率: 5.02 M/s, 最高分辨率: 1920x1080, 平均帧率: 29.17, 视频编解码器: h264, 音频编解码器: aac
分类: 📡卫视频道, 名称: 北京卫视, 有效: 8, IPv4: 65, IPv6: 0, 最小延迟: 7 ms, 最高速率: 15.31 M/s, 平均速率: 4.86 M/s, 最高分辨率: 1920x1080, 平均帧率: 27.78, 视频编解码器: h264, 音频编解码器: aac
分类: 📡卫视频道, 名称: 天津卫视, 有效: 5, IPv4: 55, IPv6: 0, 最小延迟: 6 ms, 最高速率: 15.07 M/s, 平均速率: 5.69 M/s, 最高分辨率: 1920x1080, 平均帧率: 33.33, 视频编解码器: h264, 音频编解码器: aac
分类: 📡卫视频道, 名称: 东方卫视, 有效: 8, IPv4: 59, IPv6: 0, 最小延迟: 6 ms, 最高速率: 14.55 M/s, 平均速率: 7.50 M/s, 最高分辨率: 1920x1080, 平均帧率: 27.27, 视频编解码器: h264, 音频编解码器: aac
分类: 📡卫视频道, 名称: 黑龙江卫视, 有效: 5, IPv4: 51, IPv6: 0, 最小延迟: 8 ms, 最高速率: 11.27 M/s, 平均速率: 4.65 M/s, 最高分辨率: 1920x1080, 平均帧率: 31.25, 视频编解码器: h264, 音频编解码器: aac
分类: 📡卫视频道, 名称: 辽宁卫视, 有效: 5, IPv4: 64, IPv6: 0, 最小延迟: 6 ms, 最高速率: 13.23 M/s, 平均速率: 9.01 M/s, 最高分辨率: 1920x1080, 平均帧率: 25.00, 视频编解码器: h264, 音频编解码器: aac
分类: 📡卫视频道, 名称: 吉林卫视, 有效: 4, IPv4: 45, IPv6: 0, 最小延迟: 6 ms, 最高速率: 15.22 M/s, 平均速率: 4.76 M/s, 最高分辨率: 1920x1080, 平均帧率: 34.38, 视频编解码器: h264, 音频编解码器: aac
分类: 📡卫视频道, 名称: 湖北卫视, 有效: 7, IPv4: 57, IPv6: 0, 最小延迟: 7 ms, 最高速率: 13.60 M/s, 平均速率: 2.95 M/s, 最高分辨率: 1920x1080, 平均帧率: 30.00, 视频编解码器: h264, 音频编解码器: aac
分类: 📡卫视频道, 名称: 山东卫视, 有效: 7, IPv4: 52, IPv6: 0, 最小延迟: 7 ms, 最高速率: 13.83 M/s, 平均速率: 4.13 M/s, 最高分辨率: 1920x1080, 平均帧率: 30.56, 视频编解码器: h264, 音频编解码器: aac
分类: 📡卫视频道, 名称: 安徽卫视, 有效: 8, IPv4: 50, IPv6: 0, 最小延迟: 7 ms, 最高速率: 12.82 M/s, 平均速率: 3.76 M/s, 最高分辨率: 1920x1080, 平均帧率: 33.33, 视频编解码器: h264, 音频编解码器: aac
分类: 📡卫视频道, 名称: 河北卫视, 有效: 4, IPv4: 42, IPv6: 0, 最小延迟: 6 ms, 最高速率: 13.85 M/s, 平均速率: 2.68 M/s, 最高分辨率: 1920x1080, 平均帧率: 29.17, 视频编解码器: h264, 音频编解码器: aac
分类: 📡卫视频道, 名称: 河南卫视, 有效: 4, IPv4: 64, IPv6: 0, 最小延迟: 7 ms, 最高速率: 13.08 M/s, 平均速率: 5.34 M/s, 最高分辨率: 1920x1080, 平均帧率: 31.25, 视频编解码器: h264, 音频编解码器: aac
分类: 📡卫视频道, 名称: 贵州卫视, 有效: 5, IPv4: 52, IPv6: 0, 最小延迟: 47 ms, 最高速率: 97.61 M/s, 平均速率: 25.93 M/s, 最高分辨率: 1920x1080, 平均帧率: 31.67, 视频编解码器: h264, 音频编解码器: aac
分类: 📡卫视频道, 名称: 重庆卫视, 有效: 3, IPv4: 54, IPv6: 0, 最小延迟: 8 ms, 最高速率: 12.50 M/s, 平均速率: 6.05 M/s, 最高分辨率: 1920x1080, 平均帧率: 25.00, 视频编解码器: h264, 音频编解码器: aac
分类: 📡卫视频道, 名称: 四川卫视, 有效: 7, IPv4: 52, IPv6: 0, 最小延迟: 8 ms, 最高速率: 106.95 M/s, 平均速率: 35.60 M/s, 最高分辨率: 1920x1080, 平均帧率: 28.89, 视频编解码器: h264, 音频编解码器: aac
分类: 📡卫视频道, 名称: 江西卫视, 有效: 8, IPv4: 66, IPv6: 0, 最小延迟: 7 ms, 最高速率: 117.14 M/s, 平均速率: 19.57 M/s, 最高分辨率: 1920x1080, 平均帧率: 30.50, 视频编解码器: h264, 音频编解码器: aac
分类: 📡卫视频道, 名称: 延边卫视, 有效: 2, IPv4: 12, IPv6: 0, 最小延迟: 8 ms, 最高速率: 12.23 M/s, 平均速率: 4.53 M/s, 最高分辨率: 1920x1080, 平均帧率: 31.25, 视频编解码器: h264, 音频编解码器: aac
分类: 📡卫视频道, 名称: 云南卫视, 有效: 4, IPv4: 43, IPv6: 0, 最小延迟: 7 ms, 最高速率: 13.67 M/s, 平均速率: 7.31 M/s, 最高分辨率: 1920x1080, 平均帧率: 28.57, 视频编解码器: h264, 音频编解码器: aac
分类: 📡卫视频道, 名称: 新疆卫视, 有效: 5, IPv4: 40, IPv6: 0, 最小延迟: 7 ms, 最高速率: 108.35 M/s, 平均速率: 29.18 M/s, 最高分辨率: 1920x1080, 平均帧率: 25.56, 视频编解码器: h264, 音频编解码器: aac
分类: 📡卫视频道, 名称: 青海卫视, 有效: 2, IPv4: 40, IPv6: 0, 最小延迟: 454 ms, 最高速率: 9.64 M/s, 平均速率: 9.01 M/s, 最高分辨率: 1920x1080, 平均帧率: 28.57, 视频编解码器: h264, 音频编解码器: aac
分类: 📡卫视频道, 名称: 内蒙古卫视, 有效: 5, IPv4: 38, IPv6: 0, 最小延迟: 7 ms, 最高速率: 121.61 M/s, 平均速率: 47.08 M/s, 最高分辨率: 1920x1080, 平均帧率: 26.25, 视频编解码器: h264, 音频编解码器: aac
分类: 📡卫视频道, 名称: 宁夏卫视, 有效: 7, IPv4: 46, IPv6: 0, 最小延迟: 7 ms, 最高速率: 86.00 M/s, 平均速率: 35.10 M/s, 最高分辨率: 1920x1080, 平均帧率: 26.50, 视频编解码器: h264, 音频编解码器: aac
分类: 📡卫视频道, 名称: 甘肃卫视, 有效: 2, IPv4: 31, IPv6: 0, 最小延迟: 8 ms, 最高速率: 12.93 M/s, 平均速率: 9.62 M/s, 最高分辨率: 1920x1080, 平均帧率: 32.14, 视频编解码器: h264, 音频编解码器: mp2
分类: 📡卫视频道, 名称: 陕西卫视, 有效: 4, IPv4: 49, IPv6: 0, 最小延迟: 7 ms, 最高速率: 61.65 M/s, 平均速率: 22.18 M/s, 最高分辨率: 1920x1080, 平均帧率: 25.50, 视频编解码器: h264, 音频编解码器: aac
分类: 📡卫视频道, 名称: 山西卫视, 有效: 7, IPv4: 41, IPv6: 0, 最小延迟: 8 ms, 最高速率: 105.87 M/s, 平均速率: 30.06 M/s, 最高分辨率: 1920x1080, 平均帧率: 28.18, 视频编解码器: h264, 音频编解码器: aac
分类: 📡卫视频道, 名称: 农林卫视, 有效: 1, IPv4: 38, IPv6: 0, 最小延迟: 1169 ms, 最高速率: 0.65 M/s, 平均速率: 0.25 M/s, 最高分辨率: 1280x720, 平均帧率: 25.00, 视频编解码器: mpeg2video, 音频编解码器: mp2
分类: 📡卫视频道, 名称: 兵团卫视, 有效: 0, IPv4: 26, IPv6: 0, 最小延迟: 500 ms, 最高速率: 10.68 M/s, 平均速率: 0.00 M/s, 最高分辨率: 720x576, 平均帧率: 37.50, 视频编解码器: h264, 音频编解码器: aac
分类: 📡卫视频道, 名称: 西藏卫视, 有效: 4, IPv4: 34, IPv6: 0, 最小延迟: 6 ms, 最高速率: 74.30 M/s, 平均速率: 21.72 M/s, 最高分辨率: 1920x1080, 平均帧率: 27.49, 视频编解码器: h264, 音频编解码器: aac
分类: 📡卫视频道, 名称: 安多卫视, 有效: 0, IPv4: 1, IPv6: 0, 最小延迟: -1 ms, 最高速率: 0.00 M/s, 平均速率: 0.00 M/s, 最高分辨率: None, 平均帧率: 未知, 视频编解码器: 未知, 音频编解码器: 未知
分类: 📡卫视频道, 名称: 三沙卫视, 有效: 1, IPv4: 26, IPv6: 0, 最小延迟: 435 ms, 最高速率: 7.54 M/s, 平均速率: 0.26 M/s, 最高分辨率: 1280x720, 平均帧率: 25.00, 视频编解码器: h264, 音频编解码器: mp2
分类: 📡卫视频道, 名称: 康巴卫视, 有效: 0, IPv4: 5, IPv6: 0, 最小延迟: -1 ms, 最高速率: 0.00 M/s, 平均速率: 0.00 M/s, 最高分辨率: None, 平均帧率: 未知, 视频编解码器: 未知, 音频编解码器: 未知
分类: 📡卫视频道, 名称: 海南卫视, 有效: 2, IPv4: 36, IPv6: 0, 最小延迟: 6 ms, 最高速率: 14.72 M/s, 平均速率: 0.58 M/s, 最高分辨率: 1920x1080, 平均帧率: 30.00, 视频编解码器: h264, 音频编解码器: aac
分类: 🐤广东频道, 名称: 广东公共, 有效: 0, IPv4: 18, IPv6: 0, 最小延迟: 4189 ms, 最高速率: 0.19 M/s, 平均速率: 0.00 M/s, 最高分辨率: 1280x720, 平均帧率: 40.00, 视频编解码器: h264, 音频编解码器: aac
分类: 🐤广东频道, 名称: 广东珠江, 有效: 6, IPv4: 19, IPv6: 0, 最小延迟: 413 ms, 最高速率: 7.82 M/s, 平均速率: 6.50 M/s, 最高分辨率: 1920x1080, 平均帧率: 25.00, 视频编解码器: h264, 音频编解码器: aac
分类: 🐤广东频道, 名称: 广东新闻, 有效: 4, IPv4: 15, IPv6: 0, 最小延迟: 377 ms, 最高速率: 4.67 M/s, 平均速率: 4.58 M/s, 最高分辨率: 1280x720, 平均帧率: 29.17, 视频编解码器: h264, 音频编解码器: aac
分类: 🐤广东频道, 名称: 广东体育, 有效: 3, IPv4: 22, IPv6: 0, 最小延迟: 407 ms, 最高速率: 7.40 M/s, 平均速率: 7.29 M/s, 最高分辨率: 1280x720, 平均帧率: 25.00, 视频编解码器: h264, 音频编解码器: aac
分类: 🐤广东频道, 名称: 广东综艺, 有效: 0, IPv4: 3, IPv6: 0, 最小延迟: -1 ms, 最高速率: 0.00 M/s, 平均速率: 0.00 M/s, 最高分辨率: None, 平均帧率: 未知, 视频编解码器: 未知, 音频编解码器: 未知
分类: 🐤广东频道, 名称: 广东科教, 有效: 1, IPv4: 14, IPv6: 0, 最小延迟: 430 ms, 最高速率: 5.07 M/s, 平均速率: 5.07 M/s, 最高分辨率: 1280x720, 平均帧率: 25.00, 视频编解码器: h264, 音频编解码器: aac
分类: 🐤广东频道, 名称: 广东少儿, 有效: 3, IPv4: 29, IPv6: 0, 最小延迟: 107 ms, 最高速率: 9.20 M/s, 平均速率: 5.08 M/s, 最高分辨率: 1280x720, 平均帧率: 25.00, 视频编解码器: h264, 音频编解码器: aac
分类: 🐤广东频道, 名称: 广东民生, 有效: 1, IPv4: 10, IPv6: 0, 最小延迟: 315 ms, 最高速率: 2.62 M/s, 平均速率: 2.62 M/s, 最高分辨率: 1280x720, 平均帧率: 25.00, 视频编解码器: h264, 音频编解码器: aac
分类: 🐤广东频道, 名称: 广东岭南戏曲, 有效: 0, IPv4: 18, IPv6: 0, 最小延迟: 292 ms, 最高速率: 2.22 M/s, 平均速率: 0.00 M/s, 最高分辨率: 960x540, 平均帧率: 25.00, 视频编解码器: h264, 音频编解码器: aac
分类: 🐤广东频道, 名称: 广东移动, 有效: 3, IPv4: 7, IPv6: 0, 最小延迟: 412 ms, 最高速率: 6.41 M/s, 平均速率: 6.35 M/s, 最高分辨率: 1280x720, 平均帧率: 25.00, 视频编解码器: h264, 音频编解码器: aac
分类: 🐤广东频道, 名称: 广东4K, 有效: 0, IPv4: 3, IPv6: 0, 最小延迟: -1 ms, 最高速率: 0.00 M/s, 平均速率: 0.00 M/s, 最高分辨率: None, 平均帧率: 未知, 视频编解码器: 未知, 音频编解码器: 未知
分类: 🐤广东频道, 名称: 广东嘉佳卡通, 有效: 0, IPv4: 19, IPv6: 0, 最小延迟: 480 ms, 最高速率: 10.71 M/s, 平均速率: 0.00 M/s, 最高分辨率: 720x576, 平均帧率: 25.00, 视频编解码器: h264, 音频编解码器: aac
分类: 🐤广东频道, 名称: 广东现代教育, 有效: 0, IPv4: 1, IPv6: 0, 最小延迟: -1 ms, 最高速率: 0.00 M/s, 平均速率: 0.00 M/s, 最高分辨率: None, 平均帧率: 未知, 视频编解码器: 未知, 音频编解码器: 未知
分类: 🐤广东频道, 名称: 广东南方购物, 有效: 0, IPv4: 1, IPv6: 0, 最小延迟: -1 ms, 最高速率: 0.00 M/s, 平均速率: 0.00 M/s, 最高分辨率: None, 平均帧率: 未知, 视频编解码器: 未知, 音频编解码器: 未知
分类: 🐤广东频道, 名称: 广东影视, 有效: 1, IPv4: 26, IPv6: 0, 最小延迟: 106 ms, 最高速率: 4.11 M/s, 平均速率: 4.11 M/s, 最高分辨率: 1280x720, 平均帧率: 25.00, 视频编解码器: h264, 音频编解码器: aac
分类: 🐤广东频道, 名称: 广州综合, 有效: 7, IPv4: 14, IPv6: 0, 最小延迟: 1372 ms, 最高速率: 0.30 M/s, 平均速率: 0.25 M/s, 最高分辨率: 1280x720, 平均帧率: 25.00, 视频编解码器: h264, 音频编解码器: aac
分类: 🐤广东频道, 名称: 广州影视, 有效: 0, IPv4: 1, IPv6: 0, 最小延迟: -1 ms, 最高速率: 0.00 M/s, 平均速率: 0.00 M/s, 最高分辨率: None, 平均帧率: 未知, 视频编解码器: 未知, 音频编解码器: 未知
分类: 🐤广东频道, 名称: 广州法治, 有效: 0, IPv4: 10, IPv6: 0, 最小延迟: -1 ms, 最高速率: 0.00 M/s, 平均速率: 0.00 M/s, 最高分辨率: None, 平均帧率: 未知, 视频编解码器: 未知, 音频编解码器: 未知
分类: 🐤广东频道, 名称: 广州新闻, 有效: 5, IPv4: 10, IPv6: 0, 最小延迟: 1217 ms, 最高速率: 0.42 M/s, 平均速率: 0.38 M/s, 最高分辨率: 1280x720, 平均帧率: 25.00, 视频编解码器: h264, 音频编解码器: aac
分类: 🐤广东频道, 名称: 深圳娱乐, 有效: 0, IPv4: 2, IPv6: 0, 最小延迟: -1 ms, 最高速率: 0.00 M/s, 平均速率: 0.00 M/s, 最高分辨率: None, 平均帧率: 未知, 视频编解码器: 未知, 音频编解码器: 未知
分类: 🐤广东频道, 名称: 广州南国都市, 有效: 5, IPv4: 9, IPv6: 0, 最小延迟: 2201 ms, 最高速率: 0.60 M/s, 平均速率: 0.55 M/s, 最高分辨率: 1920x1080, 平均帧率: 50.00, 视频编解码器: h264, 音频编解码器: aac
分类: 🐤广东频道, 名称: 深圳体育, 有效: 0, IPv4: 4, IPv6: 0, 最小延迟: -1 ms, 最高速率: 0.00 M/s, 平均速率: 0.00 M/s, 最高分辨率: None, 平均帧率: 未知, 视频编解码器: 未知, 音频编解码器: 未知
分类: 🐤广东频道, 名称: 深圳国际, 有效: 1, IPv4: 4, IPv6: 0, 最小延迟: 3249 ms, 最高速率: 0.55 M/s, 平均速率: 0.55 M/s, 最高分辨率: 1920x1080, 平均帧率: 29.97, 视频编解码器: h264, 音频编解码器: aac
分类: 🐤广东频道, 名称: 深圳宝安, 有效: 0, IPv4: 3, IPv6: 0, 最小延迟: -1 ms, 最高速率: 0.00 M/s, 平均速率: 0.00 M/s, 最高分辨率: None, 平均帧率: 未知, 视频编解码器: 未知, 音频编解码器: 未知
分类: 🐤广东频道, 名称: 深圳财经, 有效: 0, IPv4: 2, IPv6: 0, 最小延迟: 6003 ms, 最高速率: 0.08 M/s, 平均速率: 0.00 M/s, 最高分辨率: 1280x720, 平均帧率: 25.00, 视频编解码器: h264, 音频编解码器: aac
分类: 🐤广东频道, 名称: 深圳少儿, 有效: 0, IPv4: 2, IPv6: 0, 最小延迟: 5755 ms, 最高速率: 0.08 M/s, 平均速率: 0.00 M/s, 最高分辨率: 1280x720, 平均帧率: 25.00, 视频编解码器: h264, 音频编解码器: aac
分类: 🐤广东频道, 名称: 深圳移动电视, 有效: 0, IPv4: 4, IPv6: 0, 最小延迟: -1 ms, 最高速率: 0.00 M/s, 平均速率: 0.00 M/s, 最高分辨率: None, 平均帧率: 未知, 视频编解码器: 未知, 音频编解码器: 未知
分类: 🐤广东频道, 名称: 深圳都市, 有效: 0, IPv4: 12, IPv6: 0, 最小延迟: 160 ms, 最高速率: 0.08 M/s, 平均速率: 0.00 M/s, 最高分辨率: 1920x1080, 平均帧率: 37.50, 视频编解码器: h264, 音频编解码器: aac
分类: 🐤广东频道, 名称: 揭阳公共, 有效: 0, IPv4: 3, IPv6: 0, 最小延迟: -1 ms, 最高速率: 0.00 M/s, 平均速率: 0.00 M/s, 最高分辨率: None, 平均帧率: 未知, 视频编解码器: 未知, 音频编解码器: 未知
分类: 🐤广东频道, 名称: 深圳电视剧, 有效: 0, IPv4: 10, IPv6: 0, 最小延迟: 6582 ms, 最高速率: 0.06 M/s, 平均速率: 0.00 M/s, 最高分辨率: 1920x1080, 平均帧率: 37.50, 视频编解码器: h264, 音频编解码器: aac
分类: 🐤广东频道, 名称: 潮州公共, 有效: 0, IPv4: 2, IPv6: 0, 最小延迟: -1 ms, 最高速率: 0.00 M/s, 平均速率: 0.00 M/s, 最高分辨率: None, 平均帧率: 未知, 视频编解码器: 未知, 音频编解码器: 未知
分类: 🐤广东频道, 名称: 揭阳生活, 有效: 0, IPv4: 5, IPv6: 0, 最小延迟: 1130 ms, 最高速率: 0.17 M/s, 平均速率: 0.00 M/s, 最高分辨率: 1280x720, 平均帧率: 25.00, 视频编解码器: h264, 音频编解码器: aac
分类: 🐤广东频道, 名称: 汕头经济, 有效: 0, IPv4: 3, IPv6: 0, 最小延迟: 10099 ms, 最高速率: 0.34 M/s, 平均速率: 0.00 M/s, 最高分辨率: 1920x1080, 平均帧率: 25.00, 视频编解码器: h264, 音频编解码器: mp2
分类: 🐤广东频道, 名称: 汕头综合, 有效: 0, IPv4: 3, IPv6: 0, 最小延迟: 10703 ms, 最高速率: 0.34 M/s, 平均速率: 0.00 M/s, 最高分辨率: 1920x1080, 平均帧率: 25.00, 视频编解码器: h264, 音频编解码器: mp2
分类: 🐤广东频道, 名称: 深圳龙岗, 有效: 1, IPv4: 5, IPv6: 0, 最小延迟: 584 ms, 最高速率: 0.96 M/s, 平均速率: 0.96 M/s, 最高分辨率: 1920x1080, 平均帧率: 25.00, 视频编解码器: h264, 音频编解码器: mp2
分类: 🐤广东频道, 名称: 佛山城市生活, 有效: 0, IPv4: 1, IPv6: 0, 最小延迟: -1 ms, 最高速率: 0.00 M/s, 平均速率: 0.00 M/s, 最高分辨率: None, 平均帧率: 未知, 视频编解码器: 未知, 音频编解码器: 未知
分类: 🐤广东频道, 名称: 佛山综合, 有效: 0, IPv4: 2, IPv6: 0, 最小延迟: -1 ms, 最高速率: 0.00 M/s, 平均速率: 0.00 M/s, 最高分辨率: None, 平均帧率: 未知, 视频编解码器: 未知, 音频编解码器: 未知
分类: 🐤广东频道, 名称: 汕尾新闻综合, 有效: 0, IPv4: 1, IPv6: 0, 最小延迟: -1 ms, 最高速率: 0.00 M/s, 平均速率: 0.00 M/s, 最高分辨率: None, 平均帧率: 未知, 视频编解码器: 未知, 音频编解码器: 未知
分类: 🐤广东频道, 名称: 汕尾文化生活, 有效: 0, IPv4: 1, IPv6: 0, 最小延迟: -1 ms, 最高速率: 0.00 M/s, 平均速率: 0.00 M/s, 最高分辨率: None, 平均帧率: 未知, 视频编解码器: 未知, 音频编解码器: 未知
分类: 🐤广东频道, 名称: 河源综合, 有效: 0, IPv4: 3, IPv6: 0, 最小延迟: -1 ms, 最高速率: 0.00 M/s, 平均速率: 0.00 M/s, 最高分辨率: None, 平均帧率: 未知, 视频编解码器: 未知, 音频编解码器: 未知
分类: 🐤广东频道, 名称: 揭阳综合, 有效: 1, IPv4: 6, IPv6: 0, 最小延迟: 590 ms, 最高速率: 1.00 M/s, 平均速率: 1.00 M/s, 最高分辨率: 1920x1080, 平均帧率: 25.00, 视频编解码器: h264, 音频编解码器: mp2
分类: 🐤广东频道, 名称: 河源生活, 有效: 0, IPv4: 1, IPv6: 0, 最小延迟: -1 ms, 最高速率: 0.00 M/s, 平均速率: 0.00 M/s, 最高分辨率: None, 平均帧率: 未知, 视频编解码器: 未知, 音频编解码器: 未知
分类: 🐤广东频道, 名称: 惠州1, 有效: 0, IPv4: 1, IPv6: 0, 最小延迟: -1 ms, 最高速率: 0.00 M/s, 平均速率: 0.00 M/s, 最高分辨率: None, 平均帧率: 未知, 视频编解码器: 未知, 音频编解码器: 未知
分类: 🐤广东频道, 名称: 惠州2, 有效: 0, IPv4: 1, IPv6: 0, 最小延迟: -1 ms, 最高速率: 0.00 M/s, 平均速率: 0.00 M/s, 最高分辨率: None, 平均帧率: 未知, 视频编解码器: 未知, 音频编解码器: 未知
分类: 🐤广东频道, 名称: 梅州综合, 有效: 0, IPv4: 2, IPv6: 0, 最小延迟: -1 ms, 最高速率: 0.00 M/s, 平均速率: 0.00 M/s, 最高分辨率: None, 平均帧率: 未知, 视频编解码器: 未知, 音频编解码器: 未知
分类: 🐤广东频道, 名称: 梅州客家生活, 有效: 0, IPv4: 1, IPv6: 0, 最小延迟: -1 ms, 最高速率: 0.00 M/s, 平均速率: 0.00 M/s, 最高分辨率: None, 平均帧率: 未知, 视频编解码器: 未知, 音频编解码器: 未知
分类: 🐤广东频道, 名称: 中山香山文化, 有效: 0, IPv4: 1, IPv6: 0, 最小延迟: -1 ms, 最高速率: 0.00 M/s, 平均速率: 0.00 M/s, 最高分辨率: None, 平均帧率: 未知, 视频编解码器: 未知, 音频编解码器: 未知
分类: 🐤广东频道, 名称: 江门综合, 有效: 0, IPv4: 1, IPv6: 0, 最小延迟: -1 ms, 最高速率: 0.00 M/s, 平均速率: 0.00 M/s, 最高分辨率: None, 平均帧率: 未知, 视频编解码器: 未知, 音频编解码器: 未知
分类: 🐤广东频道, 名称: 云浮综合, 有效: 0, IPv4: 1, IPv6: 0, 最小延迟: -1 ms, 最高速率: 0.00 M/s, 平均速率: 0.00 M/s, 最高分辨率: None, 平均帧率: 未知, 视频编解码器: 未知, 音频编解码器: 未知
分类: 🐤广东频道, 名称: 清远综合, 有效: 0, IPv4: 1, IPv6: 0, 最小延迟: -1 ms, 最高速率: 0.00 M/s, 平均速率: 0.00 M/s, 最高分辨率: None, 平均帧率: 未知, 视频编解码器: 未知, 音频编解码器: 未知
分类: 🐤广东频道, 名称: 云浮文旅, 有效: 0, IPv4: 2, IPv6: 0, 最小延迟: -1 ms, 最高速率: 0.00 M/s, 平均速率: 0.00 M/s, 最高分辨率: None, 平均帧率: 未知, 视频编解码器: 未知, 音频编解码器: 未知
分类: 🐤广东频道, 名称: 湛江新闻, 有效: 0, IPv4: 1, IPv6: 0, 最小延迟: -1 ms, 最高速率: 0.00 M/s, 平均速率: 0.00 M/s, 最高分辨率: None, 平均帧率: 未知, 视频编解码器: 未知, 音频编解码器: 未知
分类: 🐤广东频道, 名称: 潮州综合, 有效: 1, IPv4: 4, IPv6: 0, 最小延迟: 109 ms, 最高速率: 0.99 M/s, 平均速率: 0.99 M/s, 最高分辨率: 1920x1080, 平均帧率: 25.00, 视频编解码器: h264, 音频编解码器: mp2
分类: 🐤广东频道, 名称: 湛江公共, 有效: 0, IPv4: 4, IPv6: 0, 最小延迟: -1 ms, 最高速率: 0.00 M/s, 平均速率: 0.00 M/s, 最高分辨率: None, 平均帧率: 未知, 视频编解码器: 未知, 音频编解码器: 未知
分类: 🐤广东频道, 名称: 肇庆生活服务, 有效: 0, IPv4: 2, IPv6: 0, 最小延迟: -1 ms, 最高速率: 0.00 M/s, 平均速率: 0.00 M/s, 最高分辨率: None, 平均帧率: 未知, 视频编解码器: 未知, 音频编解码器: 未知
分类: 🐤广东频道, 名称: 东莞综合, 有效: 3, IPv4: 5, IPv6: 0, 最小延迟: 601 ms, 最高速率: 1.00 M/s, 平均速率: 0.61 M/s, 最高分辨率: 1920x1080, 平均帧率: 25.00, 视频编解码器: h264, 音频编解码器: aac
分类: 🐤广东频道, 名称: 珠海1, 有效: 0, IPv4: 1, IPv6: 0, 最小延迟: -1 ms, 最高速率: 0.00 M/s, 平均速率: 0.00 M/s, 最高分辨率: None, 平均帧率: 未知, 视频编解码器: 未知, 音频编解码器: 未知
分类: 🐤广东频道, 名称: 茂名综合, 有效: 0, IPv4: 1, IPv6: 0, 最小延迟: -1 ms, 最高速率: 0.00 M/s, 平均速率: 0.00 M/s, 最高分辨率: None, 平均帧率: 未知, 视频编解码器: 未知, 音频编解码器: 未知
分类: 🐤广东频道, 名称: 韶关综合, 有效: 0, IPv4: 1, IPv6: 0, 最小延迟: -1 ms, 最高速率: 0.00 M/s, 平均速率: 0.00 M/s, 最高分辨率: None, 平均帧率: 未知, 视频编解码器: 未知, 音频编解码器: 未知
分类: 🐤广东频道, 名称: 茂名文化生活, 有效: 0, IPv4: 2, IPv6: 0, 最小延迟: -1 ms, 最高速率: 0.00 M/s, 平均速率: 0.00 M/s, 最高分辨率: None, 平均帧率: 未知, 视频编解码器: 未知, 音频编解码器: 未知
分类: 🐤广东频道, 名称: 阳江-1, 有效: 0, IPv4: 2, IPv6: 0, 最小延迟: -1 ms, 最高速率: 0.00 M/s, 平均速率: 0.00 M/s, 最高分辨率: None, 平均帧率: 未知, 视频编解码器: 未知, 音频编解码器: 未知
分类: 🐤广东频道, 名称: 阳江-2, 有效: 0, IPv4: 2, IPv6: 0, 最小延迟: -1 ms, 最高速率: 0.00 M/s, 平均速率: 0.00 M/s, 最高分辨率: None, 平均帧率: 未知, 视频编解码器: 未知, 音频编解码器: 未知
分类: 🐤广东频道, 名称: 东莞生活资讯, 有效: 3, IPv4: 5, IPv6: 0, 最小延迟: 585 ms, 最高速率: 1.00 M/s, 平均速率: 0.60 M/s, 最高分辨率: 1920x1080, 平均帧率: 25.00, 视频编解码器: h264, 音频编解码器: aac
分类: 🐤广东频道, 名称: 佛山南海, 有效: 1, IPv4: 4, IPv6: 0, 最小延迟: 597 ms, 最高速率: 1.00 M/s, 平均速率: 1.00 M/s, 最高分辨率: 1920x1080, 平均帧率: 25.00, 视频编解码器: h264, 音频编解码器: mp2
分类: 🐤广东频道, 名称: 佛山顺德, 有效: 1, IPv4: 5, IPv6: 0, 最小延迟: 606 ms, 最高速率: 1.00 M/s, 平均速率: 1.00 M/s, 最高分辨率: 1920x1080, 平均帧率: 25.00, 视频编解码器: h264, 音频编解码器: mp2
分类: 🐤广东频道, 名称: 中山综合, 有效: 1, IPv4: 3, IPv6: 0, 最小延迟: 585 ms, 最高速率: 0.98 M/s, 平均速率: 0.98 M/s, 最高分辨率: 1920x1080, 平均帧率: 25.00, 视频编解码器: h264, 音频编解码器: mp2
分类: 🌊台湾频道, 名称: 民视, 有效: 4, IPv4: 27, IPv6: 0, 最小延迟: 192 ms, 最高速率: 6.60 M/s, 平均速率: 5.00 M/s, 最高分辨率: 1920x1080, 平均帧率: 28.74, 视频编解码器: hevc, 音频编解码器: aac
分类: 🌊台湾频道, 名称: 中视新闻, 有效: 0, IPv4: 4, IPv6: 0, 最小延迟: -1 ms, 最高速率: 0.00 M/s, 平均速率: 0.00 M/s, 最高分辨率: None, 平均帧率: 未知, 视频编解码器: 未知, 音频编解码器: 未知
分类: 🌊台湾频道, 名称: 中视, 有效: 3, IPv4: 30, IPv6: 0, 最小延迟: 360 ms, 最高速率: 8.31 M/s, 平均速率: 3.60 M/s, 最高分辨率: 1920x1080, 平均帧率: 26.67, 视频编解码器: h264, 音频编解码器: aac
分类: 🌊台湾频道, 名称: 华视新闻, 有效: 0, IPv4: 4, IPv6: 0, 最小延迟: 409 ms, 最高速率: 0.00 M/s, 平均速率: 0.00 M/s, 最高分辨率: None, 平均帧率: 未知, 视频编解码器: 未知, 音频编解码器: 未知
分类: 🐤广东频道, 名称: 肇庆综合, 有效: 1, IPv4: 2, IPv6: 0, 最小延迟: 596 ms, 最高速率: 1.00 M/s, 平均速率: 1.00 M/s, 最高分辨率: 1920x1080, 平均帧率: 25.00, 视频编解码器: h264, 音频编解码器: mp2
分类: 🌊台湾频道, 名称: 民视新闻, 有效: 1, IPv4: 7, IPv6: 0, 最小延迟: 198 ms, 最高速率: 4.98 M/s, 平均速率: 0.66 M/s, 最高分辨率: 1920x1080, 平均帧率: 29.98, 视频编解码器: h264, 音频编解码器: aac
分类: 🌊台湾频道, 名称: 华视, 有效: 6, IPv4: 29, IPv6: 0, 最小延迟: 372 ms, 最高速率: 5.45 M/s, 平均速率: 4.63 M/s, 最高分辨率: 1920x1080, 平均帧率: 29.17, 视频编解码器: hevc, 音频编解码器: aac
分类: 🌊台湾频道, 名称: 非凡新闻, 有效: 0, IPv4: 5, IPv6: 0, 最小延迟: -1 ms, 最高速率: 0.00 M/s, 平均速率: 0.00 M/s, 最高分辨率: None, 平均帧率: 未知, 视频编解码器: 未知, 音频编解码器: 未知
分类: 🌊台湾频道, 名称: 公视新闻, 有效: 0, IPv4: 2, IPv6: 0, 最小延迟: -1 ms, 最高速率: 0.00 M/s, 平均速率: 0.00 M/s, 最高分辨率: None, 平均帧率: 未知, 视频编解码器: 未知, 音频编解码器: 未知
分类: 🌊台湾频道, 名称: 台视新闻, 有效: 5, IPv4: 11, IPv6: 0, 最小延迟: 386 ms, 最高速率: 6.96 M/s, 平均速率: 2.18 M/s, 最高分辨率: 1920x1080, 平均帧率: 29.98, 视频编解码器: h264, 音频编解码器: aac
分类: 🌊台湾频道, 名称: 三立新闻, 有效: 0, IPv4: 7, IPv6: 0, 最小延迟: -1 ms, 最高速率: 0.00 M/s, 平均速率: 0.00 M/s, 最高分辨率: None, 平均帧率: 未知, 视频编解码器: 未知, 音频编解码器: 未知
分类: 🌊台湾频道, 名称: 东森新闻, 有效: 1, IPv4: 9, IPv6: 0, 最小延迟: 403 ms, 最高速率: 0.87 M/s, 平均速率: 0.87 M/s, 最高分辨率: 1920x1080, 平均帧率: 29.97, 视频编解码器: h264, 音频编解码器: aac
分类: 🌊台湾频道, 名称: 台视, 有效: 7, IPv4: 34, IPv6: 0, 最小延迟: 385 ms, 最高速率: 5.78 M/s, 平均速率: 4.12 M/s, 最高分辨率: 1920x1080, 平均帧率: 29.28, 视频编解码器: hevc, 音频编解码器: aac
分类: 🌊台湾频道, 名称: 中天新闻, 有效: 0, IPv4: 13, IPv6: 0, 最小延迟: 398 ms, 最高速率: 0.39 M/s, 平均速率: 0.00 M/s, 最高分辨率: 1920x1080, 平均帧率: 30.00, 视频编解码器: h264, 音频编解码器: aac
分类: 🌊台湾频道, 名称: 中天亚洲, 有效: 0, IPv4: 5, IPv6: 0, 最小延迟: 146 ms, 最高速率: 0.04 M/s, 平均速率: 0.00 M/s, 最高分辨率: None, 平均帧率: 未知, 视频编解码器: 未知, 音频编解码器: 未知
分类: 🌊台湾频道, 名称: 镜新闻, 有效: 2, IPv4: 7, IPv6: 0, 最小延迟: 366 ms, 最高速率: 1.77 M/s, 平均速率: 1.19 M/s, 最高分辨率: 1280x720, 平均帧率: 29.97, 视频编解码器: h264, 音频编解码器: aac
分类: 🌊台湾频道, 名称: 纬来体育, 有效: 0, IPv4: 6, IPv6: 0, 最小延迟: 1353 ms, 最高速率: 0.10 M/s, 平均速率: 0.00 M/s, 最高分辨率: None, 平均帧率: 未知, 视频编解码器: 未知, 音频编解码器: 未知
分类: 🌊台湾频道, 名称: 八大第一, 有效: 0, IPv4: 1, IPv6: 0, 最小延迟: 193 ms, 最高速率: 0.00 M/s, 平均速率: 0.00 M/s, 最高分辨率: None, 平均帧率: 未知, 视频编解码器: 未知, 音频编解码器: 未知
分类: 🌊台湾频道, 名称: 寰宇新闻, 有效: 0, IPv4: 19, IPv6: 0, 最小延迟: 315 ms, 最高速率: 0.19 M/s, 平均速率: 0.00 M/s, 最高分辨率: 1920x1080, 平均帧率: 29.97, 视频编解码器: h264, 音频编解码器: aac
分类: 🌊台湾频道, 名称: 龙华日韩, 有效: 0, IPv4: 9, IPv6: 0, 最小延迟: 667 ms, 最高速率: 0.00 M/s, 平均速率: 0.00 M/s, 最高分辨率: None, 平均帧率: 未知, 视频编解码器: 未知, 音频编解码器: 未知
分类: 🌊台湾频道, 名称: 龙华卡通, 有效: 0, IPv4: 3, IPv6: 0, 最小延迟: -1 ms, 最高速率: 0.00 M/s, 平均速率: 0.00 M/s, 最高分辨率: None, 平均帧率: 未知, 视频编解码器: 未知, 音频编解码器: 未知
分类: 🌊台湾频道, 名称: 八大综合, 有效: 0, IPv4: 1, IPv6: 0, 最小延迟: 396 ms, 最高速率: 0.00 M/s, 平均速率: 0.00 M/s, 最高分辨率: None, 平均帧率: 未知, 视频编解码器: 未知, 音频编解码器: 未知
分类: 🌊台湾频道, 名称: 纬来精彩, 有效: 1, IPv4: 3, IPv6: 0, 最小延迟: 7861 ms, 最高速率: 0.28 M/s, 平均速率: 0.28 M/s, 最高分辨率: 1280x720, 平均帧率: 25.00, 视频编解码器: h264, 音频编解码器: aac
分类: 🌊台湾频道, 名称: 纬来育乐, 有效: 0, IPv4: 8, IPv6: 0, 最小延迟: -1 ms, 最高速率: 0.00 M/s, 平均速率: 0.00 M/s, 最高分辨率: None, 平均帧率: 未知, 视频编解码器: 未知, 音频编解码器: 未知
分类: 🌊台湾频道, 名称: 龙华经典, 有效: 0, IPv4: 14, IPv6: 0, 最小延迟: 382 ms, 最高速率: 0.00 M/s, 平均速率: 0.00 M/s, 最高分辨率: None, 平均帧率: 未知, 视频编解码器: 未知, 音频编解码器: 未知
分类: 🌊台湾频道, 名称: 纬来电影, 有效: 1, IPv4: 16, IPv6: 0, 最小延迟: 369 ms, 最高速率: 0.78 M/s, 平均速率: 0.78 M/s, 最高分辨率: 1920x1080, 平均帧率: 29.97, 视频编解码器: h264, 音频编解码器: aac
分类: 🌊台湾频道, 名称: 龙华洋片, 有效: 1, IPv4: 6, IPv6: 0, 最小延迟: 106 ms, 最高速率: 1.58 M/s, 平均速率: 1.58 M/s, 最高分辨率: 1920x1080, 平均帧率: 30.00, 视频编解码器: h264, 音频编解码器: aac
分类: 🌊台湾频道, 名称: 龙华偶像, 有效: 1, IPv4: 8, IPv6: 0, 最小延迟: 422 ms, 最高速率: 1.52 M/s, 平均速率: 1.52 M/s, 最高分辨率: 1920x1080, 平均帧率: 30.00, 视频编解码器: h264, 音频编解码器: aac
分类: 🌊台湾频道, 名称: TVBS亚洲, 有效: 2, IPv4: 9, IPv6: 0, 最小延迟: 2971 ms, 最高速率: 0.57 M/s, 平均速率: 0.55 M/s, 最高分辨率: 1920x1080, 平均帧率: 29.97, 视频编解码器: h264, 音频编解码器: aac
分类: 🌊台湾频道, 名称: 纬来日本, 有效: 1, IPv4: 9, IPv6: 0, 最小延迟: 416 ms, 最高速率: 0.43 M/s, 平均速率: 0.43 M/s, 最高分辨率: 1280x720, 平均帧率: 25.00, 视频编解码器: h264, 音频编解码器: aac
分类: 🌊台湾频道, 名称: 龙华电影, 有效: 0, IPv4: 8, IPv6: 0, 最小延迟: 386 ms, 最高速率: 0.00 M/s, 平均速率: 0.00 M/s, 最高分辨率: None, 平均帧率: 未知, 视频编解码器: 未知, 音频编解码器: 未知
分类: 🌊台湾频道, 名称: 龙祥电影, 有效: 2, IPv4: 7, IPv6: 0, 最小延迟: 377 ms, 最高速率: 2.26 M/s, 平均速率: 1.26 M/s, 最高分辨率: 1280x720, 平均帧率: 30.00, 视频编解码器: h264, 音频编解码器: aac
分类: 🌊台湾频道, 名称: TVBS新闻, 有效: 0, IPv4: 6, IPv6: 0, 最小延迟: 197 ms, 最高速率: 0.00 M/s, 平均速率: 0.00 M/s, 最高分辨率: None, 平均帧率: 未知, 视频编解码器: 未知, 音频编解码器: 未知
分类: 🌊台湾频道, 名称: TVBe, 有效: 0, IPv4: 3, IPv6: 0, 最小延迟: -1 ms, 最高速率: 0.00 M/s, 平均速率: 0.00 M/s, 最高分辨率: None, 平均帧率: 未知, 视频编解码器: 未知, 音频编解码器: 未知
分类: 🌊台湾频道, 名称: Viutv, 有效: 1, IPv4: 6, IPv6: 0, 最小延迟: 1192 ms, 最高速率: 1.43 M/s, 平均速率: 1.43 M/s, 最高分辨率: 1920x1080, 平均帧率: 25.00, 视频编解码器: h264, 音频编解码器: aac
分类: 🌊台湾频道, 名称: AMC电影台, 有效: 0, IPv4: 1, IPv6: 0, 最小延迟: -1 ms, 最高速率: 0.00 M/s, 平均速率: 0.00 M/s, 最高分辨率: None, 平均帧率: 未知, 视频编解码器: 未知, 音频编解码器: 未知
分类: 🌊台湾频道, 名称: 东森综合, 有效: 1, IPv4: 3, IPv6: 0, 最小延迟: 636 ms, 最高速率: 16.26 M/s, 平均速率: 16.26 M/s, 最高分辨率: 1280x720, 平均帧率: 30.00, 视频编解码器: h264, 音频编解码器: aac
分类: 🌊台湾频道, 名称: axn电影, 有效: 0, IPv4: 2, IPv6: 0, 最小延迟: -1 ms, 最高速率: 0.00 M/s, 平均速率: 0.00 M/s, 最高分辨率: None, 平均帧率: 未知, 视频编解码器: 未知, 音频编解码器: 未知
分类: 🌊台湾频道, 名称: 东森电影, 有效: 0, IPv4: 3, IPv6: 0, 最小延迟: -1 ms, 最高速率: 0.00 M/s, 平均速率: 0.00 M/s, 最高分辨率: None, 平均帧率: 未知, 视频编解码器: 未知, 音频编解码器: 未知
分类: 🌊台湾频道, 名称: 靖天资讯, 有效: 0, IPv4: 10, IPv6: 0, 最小延迟: 199 ms, 最高速率: 0.00 M/s, 平均速率: 0.00 M/s, 最高分辨率: None, 平均帧率: 未知, 视频编解码器: 未知, 音频编解码器: 未知
分类: 🌊台湾频道, 名称: 东森超视, 有效: 1, IPv4: 7, IPv6: 0, 最小延迟: 2823 ms, 最高速率: 0.57 M/s, 平均速率: 0.57 M/s, 最高分辨率: 1920x1080, 平均帧率: 29.97, 视频编解码器: h264, 音频编解码器: aac
分类: 🌊台湾频道, 名称: 番薯, 有效: 0, IPv4: 3, IPv6: 0, 最小延迟: -1 ms, 最高速率: 0.00 M/s, 平均速率: 0.00 M/s, 最高分辨率: None, 平均帧率: 未知, 视频编解码器: 未知, 音频编解码器: 未知
分类: 🌊台湾频道, 名称: 东森财经, 有效: 1, IPv4: 14, IPv6: 0, 最小延迟: 380 ms, 最高速率: 0.98 M/s, 平均速率: 0.98 M/s, 最高分辨率: 1280x720, 平均帧率: 29.97, 视频编解码器: h264, 音频编解码器: aac
分类: 🌊台湾频道, 名称: 星光视界, 有效: 0, IPv4: 1, IPv6: 0, 最小延迟: -1 ms, 最高速率: 0.00 M/s, 平均速率: 0.00 M/s, 最高分辨率: None, 平均帧率: 未知, 视频编解码器: 未知, 音频编解码器: 未知
分类: 🌊台湾频道, 名称: 耀才财经, 有效: 0, IPv4: 6, IPv6: 0, 最小延迟: 3349 ms, 最高速率: 0.30 M/s, 平均速率: 0.00 M/s, 最高分辨率: 1024x576, 平均帧率: 25.00, 视频编解码器: h264, 音频编解码器: aac
分类: 🌊台湾频道, 名称: TVBS, 有效: 6, IPv4: 36, IPv6: 0, 最小延迟: 192 ms, 最高速率: 1.88 M/s, 平均速率: 0.98 M/s, 最高分辨率: 1920x1080, 平均帧率: 32.50, 视频编解码器: h264, 音频编解码器: aac
分类: 🌊台湾频道, 名称: TVB1, 有效: 1, IPv4: 7, IPv6: 0, 最小延迟: 208 ms, 最高速率: 1.57 M/s, 平均速率: 1.57 M/s, 最高分辨率: 1920x1080, 平均帧率: 29.97, 视频编解码器: h264, 音频编解码器: aac
分类: 🌊台湾频道, 名称: Channel[V], 有效: 0, IPv4: 2, IPv6: 0, 最小延迟: 10932 ms, 最高速率: 0.07 M/s, 平均速率: 0.00 M/s, 最高分辨率: 720x576, 平均帧率: 50.00, 视频编解码器: h264, 音频编解码器: mp2
分类: 🌊台湾频道, 名称: 星卫娱乐, 有效: 0, IPv4: 2, IPv6: 0, 最小延迟: 10516 ms, 最高速率: 0.03 M/s, 平均速率: 0.00 M/s, 最高分辨率: 1920x1080, 平均帧率: 25.00, 视频编解码器: h264, 音频编解码器: aac
分类: 🌊台湾频道, 名称: 大爱1台, 有效: 0, IPv4: 6, IPv6: 0, 最小延迟: -1 ms, 最高速率: 0.00 M/s, 平均速率: 0.00 M/s, 最高分辨率: None, 平均帧率: 未知, 视频编解码器: 未知, 音频编解码器: 未知
分类: 🌊台湾频道, 名称: 大爱2台, 有效: 0, IPv4: 11, IPv6: 0, 最小延迟: -1 ms, 最高速率: 0.00 M/s, 平均速率: 0.00 M/s, 最高分辨率: None, 平均帧率: 未知, 视频编解码器: 未知, 音频编解码器: 未知
分类: 🇭🇰香港频道, 名称: 凤凰中文, 有效: 1, IPv4: 26, IPv6: 0, 最小延迟: 105 ms, 最高速率: 1.10 M/s, 平均速率: 1.10 M/s, 最高分辨率: 1920x1080, 平均帧率: 37.50, 视频编解码器: h264, 音频编解码器: mp2
分类: 🇭🇰香港频道, 名称: 翡翠台, 有效: 0, IPv4: 19, IPv6: 0, 最小延迟: 160 ms, 最高速率: 1.89 M/s, 平均速率: 0.00 M/s, 最高分辨率: 1920x1080, 平均帧率: 27.50, 视频编解码器: h264, 音频编解码器: aac
分类: 🇭🇰香港频道, 名称: TVB明珠台, 有效: 0, IPv4: 9, IPv6: 0, 最小延迟: -1 ms, 最高速率: 0.00 M/s, 平均速率: 0.00 M/s, 最高分辨率: None, 平均帧率: 未知, 视频编解码器: 未知, 音频编解码器: 未知
分类: 🇭🇰香港频道, 名称: TVB明珠剧集台(北美), 有效: 0, IPv4: 1, IPv6: 0, 最小延迟: -1 ms, 最高速率: 0.00 M/s, 平均速率: 0.00 M/s, 最高分辨率: None, 平均帧率: 未知, 视频编解码器: 未知, 音频编解码器: 未知
分类: 🇭🇰香港频道, 名称: TVB翡翠剧集台(北美), 有效: 0, IPv4: 3, IPv6: 0, 最小延迟: -1 ms, 最高速率: 0.00 M/s, 平均速率: 0.00 M/s, 最高分辨率: None, 平均帧率: 未知, 视频编解码器: 未知, 音频编解码器: 未知
分类: 🇭🇰香港频道, 名称: 凤凰资讯, 有效: 4, IPv4: 24, IPv6: 0, 最小延迟: 104 ms, 最高速率: 3.75 M/s, 平均速率: 1.39 M/s, 最高分辨率: 1920x1080, 平均帧率: 29.17, 视频编解码器: h264, 音频编解码器: aac
分类: 🇭🇰香港频道, 名称: TVB无线新闻, 有效: 0, IPv4: 9, IPv6: 0, 最小延迟: 153 ms, 最高速率: 1.92 M/s, 平均速率: 0.00 M/s, 最高分辨率: 840x480, 平均帧率: 30.00, 视频编解码器: h264, 音频编解码器: aac
分类: 🇭🇰香港频道, 名称: TVB无线卫星新闻, 有效: 0, IPv4: 2, IPv6: 0, 最小延迟: -1 ms, 最高速率: 0.00 M/s, 平均速率: 0.00 M/s, 最高分辨率: None, 平均帧率: 未知, 视频编解码器: 未知, 音频编解码器: 未知
分类: 🇭🇰香港频道, 名称: TVB无线娱乐, 有效: 0, IPv4: 2, IPv6: 0, 最小延迟: -1 ms, 最高速率: 0.00 M/s, 平均速率: 0.00 M/s, 最高分辨率: None, 平均帧率: 未知, 视频编解码器: 未知, 音频编解码器: 未知
分类: 🇭🇰香港频道, 名称: TVB无线功夫, 有效: 0, IPv4: 1, IPv6: 0, 最小延迟: -1 ms, 最高速率: 0.00 M/s, 平均速率: 0.00 M/s, 最高分辨率: None, 平均帧率: 未知, 视频编解码器: 未知, 音频编解码器: 未知
分类: 🇭🇰香港频道, 名称: Now直播台, 有效: 0, IPv4: 1, IPv6: 0, 最小延迟: -1 ms, 最高速率: 0.00 M/s, 平均速率: 0.00 M/s, 最高分辨率: None, 平均帧率: 未知, 视频编解码器: 未知, 音频编解码器: 未知
分类: 🇭🇰香港频道, 名称: TVB Plus, 有效: 0, IPv4: 14, IPv6: 0, 最小延迟: 105 ms, 最高速率: 0.00 M/s, 平均速率: 0.00 M/s, 最高分辨率: None, 平均帧率: 未知, 视频编解码器: 未知, 音频编解码器: 未知
分类: 🇭🇰香港频道, 名称: Now新闻台, 有效: 0, IPv4: 1, IPv6: 0, 最小延迟: -1 ms, 最高速率: 0.00 M/s, 平均速率: 0.00 M/s, 最高分辨率: None, 平均帧率: 未知, 视频编解码器: 未知, 音频编解码器: 未知
分类: 🇭🇰香港频道, 名称: TVB J1, 有效: 0, IPv4: 7, IPv6: 0, 最小延迟: -1 ms, 最高速率: 0.00 M/s, 平均速率: 0.00 M/s, 最高分辨率: None, 平均帧率: 未知, 视频编解码器: 未知, 音频编解码器: 未知
分类: 🇭🇰香港频道, 名称: Now Golf 2, 有效: 0, IPv4: 1, IPv6: 0, 最小延迟: -1 ms, 最高速率: 0.00 M/s, 平均速率: 0.00 M/s, 最高分辨率: None, 平均帧率: 未知, 视频编解码器: 未知, 音频编解码器: 未知
分类: 🇭🇰香港频道, 名称: TVB J2, 有效: 0, IPv4: 1, IPv6: 0, 最小延迟: -1 ms, 最高速率: 0.00 M/s, 平均速率: 0.00 M/s, 最高分辨率: None, 平均帧率: 未知, 视频编解码器: 未知, 音频编解码器: 未知
分类: 🇭🇰香港频道, 名称: 亚洲新闻, 有效: 0, IPv4: 1, IPv6: 0, 最小延迟: -1 ms, 最高速率: 0.00 M/s, 平均速率: 0.00 M/s, 最高分辨率: None, 平均帧率: 未知, 视频编解码器: 未知, 音频编解码器: 未知
分类: 🇭🇰香港频道, 名称: Now Sports 1, 有效: 0, IPv4: 2, IPv6: 0, 最小延迟: -1 ms, 最高速率: 0.00 M/s, 平均速率: 0.00 M/s, 最高分辨率: None, 平均帧率: 未知, 视频编解码器: 未知, 音频编解码器: 未知
分类: 🇭🇰香港频道, 名称: Now Sports 2, 有效: 0, IPv4: 2, IPv6: 0, 最小延迟: -1 ms, 最高速率: 0.00 M/s, 平均速率: 0.00 M/s, 最高分辨率: None, 平均帧率: 未知, 视频编解码器: 未知, 音频编解码器: 未知
分类: 🇭🇰香港频道, 名称: Now星影台, 有效: 0, IPv4: 5, IPv6: 0, 最小延迟: -1 ms, 最高速率: 0.00 M/s, 平均速率: 0.00 M/s, 最高分辨率: None, 平均帧率: 未知, 视频编解码器: 未知, 音频编解码器: 未知
分类: 🇭🇰香港频道, 名称: Now Sports 3, 有效: 0, IPv4: 2, IPv6: 0, 最小延迟: -1 ms, 最高速率: 0.00 M/s, 平均速率: 0.00 M/s, 最高分辨率: None, 平均帧率: 未知, 视频编解码器: 未知, 音频编解码器: 未知
分类: 🇭🇰香港频道, 名称: Now Sports 641, 有效: 0, IPv4: 1, IPv6: 0, 最小延迟: -1 ms, 最高速率: 0.00 M/s, 平均速率: 0.00 M/s, 最高分辨率: None, 平均帧率: 未知, 视频编解码器: 未知, 音频编解码器: 未知
分类: 🇭🇰香港频道, 名称: Now爆谷台, 有效: 0, IPv4: 5, IPv6: 0, 最小延迟: -1 ms, 最高速率: 0.00 M/s, 平均速率: 0.00 M/s, 最高分辨率: None, 平均帧率: 未知, 视频编解码器: 未知, 音频编解码器: 未知
分类: 🇭🇰香港频道, 名称: Now Sports 5, 有效: 0, IPv4: 2, IPv6: 0, 最小延迟: -1 ms, 最高速率: 0.00 M/s, 平均速率: 0.00 M/s, 最高分辨率: None, 平均帧率: 未知, 视频编解码器: 未知, 音频编解码器: 未知
分类: 🇭🇰香港频道, 名称: Now Sports 6, 有效: 0, IPv4: 2, IPv6: 0, 最小延迟: -1 ms, 最高速率: 0.00 M/s, 平均速率: 0.00 M/s, 最高分辨率: None, 平均帧率: 未知, 视频编解码器: 未知, 音频编解码器: 未知
分类: 🇭🇰香港频道, 名称: Now Sports 7, 有效: 0, IPv4: 2, IPv6: 0, 最小延迟: -1 ms, 最高速率: 0.00 M/s, 平均速率: 0.00 M/s, 最高分辨率: None, 平均帧率: 未知, 视频编解码器: 未知, 音频编解码器: 未知
分类: 🇭🇰香港频道, 名称: Now Sports Prime, 有效: 0, IPv4: 1, IPv6: 0, 最小延迟: -1 ms, 最高速率: 0.00 M/s, 平均速率: 0.00 M/s, 最高分辨率: None, 平均帧率: 未知, 视频编解码器: 未知, 音频编解码器: 未知
分类: 🇭🇰香港频道, 名称: Now剧集台, 有效: 0, IPv4: 1, IPv6: 0, 最小延迟: -1 ms, 最高速率: 0.00 M/s, 平均速率: 0.00 M/s, 最高分辨率: None, 平均帧率: 未知, 视频编解码器: 未知, 音频编解码器: 未知
分类: 🇭🇰香港频道, 名称: 美亚C+, 有效: 1, IPv4: 1, IPv6: 0, 最小延迟: 2222 ms, 最高速率: 0.61 M/s, 平均速率: 0.61 M/s, 最高分辨率: 1920x1080, 平均帧率: 25.00, 视频编解码器: h264, 音频编解码器: aac
分类: 🇭🇰香港频道, 名称: 有线新闻, 有效: 1, IPv4: 3, IPv6: 0, 最小延迟: 1786 ms, 最高速率: 0.21 M/s, 平均速率: 0.21 M/s, 最高分辨率: 1280x720, 平均帧率: 25.00, 视频编解码器: h264, 音频编解码器: aac
分类: 🇭🇰香港频道, 名称: Now Sports 4, 有效: 0, IPv4: 2, IPv6: 0, 最小延迟: -1 ms, 最高速率: 0.00 M/s, 平均速率: 0.00 M/s, 最高分辨率: None, 平均帧率: 未知, 视频编解码器: 未知, 音频编解码器: 未知
分类: 🇭🇰香港频道, 名称: 凤凰香港, 有效: 1, IPv4: 17, IPv6: 0, 最小延迟: 105 ms, 最高速率: 4.07 M/s, 平均速率: 4.07 M/s, 最高分辨率: 1280x720, 平均帧率: 26.25, 视频编解码器: h264, 音频编解码器: aac
分类: 🇭🇰香港频道, 名称: 千禧經典台(HK), 有效: 0, IPv4: 2, IPv6: 0, 最小延迟: -1 ms, 最高速率: 0.00 M/s, 平均速率: 0.00 M/s, 最高分辨率: None, 平均帧率: 未知, 视频编解码器: 未知, 音频编解码器: 未知
分类: 🇭🇰香港频道, 名称: 28 AI 智慧賽馬, 有效: 0, IPv4: 3, IPv6: 0, 最小延迟: -1 ms, 最高速率: 0.00 M/s, 平均速率: 0.00 M/s, 最高分辨率: None, 平均帧率: 未知, 视频编解码器: 未知, 音频编解码器: 未知
分类: 🇭🇰香港频道, 名称: myTV SUPER 18台, 有效: 0, IPv4: 3, IPv6: 0, 最小延迟: -1 ms, 最高速率: 0.00 M/s, 平均速率: 0.00 M/s, 最高分辨率: None, 平均帧率: 未知, 视频编解码器: 未知, 音频编解码器: 未知
分类: 🇭🇰香港频道, 名称: Now Golf 3, 有效: 0, IPv4: 1, IPv6: 0, 最小延迟: -1 ms, 最高速率: 0.00 M/s, 平均速率: 0.00 M/s, 最高分辨率: None, 平均帧率: 未知, 视频编解码器: 未知, 音频编解码器: 未知
分类: 🇭🇰香港频道, 名称: PopC, 有效: 0, IPv4: 12, IPv6: 0, 最小延迟: 103 ms, 最高速率: 0.00 M/s, 平均速率: 0.00 M/s, 最高分辨率: None, 平均帧率: 未知, 视频编解码器: 未知, 音频编解码器: 未知
分类: 🇭🇰香港频道, 名称: viutv 99, 有效: 0, IPv4: 1, IPv6: 0, 最小延迟: -1 ms, 最高速率: 0.00 M/s, 平均速率: 0.00 M/s, 最高分辨率: None, 平均帧率: 未知, 视频编解码器: 未知, 音频编解码器: 未知
分类: 🇭🇰香港频道, 名称: viutv6 96, 有效: 0, IPv4: 1, IPv6: 0, 最小延迟: -1 ms, 最高速率: 0.00 M/s, 平均速率: 0.00 M/s, 最高分辨率: None, 平均帧率: 未知, 视频编解码器: 未知, 音频编解码器: 未知
分类: 🇭🇰香港频道, 名称: Animax(HK), 有效: 0, IPv4: 5, IPv6: 0, 最小延迟: -1 ms, 最高速率: 0.00 M/s, 平均速率: 0.00 M/s, 最高分辨率: None, 平均帧率: 未知, 视频编解码器: 未知, 音频编解码器: 未知
分类: 🇭🇰香港频道, 名称: tvN, 有效: 1, IPv4: 11, IPv6: 0, 最小延迟: 105 ms, 最高速率: 28.74 M/s, 平均速率: 28.74 M/s, 最高分辨率: 1920x1080, 平均帧率: 29.97, 视频编解码器: h264, 音频编解码器: aac
分类: 🇭🇰香港频道, 名称: 娛樂新聞台(HK), 有效: 0, IPv4: 10, IPv6: 0, 最小延迟: 103 ms, 最高速率: 0.00 M/s, 平均速率: 0.00 M/s, 最高分辨率: None, 平均帧率: 未知, 视频编解码器: 未知, 音频编解码器: 未知
分类: 🇭🇰香港频道, 名称: DW, 有效: 1, IPv4: 17, IPv6: 0, 最小延迟: 100 ms, 最高速率: 2.34 M/s, 平均速率: 2.34 M/s, 最高分辨率: 1920x1080, 平均帧率: 43.32, 视频编解码器: h264, 音频编解码器: aac
分类: 🇭🇰香港频道, 名称: Love Nature HD, 有效: 3, IPv4: 9, IPv6: 0, 最小延迟: 74 ms, 最高速率: 46.75 M/s, 平均速率: 33.00 M/s, 最高分辨率: 3840x2160, 平均帧率: 29.97, 视频编解码器: h264, 音频编解码器: aac
分类: 🇭🇰香港频道, 名称: France 24, 有效: 6, IPv4: 19, IPv6: 0, 最小延迟: 53 ms, 最高速率: 23.37 M/s, 平均速率: 10.03 M/s, 最高分辨率: 1920x1080, 平均帧率: 30.00, 视频编解码器: h264, 音频编解码器: aac
分类: 🇭🇰香港频道, 名称: ROCK Action, 有效: 0, IPv4: 9, IPv6: 0, 最小延迟: 106 ms, 最高速率: 0.00 M/s, 平均速率: 0.00 M/s, 最高分辨率: None, 平均帧率: 未知, 视频编解码器: 未知, 音频编解码器: 未知
分类: 🇭🇰香港频道, 名称: Thrill, 有效: 0, IPv4: 1, IPv6: 0, 最小延迟: -1 ms, 最高速率: 0.00 M/s, 平均速率: 0.00 M/s, 最高分辨率: None, 平均帧率: 未知, 视频编解码器: 未知, 音频编解码器: 未知
分类: 🇭🇰香港频道, 名称: ZooMoo, 有效: 0, IPv4: 5, IPv6: 0, 最小延迟: 105 ms, 最高速率: 25.82 M/s, 平均速率: 0.00 M/s, 最高分辨率: 640x360, 平均帧率: 25.00, 视频编解码器: h264, 音频编解码器: aac
分类: 🇭🇰香港频道, 名称: Astro AOD, 有效: 0, IPv4: 1, IPv6: 0, 最小延迟: -1 ms, 最高速率: 0.00 M/s, 平均速率: 0.00 M/s, 最高分辨率: None, 平均帧率: 未知, 视频编解码器: 未知, 音频编解码器: 未知
分类: 🇭🇰香港频道, 名称: i-Fun 動漫台, 有效: 0, IPv4: 2, IPv6: 0, 最小延迟: -1 ms, 最高速率: 0.00 M/s, 平均速率: 0.00 M/s, 最高分辨率: None, 平均帧率: 未知, 视频编解码器: 未知, 音频编解码器: 未知
分类: 🇭🇰香港频道, 名称: KIX, 有效: 0, IPv4: 3, IPv6: 0, 最小延迟: -1 ms, 最高速率: 0.00 M/s, 平均速率: 0.00 M/s, 最高分辨率: None, 平均帧率: 未知, 视频编解码器: 未知, 音频编解码器: 未知
分类: 🇭🇰香港频道, 名称: Astro QJ, 有效: 0, IPv4: 3, IPv6: 0, 最小延迟: -1 ms, 最高速率: 0.00 M/s, 平均速率: 0.00 M/s, 最高分辨率: None, 平均帧率: 未知, 视频编解码器: 未知, 音频编解码器: 未知
分类: 🇭🇰香港频道, 名称: 中国香港环球, 有效: 0, IPv4: 1, IPv6: 0, 最小延迟: -1 ms, 最高速率: 0.00 M/s, 平均速率: 0.00 M/s, 最高分辨率: None, 平均帧率: 未知, 视频编解码器: 未知, 音频编解码器: 未知
分类: 🇭🇰香港频道, 名称: MOMOTV, 有效: 0, IPv4: 1, IPv6: 0, 最小延迟: -1 ms, 最高速率: 0.00 M/s, 平均速率: 0.00 M/s, 最高分辨率: None, 平均帧率: 未知, 视频编解码器: 未知, 音频编解码器: 未知
分类: 🇭🇰香港频道, 名称: Astro Xing He, 有效: 0, IPv4: 1, IPv6: 0, 最小延迟: -1 ms, 最高速率: 0.00 M/s, 平均速率: 0.00 M/s, 最高分辨率: None, 平均帧率: 未知, 视频编解码器: 未知, 音频编解码器: 未知
分类: 🇭🇰香港频道, 名称: NHK東京総合, 有效: 0, IPv4: 2, IPv6: 0, 最小延迟: -1 ms, 最高速率: 0.00 M/s, 平均速率: 0.00 M/s, 最高分辨率: None, 平均帧率: 未知, 视频编解码器: 未知, 音频编解码器: 未知
分类: 🇭🇰香港频道, 名称: 港台电视32, 有效: 0, IPv4: 5, IPv6: 0, 最小延迟: -1 ms, 最高速率: 0.00 M/s, 平均速率: 0.00 M/s, 最高分辨率: None, 平均帧率: 未知, 视频编解码器: 未知, 音频编解码器: 未知
分类: 🇭🇰香港频道, 名称: Nickelodeon, 有效: 2, IPv4: 11, IPv6: 0, 最小延迟: 103 ms, 最高速率: 4.17 M/s, 平均速率: 2.19 M/s, 最高分辨率: 1920x1080, 平均帧率: 31.99, 视频编解码器: h264, 音频编解码器: aac
分类: 🇭🇰香港频道, 名称: 港台电视34, 有效: 0, IPv4: 1, IPv6: 0, 最小延迟: -1 ms, 最高速率: 0.00 M/s, 平均速率: 0.00 M/s, 最高分辨率: None, 平均帧率: 未知, 视频编解码器: 未知, 音频编解码器: 未知
分类: 🇭🇰香港频道, 名称: 港台电视35, 有效: 0, IPv4: 1, IPv6: 0, 最小延迟: -1 ms, 最高速率: 0.00 M/s, 平均速率: 0.00 M/s, 最高分辨率: None, 平均帧率: 未知, 视频编解码器: 未知, 音频编解码器: 未知
分类: 🇭🇰香港频道, 名称: HOY77, 有效: 1, IPv4: 6, IPv6: 0, 最小延迟: 352 ms, 最高速率: 3.47 M/s, 平均速率: 3.47 M/s, 最高分辨率: 1280x720, 平均帧率: 50.00, 视频编解码器: h264, 音频编解码器: aac
分类: 🇭🇰香港频道, 名称: 香港電台(RTHK 34), 有效: 0, IPv4: 1, IPv6: 0, 最小延迟: -1 ms, 最高速率: 0.00 M/s, 平均速率: 0.00 M/s, 最高分辨率: None, 平均帧率: 未知, 视频编解码器: 未知, 音频编解码器: 未知
分类: 🇭🇰香港频道, 名称: 港台电视31, 有效: 0, IPv4: 6, IPv6: 0, 最小延迟: -1 ms, 最高速率: 0.00 M/s, 平均速率: 0.00 M/s, 最高分辨率: None, 平均帧率: 未知, 视频编解码器: 未知, 音频编解码器: 未知
分类: 🇭🇰香港频道, 名称: 港台电视33, 有效: 1, IPv4: 10, IPv6: 0, 最小延迟: 11 ms, 最高速率: 269.52 M/s, 平均速率: 269.52 M/s, 最高分辨率: 1920x1080, 平均帧率: 25.00, 视频编解码器: h264, 音频编解码器: aac
分类: 🇭🇰香港频道, 名称: 香港面包台, 有效: 0, IPv4: 2, IPv6: 0, 最小延迟: -1 ms, 最高速率: 0.00 M/s, 平均速率: 0.00 M/s, 最高分辨率: None, 平均帧率: 未知, 视频编解码器: 未知, 音频编解码器: 未知
分类: 🇭🇰香港频道, 名称: Nick Jr, 有效: 1, IPv4: 12, IPv6: 0, 最小延迟: 102 ms, 最高速率: 1.72 M/s, 平均速率: 0.21 M/s, 最高分辨率: 1280x720, 平均帧率: 25.00, 视频编解码器: h264, 音频编解码器: aac
分类: 🇭🇰香港频道, 名称: Astro iQIYI, 有效: 0, IPv4: 3, IPv6: 0, 最小延迟: -1 ms, 最高速率: 0.00 M/s, 平均速率: 0.00 M/s, 最高分辨率: None, 平均帧率: 未知, 视频编解码器: 未知, 音频编解码器: 未知
分类: 🇭🇰香港频道, 名称: 香港佛陀, 有效: 1, IPv4: 1, IPv6: 0, 最小延迟: 2193 ms, 最高速率: 0.52 M/s, 平均速率: 0.52 M/s, 最高分辨率: 1920x1080, 平均帧率: 29.97, 视频编解码器: h264, 音频编解码器: aac
分类: 🎬电影频道, 名称: 1905电影, 有效: 0, IPv4: 1, IPv6: 0, 最小延迟: -1 ms, 最高速率: 0.00 M/s, 平均速率: 0.00 M/s, 最高分辨率: None, 平均帧率: 未知, 视频编解码器: 未知, 音频编解码器: 未知
分类: 🎬电影频道, 名称: 1905电影亚洲, 有效: 0, IPv4: 2, IPv6: 0, 最小延迟: -1 ms, 最高速率: 0.00 M/s, 平均速率: 0.00 M/s, 最高分辨率: None, 平均帧率: 未知, 视频编解码器: 未知, 音频编解码器: 未知
分类: 🎬电影频道, 名称: 1905电影国际, 有效: 0, IPv4: 1, IPv6: 0, 最小延迟: -1 ms, 最高速率: 0.00 M/s, 平均速率: 0.00 M/s, 最高分辨率: None, 平均帧率: 未知, 视频编解码器: 未知, 音频编解码器: 未知
分类: 🇭🇰香港频道, 名称: AXN, 有效: 4, IPv4: 14, IPv6: 0, 最小延迟: 363 ms, 最高速率: 2.15 M/s, 平均速率: 1.63 M/s, 最高分辨率: 1920x1080, 平均帧率: 38.98, 视频编解码器: h264, 音频编解码器: aac
分类: 🇭🇰香港频道, 名称: Astro AEC, 有效: 1, IPv4: 3, IPv6: 0, 最小延迟: 369 ms, 最高速率: 0.56 M/s, 平均速率: 0.56 M/s, 最高分辨率: 1920x1080, 平均帧率: 50.00, 视频编解码器: h264, 音频编解码器: aac
分类: 🇲🇴澳门频道, 名称: 澳视澳门, 有效: 0, IPv4: 7, IPv6: 0, 最小延迟: 4289 ms, 最高速率: 0.34 M/s, 平均速率: 0.00 M/s, 最高分辨率: 1920x1080, 平均帧率: 25.00, 视频编解码器: h264, 音频编解码器: aac
分类: 🇲🇴澳门频道, 名称: 澳门综艺, 有效: 0, IPv4: 3, IPv6: 0, 最小延迟: 4325 ms, 最高速率: 0.35 M/s, 平均速率: 0.00 M/s, 最高分辨率: 1920x1080, 平均帧率: 25.00, 视频编解码器: h264, 音频编解码器: aac
分类: 🇲🇴澳门频道, 名称: 澳门体育, 有效: 0, IPv4: 2, IPv6: 0, 最小延迟: 4140 ms, 最高速率: 0.32 M/s, 平均速率: 0.00 M/s, 最高分辨率: 1920x1080, 平均帧率: 25.00, 视频编解码器: h264, 音频编解码器: aac
分类: 🎬电影频道, 名称: CHC影迷电影, 有效: 3, IPv4: 27, IPv6: 0, 最小延迟: 369 ms, 最高速率: 4.22 M/s, 平均速率: 2.88 M/s, 最高分辨率: 1280x720, 平均帧率: 25.00, 视频编解码器: h264, 音频编解码器: aac
分类: 🎬电影频道, 名称: 古装妖魔, 有效: 0, IPv4: 1, IPv6: 0, 最小延迟: -1 ms, 最高速率: 0.00 M/s, 平均速率: 0.00 M/s, 最高分辨率: None, 平均帧率: 未知, 视频编解码器: 未知, 音频编解码器: 未知
分类: 🎬电影频道, 名称: CHC动作电影, 有效: 3, IPv4: 30, IPv6: 0, 最小延迟: 262 ms, 最高速率: 1.89 M/s, 平均速率: 1.86 M/s, 最高分辨率: 1920x1080, 平均帧率: 35.00, 视频编解码器: h264, 音频编解码器: aac
分类: 🎬电影频道, 名称: 海看大片, 有效: 0, IPv4: 1, IPv6: 0, 最小延迟: -1 ms, 最高速率: 0.00 M/s, 平均速率: 0.00 M/s, 最高分辨率: None, 平均帧率: 未知, 视频编解码器: 未知, 音频编解码器: 未知
分类: 🎬电影频道, 名称: 淘电影, 有效: 0, IPv4: 2, IPv6: 0, 最小延迟: -1 ms, 最高速率: 0.00 M/s, 平均速率: 0.00 M/s, 最高分辨率: None, 平均帧率: 未知, 视频编解码器: 未知, 音频编解码器: 未知
分类: 🎬电影频道, 名称: 淘剧场, 有效: 0, IPv4: 4, IPv6: 0, 最小延迟: -1 ms, 最高速率: 0.00 M/s, 平均速率: 0.00 M/s, 最高分辨率: None, 平均帧率: 未知, 视频编解码器: 未知, 音频编解码器: 未知
分类: 🎬电影频道, 名称: 黑莓电影, 有效: 0, IPv4: 2, IPv6: 0, 最小延迟: -1 ms, 最高速率: 0.00 M/s, 平均速率: 0.00 M/s, 最高分辨率: None, 平均帧率: 未知, 视频编解码器: 未知, 音频编解码器: 未知
分类: 🎬电影频道, 名称: 淘娱乐, 有效: 0, IPv4: 4, IPv6: 0, 最小延迟: -1 ms, 最高速率: 0.00 M/s, 平均速率: 0.00 M/s, 最高分辨率: None, 平均帧率: 未知, 视频编解码器: 未知, 音频编解码器: 未知
分类: 🎬电影频道, 名称: 淘Baby, 有效: 0, IPv4: 3, IPv6: 0, 最小延迟: -1 ms, 最高速率: 0.00 M/s, 平均速率: 0.00 M/s, 最高分辨率: None, 平均帧率: 未知, 视频编解码器: 未知, 音频编解码器: 未知
分类: 🎬电影频道, 名称: 萌宠TV, 有效: 0, IPv4: 2, IPv6: 0, 最小延迟: -1 ms, 最高速率: 0.00 M/s, 平均速率: 0.00 M/s, 最高分辨率: None, 平均帧率: 未知, 视频编解码器: 未知, 音频编解码器: 未知
分类: 🎬电影频道, 名称: 淘精彩, 有效: 0, IPv4: 1, IPv6: 0, 最小延迟: -1 ms, 最高速率: 0.00 M/s, 平均速率: 0.00 M/s, 最高分辨率: None, 平均帧率: 未知, 视频编解码器: 未知, 音频编解码器: 未知
分类: 🎬电影频道, 名称: NewTV惊悚悬疑, 有效: 0, IPv4: 3, IPv6: 0, 最小延迟: -1 ms, 最高速率: 0.00 M/s, 平均速率: 0.00 M/s, 最高分辨率: None, 平均帧率: 未知, 视频编解码器: 未知, 音频编解码器: 未知
分类: 🎬电影频道, 名称: CHC家庭影院, 有效: 5, IPv4: 34, IPv6: 0, 最小延迟: 331 ms, 最高速率: 3.53 M/s, 平均速率: 3.29 M/s, 最高分辨率: 1280x720, 平均帧率: 25.00, 视频编解码器: h264, 音频编解码器: aac
分类: 🎬电影频道, 名称: NewTV动作电影, 有效: 0, IPv4: 3, IPv6: 0, 最小延迟: -1 ms, 最高速率: 0.00 M/s, 平均速率: 0.00 M/s, 最高分辨率: None, 平均帧率: 未知, 视频编解码器: 未知, 音频编解码器: 未知
分类: 🎬电影频道, 名称: 凤凰电影, 有效: 0, IPv4: 8, IPv6: 0, 最小延迟: -1 ms, 最高速率: 0.00 M/s, 平均速率: 0.00 M/s, 最高分辨率: None, 平均帧率: 未知, 视频编解码器: 未知, 音频编解码器: 未知
分类: 🎬电影频道, 名称: 漫威电影, 有效: 0, IPv4: 1, IPv6: 0, 最小延迟: -1 ms, 最高速率: 0.00 M/s, 平均速率: 0.00 M/s, 最高分辨率: None, 平均帧率: 未知, 视频编解码器: 未知, 音频编解码器: 未知
分类: 🎬电影频道, 名称: 星光影视, 有效: 0, IPv4: 2, IPv6: 0, 最小延迟: -1 ms, 最高速率: 0.00 M/s, 平均速率: 0.00 M/s, 最高分辨率: None, 平均帧率: 未知, 视频编解码器: 未知, 音频编解码器: 未知
分类: 🎬电影频道, 名称: IPTV经典电影, 有效: 1, IPv4: 15, IPv6: 0, 最小延迟: 47 ms, 最高速率: 15.41 M/s, 平均速率: 15.41 M/s, 最高分辨率: 1280x720, 平均帧率: 24.00, 视频编解码器: h264, 音频编解码器: aac
分类: 🎬电影频道, 名称: 天映经典, 有效: 0, IPv4: 13, IPv6: 0, 最小延迟: -1 ms, 最高速率: 0.00 M/s, 平均速率: 0.00 M/s, 最高分辨率: None, 平均帧率: 未知, 视频编解码器: 未知, 音频编解码器: 未知
分类: 🎬电影频道, 名称: 无线星河, 有效: 0, IPv4: 5, IPv6: 0, 最小延迟: -1 ms, 最高速率: 0.00 M/s, 平均速率: 0.00 M/s, 最高分辨率: None, 平均帧率: 未知, 视频编解码器: 未知, 音频编解码器: 未知
分类: 🎬电影频道, 名称: 靖天映画, 有效: 2, IPv4: 13, IPv6: 0, 最小延迟: 358 ms, 最高速率: 1.54 M/s, 平均速率: 1.28 M/s, 最高分辨率: 1920x1080, 平均帧率: 30.00, 视频编解码器: h264, 音频编解码器: aac
分类: 🎬电影频道, 名称: 亚洲武侠, 有效: 0, IPv4: 6, IPv6: 0, 最小延迟: -1 ms, 最高速率: 0.00 M/s, 平均速率: 0.00 M/s, 最高分辨率: None, 平均帧率: 未知, 视频编解码器: 未知, 音频编解码器: 未知
分类: 🎬电影频道, 名称: 天映频道, 有效: 0, IPv4: 13, IPv6: 0, 最小延迟: -1 ms, 最高速率: 0.00 M/s, 平均速率: 0.00 M/s, 最高分辨率: None, 平均帧率: 未知, 视频编解码器: 未知, 音频编解码器: 未知
分类: 🎬电影频道, 名称: 八大戏剧, 有效: 0, IPv4: 1, IPv6: 0, 最小延迟: 391 ms, 最高速率: 0.00 M/s, 平均速率: 0.00 M/s, 最高分辨率: None, 平均帧率: 未知, 视频编解码器: 未知, 音频编解码器: 未知
分类: 🎬电影频道, 名称: 靖天戏剧, 有效: 0, IPv4: 14, IPv6: 0, 最小延迟: 384 ms, 最高速率: 0.00 M/s, 平均速率: 0.00 M/s, 最高分辨率: None, 平均帧率: 未知, 视频编解码器: 未知, 音频编解码器: 未知
分类: 🎬电影频道, 名称: 4K电影, 有效: 0, IPv4: 12, IPv6: 0, 最小延迟: 10581 ms, 最高速率: 0.27 M/s, 平均速率: 0.00 M/s, 最高分辨率: 1920x1080, 平均帧率: 25.00, 视频编解码器: h264, 音频编解码器: mp2
分类: 🎬电影频道, 名称: 三立戏剧, 有效: 1, IPv4: 1, IPv6: 0, 最小延迟: 6717 ms, 最高速率: 0.25 M/s, 平均速率: 0.25 M/s, 最高分辨率: 1280x720, 平均帧率: 25.00, 视频编解码器: h264, 音频编解码器: aac
分类: 🎬电影频道, 名称: AMC最爱电影, 有效: 0, IPv4: 2, IPv6: 0, 最小延迟: 56 ms, 最高速率: 0.10 M/s, 平均速率: 0.00 M/s, 最高分辨率: None, 平均帧率: 未知, 视频编解码器: 未知, 音频编解码器: 未知
分类: 🎬电影频道, 名称: 东森洋片, 有效: 1, IPv4: 11, IPv6: 0, 最小延迟: 367 ms, 最高速率: 1.35 M/s, 平均速率: 1.35 M/s, 最高分辨率: 1280x720, 平均帧率: 30.00, 视频编解码器: h264, 音频编解码器: aac
分类: 🎬电影频道, 名称: CatchPlay电影台, 有效: 0, IPv4: 3, IPv6: 0, 最小延迟: 362 ms, 最高速率: 0.59 M/s, 平均速率: 0.00 M/s, 最高分辨率: None, 平均帧率: 未知, 视频编解码器: 未知, 音频编解码器: 未知
分类: 🎬电影频道, 名称: CINEMAX, 有效: 1, IPv4: 8, IPv6: 0, 最小延迟: 421 ms, 最高速率: 2.11 M/s, 平均速率: 1.56 M/s, 最高分辨率: 1920x1080, 平均帧率: 50.00, 视频编解码器: h264, 音频编解码器: aac
分类: 🎬电影频道, 名称: HBOFamily, 有效: 0, IPv4: 2, IPv6: 0, 最小延迟: -1 ms, 最高速率: 0.00 M/s, 平均速率: 0.00 M/s, 最高分辨率: None, 平均帧率: 未知, 视频编解码器: 未知, 音频编解码器: 未知
分类: 🎬电影频道, 名称: StarMovies, 有效: 0, IPv4: 2, IPv6: 0, 最小延迟: -1 ms, 最高速率: 0.00 M/s, 平均速率: 0.00 M/s, 最高分辨率: None, 平均帧率: 未知, 视频编解码器: 未知, 音频编解码器: 未知
分类: 🎬电影频道, 名称: 爱尔达影剧台, 有效: 0, IPv4: 3, IPv6: 0, 最小延迟: -1 ms, 最高速率: 0.00 M/s, 平均速率: 0.00 M/s, 最高分辨率: None, 平均帧率: 未知, 视频编解码器: 未知, 音频编解码器: 未知
分类: 🎬电影频道, 名称: WARNERTV, 有效: 0, IPv4: 2, IPv6: 0, 最小延迟: -1 ms, 最高速率: 0.00 M/s, 平均速率: 0.00 M/s, 最高分辨率: None, 平均帧率: 未知, 视频编解码器: 未知, 音频编解码器: 未知
分类: 🎬电影频道, 名称: HBO signature, 有效: 0, IPv4: 1, IPv6: 0, 最小延迟: -1 ms, 最高速率: 0.00 M/s, 平均速率: 0.00 M/s, 最高分辨率: None, 平均帧率: 未知, 视频编解码器: 未知, 音频编解码器: 未知
分类: 🎬电影频道, 名称: CinemaWorld, 有效: 0, IPv4: 4, IPv6: 0, 最小延迟: 365 ms, 最高速率: 0.18 M/s, 平均速率: 0.00 M/s, 最高分辨率: None, 平均帧率: 未知, 视频编解码器: 未知, 音频编解码器: 未知
分类: 🎬电影频道, 名称: 壹电视电影, 有效: 0, IPv4: 2, IPv6: 0, 最小延迟: -1 ms, 最高速率: 0.00 M/s, 平均速率: 0.00 M/s, 最高分辨率: None, 平均帧率: 未知, 视频编解码器: 未知, 音频编解码器: 未知
分类: 🎬电影频道, 名称: 星卫电影, 有效: 0, IPv4: 2, IPv6: 0, 最小延迟: -1 ms, 最高速率: 0.00 M/s, 平均速率: 0.00 M/s, 最高分辨率: None, 平均帧率: 未知, 视频编解码器: 未知, 音频编解码器: 未知
分类: 🎬电影频道, 名称: 靖天电影, 有效: 0, IPv4: 7, IPv6: 0, 最小延迟: 396 ms, 最高速率: 0.00 M/s, 平均速率: 0.00 M/s, 最高分辨率: None, 平均帧率: 未知, 视频编解码器: 未知, 音频编解码器: 未知
分类: 🎬电影频道, 名称: 美亚电影, 有效: 0, IPv4: 7, IPv6: 0, 最小延迟: -1 ms, 最高速率: 0.00 M/s, 平均速率: 0.00 M/s, 最高分辨率: None, 平均帧率: 未知, 视频编解码器: 未知, 音频编解码器: 未知
分类: 🎬电影频道, 名称: 影迷数位电影, 有效: 0, IPv4: 8, IPv6: 0, 最小延迟: 199 ms, 最高速率: 0.00 M/s, 平均速率: 0.00 M/s, 最高分辨率: None, 平均帧率: 未知, 视频编解码器: 未知, 音频编解码器: 未知
分类: 🎬电影频道, 名称: HBO, 有效: 3, IPv4: 34, IPv6: 0, 最小延迟: 104 ms, 最高速率: 38.61 M/s, 平均速率: 13.33 M/s, 最高分辨率: 1920x1080, 平均帧率: 46.64, 视频编解码器: h264, 音频编解码器: aac
分类: 🎬电影频道, 名称: 烟台影视, 有效: 0, IPv4: 1, IPv6: 0, 最小延迟: -1 ms, 最高速率: 0.00 M/s, 平均速率: 0.00 M/s, 最高分辨率: None, 平均帧率: 未知, 视频编解码器: 未知, 音频编解码器: 未知
分类: 🏀体育频道, 名称: 北京体育, 有效: 0, IPv4: 1, IPv6: 0, 最小延迟: -1 ms, 最高速率: 0.00 M/s, 平均速率: 0.00 M/s, 最高分辨率: None, 平均帧率: 未知, 视频编解码器: 未知, 音频编解码器: 未知
分类: 🎬电影频道, 名称: 东方影视, 有效: 0, IPv4: 32, IPv6: 0, 最小延迟: -1 ms, 最高速率: 0.00 M/s, 平均速率: 0.00 M/s, 最高分辨率: None, 平均帧率: 未知, 视频编解码器: 未知, 音频编解码器: 未知
分类: 🏀体育频道, 名称: 福建体育, 有效: 0, IPv4: 1, IPv6: 0, 最小延迟: -1 ms, 最高速率: 0.00 M/s, 平均速率: 0.00 M/s, 最高分辨率: None, 平均帧率: 未知, 视频编解码器: 未知, 音频编解码器: 未知
分类: 🎬电影频道, 名称: 绍兴影视, 有效: 0, IPv4: 1, IPv6: 0, 最小延迟: 4280 ms, 最高速率: 0.18 M/s, 平均速率: 0.00 M/s, 最高分辨率: 1280x720, 平均帧率: 25.00, 视频编解码器: h264, 音频编解码器: aac
分类: 🎬电影频道, 名称: 浙江教科影视, 有效: 0, IPv4: 3, IPv6: 0, 最小延迟: 1114 ms, 最高速率: 0.34 M/s, 平均速率: 0.00 M/s, 最高分辨率: 1920x1080, 平均帧率: 25.00, 视频编解码器: h264, 音频编解码器: aac
分类: 🎬电影频道, 名称: 浙江影视, 有效: 0, IPv4: 1, IPv6: 0, 最小延迟: 1753 ms, 最高速率: 0.36 M/s, 平均速率: 0.00 M/s, 最高分辨率: 1920x1080, 平均帧率: 25.00, 视频编解码器: h264, 音频编解码器: aac
分类: 🎬电影频道, 名称: 采昌影剧台, 有效: 0, IPv4: 13, IPv6: 0, 最小延迟: 391 ms, 最高速率: 0.00 M/s, 平均速率: 0.00 M/s, 最高分辨率: None, 平均帧率: 未知, 视频编解码器: 未知, 音频编解码器: 未知
分类: 🎬电影频道, 名称: 好莱坞电影台, 有效: 1, IPv4: 4, IPv6: 0, 最小延迟: 416 ms, 最高速率: 0.28 M/s, 平均速率: 0.28 M/s, 最高分辨率: 1280x720, 平均帧率: 30.00, 视频编解码器: h264, 音频编解码器: aac
分类: 🎬电影频道, 名称: 南宁影视, 有效: 1, IPv4: 7, IPv6: 0, 最小延迟: 1188 ms, 最高速率: 0.21 M/s, 平均速率: 0.21 M/s, 最高分辨率: 1280x720, 平均帧率: 25.00, 视频编解码器: h264, 音频编解码器: aac
分类: 🎬电影频道, 名称: 新昌休闲影视, 有效: 0, IPv4: 1, IPv6: 0, 最小延迟: 2077 ms, 最高速率: 0.30 M/s, 平均速率: 0.00 M/s, 最高分辨率: 1920x1080, 平均帧率: 25.00, 视频编解码器: h264, 音频编解码器: aac
分类: 🏀体育频道, 名称: 江苏体育, 有效: 0, IPv4: 8, IPv6: 0, 最小延迟: -1 ms, 最高速率: 0.00 M/s, 平均速率: 0.00 M/s, 最高分辨率: None, 平均帧率: 未知, 视频编解码器: 未知, 音频编解码器: 未知
分类: 🏀体育频道, 名称: 安徽综艺体育, 有效: 0, IPv4: 2, IPv6: 0, 最小延迟: -1 ms, 最高速率: 0.00 M/s, 平均速率: 0.00 M/s, 最高分辨率: None, 平均帧率: 未知, 视频编解码器: 未知, 音频编解码器: 未知
分类: 🏀体育频道, 名称: 陕西体育休闲, 有效: 0, IPv4: 1, IPv6: 0, 最小延迟: -1 ms, 最高速率: 0.00 M/s, 平均速率: 0.00 M/s, 最高分辨率: None, 平均帧率: 未知, 视频编解码器: 未知, 音频编解码器: 未知
分类: 🏀体育频道, 名称: 睛彩篮球, 有效: 0, IPv4: 14, IPv6: 0, 最小延迟: -1 ms, 最高速率: 0.00 M/s, 平均速率: 0.00 M/s, 最高分辨率: None, 平均帧率: 未知, 视频编解码器: 未知, 音频编解码器: 未知
分类: 🏀体育频道, 名称: 睛彩竞技, 有效: 0, IPv4: 13, IPv6: 0, 最小延迟: -1 ms, 最高速率: 0.00 M/s, 平均速率: 0.00 M/s, 最高分辨率: None, 平均帧率: 未知, 视频编解码器: 未知, 音频编解码器: 未知
分类: 🏀体育频道, 名称: 睛彩青少, 有效: 0, IPv4: 10, IPv6: 0, 最小延迟: -1 ms, 最高速率: 0.00 M/s, 平均速率: 0.00 M/s, 最高分辨率: None, 平均帧率: 未知, 视频编解码器: 未知, 音频编解码器: 未知
分类: 🏀体育频道, 名称: 睛彩广场舞, 有效: 0, IPv4: 10, IPv6: 0, 最小延迟: -1 ms, 最高速率: 0.00 M/s, 平均速率: 0.00 M/s, 最高分辨率: None, 平均帧率: 未知, 视频编解码器: 未知, 音频编解码器: 未知
分类: 🏀体育频道, 名称: 魅力足球, 有效: 0, IPv4: 2, IPv6: 0, 最小延迟: -1 ms, 最高速率: 0.00 M/s, 平均速率: 0.00 M/s, 最高分辨率: None, 平均帧率: 未知, 视频编解码器: 未知, 音频编解码器: 未知
分类: 🏀体育频道, 名称: 足球频道, 有效: 0, IPv4: 5, IPv6: 0, 最小延迟: -1 ms, 最高速率: 0.00 M/s, 平均速率: 0.00 M/s, 最高分辨率: None, 平均帧率: 未知, 视频编解码器: 未知, 音频编解码器: 未知
分类: 🏀体育频道, 名称: 全民乒乓, 有效: 0, IPv4: 1, IPv6: 0, 最小延迟: -1 ms, 最高速率: 0.00 M/s, 平均速率: 0.00 M/s, 最高分辨率: None, 平均帧率: 未知, 视频编解码器: 未知, 音频编解码器: 未知
分类: 🏀体育频道, 名称: 体育赛事, 有效: 0, IPv4: 1, IPv6: 0, 最小延迟: -1 ms, 最高速率: 0.00 M/s, 平均速率: 0.00 M/s, 最高分辨率: None, 平均帧率: 未知, 视频编解码器: 未知, 音频编解码器: 未知
分类: 🏀体育频道, 名称: 天津体育, 有效: 2, IPv4: 6, IPv6: 0, 最小延迟: 563 ms, 最高速率: 5.39 M/s, 平均速率: 5.37 M/s, 最高分辨率: 1280x720, 平均帧率: 25.00, 视频编解码器: h264, 音频编解码器: aac
分类: 🏀体育频道, 名称: 先锋乒羽, 有效: 0, IPv4: 4, IPv6: 0, 最小延迟: -1 ms, 最高速率: 0.00 M/s, 平均速率: 0.00 M/s, 最高分辨率: None, 平均帧率: 未知, 视频编解码器: 未知, 音频编解码器: 未知
分类: 🏀体育频道, 名称: IHOT爱体育, 有效: 0, IPv4: 2, IPv6: 0, 最小延迟: -1 ms, 最高速率: 0.00 M/s, 平均速率: 0.00 M/s, 最高分辨率: None, 平均帧率: 未知, 视频编解码器: 未知, 音频编解码器: 未知
分类: 🏀体育频道, 名称: 超级体育, 有效: 0, IPv4: 1, IPv6: 0, 最小延迟: -1 ms, 最高速率: 0.00 M/s, 平均速率: 0.00 M/s, 最高分辨率: None, 平均帧率: 未知, 视频编解码器: 未知, 音频编解码器: 未知
分类: 🏀体育频道, 名称: 山东体育, 有效: 0, IPv4: 4, IPv6: 0, 最小延迟: 13 ms, 最高速率: 8.78 M/s, 平均速率: 0.00 M/s, 最高分辨率: None, 平均帧率: 未知, 视频编解码器: 未知, 音频编解码器: aac
分类: 🏀体育频道, 名称: 辽宁体育, 有效: 0, IPv4: 2, IPv6: 0, 最小延迟: 10287 ms, 最高速率: 0.00 M/s, 平均速率: 0.00 M/s, 最高分辨率: None, 平均帧率: 未知, 视频编解码器: 未知, 音频编解码器: 未知
分类: 🏀体育频道, 名称: 精品体育, 有效: 0, IPv4: 1, IPv6: 0, 最小延迟: -1 ms, 最高速率: 0.00 M/s, 平均速率: 0.00 M/s, 最高分辨率: None, 平均帧率: 未知, 视频编解码器: 未知, 音频编解码器: 未知
分类: 🏀体育频道, 名称: 五星体育, 有效: 2, IPv4: 11, IPv6: 0, 最小延迟: 442 ms, 最高速率: 8.93 M/s, 平均速率: 8.85 M/s, 最高分辨率: 1920x1080, 平均帧率: 25.00, 视频编解码器: h264, 音频编解码器: mp2
分类: 🏀体育频道, 名称: 体育休闲, 有效: 0, IPv4: 31, IPv6: 0, 最小延迟: 1231 ms, 最高速率: 0.23 M/s, 平均速率: 0.00 M/s, 最高分辨率: 854x480, 平均帧率: 25.00, 视频编解码器: h264, 音频编解码器: aac
分类: 🏀体育频道, 名称: IHOT爱赛车, 有效: 0, IPv4: 1, IPv6: 0, 最小延迟: -1 ms, 最高速率: 0.00 M/s, 平均速率: 0.00 M/s, 最高分辨率: None, 平均帧率: 未知, 视频编解码器: 未知, 音频编解码器: 未知
分类: 🏀体育频道, 名称: 武搏世界, 有效: 0, IPv4: 2, IPv6: 0, 最小延迟: -1 ms, 最高速率: 0.00 M/s, 平均速率: 0.00 M/s, 最高分辨率: None, 平均帧率: 未知, 视频编解码器: 未知, 音频编解码器: 未知
分类: 🏀体育频道, 名称: 武术世界, 有效: 1, IPv4: 25, IPv6: 0, 最小延迟: 1177 ms, 最高速率: 0.22 M/s, 平均速率: 0.22 M/s, 最高分辨率: 1280x720, 平均帧率: 25.00, 视频编解码器: h264, 音频编解码器: aac
分类: 🏀体育频道, 名称: 劲爆体育, 有效: 1, IPv4: 5, IPv6: 0, 最小延迟: 7338 ms, 最高速率: 0.75 M/s, 平均速率: 0.75 M/s, 最高分辨率: 1920x1080, 平均帧率: 50.00, 视频编解码器: h264, 音频编解码器: mp2
分类: 🏀体育频道, 名称: 天元围棋, 有效: 3, IPv4: 7, IPv6: 0, 最小延迟: 447 ms, 最高速率: 8.82 M/s, 平均速率: 8.45 M/s, 最高分辨率: 1920x1080, 平均帧率: 25.00, 视频编解码器: h264, 音频编解码器: aac
分类: 🏀体育频道, 名称: 哒啵赛事, 有效: 0, IPv4: 3, IPv6: 0, 最小延迟: -1 ms, 最高速率: 0.00 M/s, 平均速率: 0.00 M/s, 最高分辨率: None, 平均帧率: 未知, 视频编解码器: 未知, 音频编解码器: 未知
分类: 🏀体育频道, 名称: 哒啵电竞, 有效: 0, IPv4: 1, IPv6: 0, 最小延迟: -1 ms, 最高速率: 0.00 M/s, 平均速率: 0.00 M/s, 最高分辨率: None, 平均帧率: 未知, 视频编解码器: 未知, 音频编解码器: 未知
分类: 🏀体育频道, 名称: JJ斗地主, 有效: 0, IPv4: 15, IPv6: 0, 最小延迟: -1 ms, 最高速率: 0.00 M/s, 平均速率: 0.00 M/s, 最高分辨率: None, 平均帧率: 未知, 视频编解码器: 未知, 音频编解码器: 未知
分类: 🏀体育频道, 名称: DAZN2, 有效: 0, IPv4: 2, IPv6: 0, 最小延迟: -1 ms, 最高速率: 0.00 M/s, 平均速率: 0.00 M/s, 最高分辨率: None, 平均帧率: 未知, 视频编解码器: 未知, 音频编解码器: 未知
分类: 🏀体育频道, 名称: J_SPORTS_2, 有效: 0, IPv4: 2, IPv6: 0, 最小延迟: -1 ms, 最高速率: 0.00 M/s, 平均速率: 0.00 M/s, 最高分辨率: None, 平均帧率: 未知, 视频编解码器: 未知, 音频编解码器: 未知
分类: 🏀体育频道, 名称: J_SPORTS_3, 有效: 0, IPv4: 3, IPv6: 0, 最小延迟: -1 ms, 最高速率: 0.00 M/s, 平均速率: 0.00 M/s, 最高分辨率: None, 平均帧率: 未知, 视频编解码器: 未知, 音频编解码器: 未知
分类: 🪁少儿频道, 名称: 南京少儿, 有效: 0, IPv4: 2, IPv6: 0, 最小延迟: -1 ms, 最高速率: 0.00 M/s, 平均速率: 0.00 M/s, 最高分辨率: None, 平均帧率: 未知, 视频编解码器: 未知, 音频编解码器: 未知
分类: 🏀体育频道, 名称: J_SPORTS_4, 有效: 0, IPv4: 3, IPv6: 0, 最小延迟: -1 ms, 最高速率: 0.00 M/s, 平均速率: 0.00 M/s, 最高分辨率: None, 平均帧率: 未知, 视频编解码器: 未知, 音频编解码器: 未知
分类: 🏀体育频道, 名称: Trace Sports, 有效: 1, IPv4: 4, IPv6: 0, 最小延迟: 87 ms, 最高速率: 47.22 M/s, 平均速率: 47.22 M/s, 最高分辨率: 1920x1080, 平均帧率: 25.00, 视频编解码器: h264, 音频编解码器: aac
分类: 🏀体育频道, 名称: J_SPORTS_1, 有效: 0, IPv4: 2, IPv6: 0, 最小延迟: -1 ms, 最高速率: 0.00 M/s, 平均速率: 0.00 M/s, 最高分辨率: None, 平均帧率: 未知, 视频编解码器: 未知, 音频编解码器: 未知
分类: 🪁少儿频道, 名称: 福建少儿, 有效: 0, IPv4: 1, IPv6: 0, 最小延迟: -1 ms, 最高速率: 0.00 M/s, 平均速率: 0.00 M/s, 最高分辨率: None, 平均帧率: 未知, 视频编解码器: 未知, 音频编解码器: 未知
分类: 🪁少儿频道, 名称: 内蒙古少儿, 有效: 0, IPv4: 2, IPv6: 0, 最小延迟: -1 ms, 最高速率: 0.00 M/s, 平均速率: 0.00 M/s, 最高分辨率: None, 平均帧率: 未知, 视频编解码器: 未知, 音频编解码器: 未知
分类: 🏀体育频道, 名称: 体坛名栏汇, 有效: 1, IPv4: 17, IPv6: 0, 最小延迟: 1210 ms, 最高速率: 0.21 M/s, 平均速率: 0.21 M/s, 最高分辨率: 1280x720, 平均帧率: 25.00, 视频编解码器: h264, 音频编解码器: aac
分类: 🪁少儿频道, 名称: 霸州少儿频道, 有效: 0, IPv4: 1, IPv6: 0, 最小延迟: -1 ms, 最高速率: 0.00 M/s, 平均速率: 0.00 M/s, 最高分辨率: None, 平均帧率: 未知, 视频编解码器: 未知, 音频编解码器: 未知
分类: 🪁少儿频道, 名称: 武汉少儿频道, 有效: 0, IPv4: 1, IPv6: 0, 最小延迟: -1 ms, 最高速率: 0.00 M/s, 平均速率: 0.00 M/s, 最高分辨率: None, 平均帧率: 未知, 视频编解码器: 未知, 音频编解码器: 未知
分类: 🪁少儿频道, 名称: 浙江少儿, 有效: 0, IPv4: 5, IPv6: 0, 最小延迟: 1062 ms, 最高速率: 0.37 M/s, 平均速率: 0.00 M/s, 最高分辨率: 1920x1080, 平均帧率: 25.00, 视频编解码器: h264, 音频编解码器: aac
分类: 🏀体育频道, 名称: 快乐垂钓, 有效: 0, IPv4: 19, IPv6: 0, 最小延迟: 1512 ms, 最高速率: 0.37 M/s, 平均速率: 0.00 M/s, 最高分辨率: 640x360, 平均帧率: 25.00, 视频编解码器: h264, 音频编解码器: aac
分类: 🪁少儿频道, 名称: 河北少儿科教, 有效: 0, IPv4: 2, IPv6: 0, 最小延迟: 1788 ms, 最高速率: 0.28 M/s, 平均速率: 0.00 M/s, 最高分辨率: 960x540, 平均帧率: 50.00, 视频编解码器: h264, 音频编解码器: aac
分类: 🪁少儿频道, 名称: 少儿动画, 有效: 0, IPv4: 14, IPv6: 0, 最小延迟: -1 ms, 最高速率: 0.00 M/s, 平均速率: 0.00 M/s, 最高分辨率: None, 平均帧率: 未知, 视频编解码器: 未知, 音频编解码器: 未知
分类: 🏀体育频道, 名称: 四海钓鱼, 有效: 1, IPv4: 35, IPv6: 0, 最小延迟: 1231 ms, 最高速率: 0.23 M/s, 平均速率: 0.23 M/s, 最高分辨率: 1280x720, 平均帧率: 25.00, 视频编解码器: h264, 音频编解码器: aac
分类: 🪁少儿频道, 名称: 黑龙江少儿, 有效: 0, IPv4: 3, IPv6: 0, 最小延迟: 6971 ms, 最高速率: 0.29 M/s, 平均速率: 0.00 M/s, 最高分辨率: 720x576, 平均帧率: 25.00, 视频编解码器: mpeg2video, 音频编解码器: mp2
分类: 🪁少儿频道, 名称: 卡酷少儿, 有效: 1, IPv4: 15, IPv6: 0, 最小延迟: 411 ms, 最高速率: 6.61 M/s, 平均速率: 6.61 M/s, 最高分辨率: 1920x1080, 平均帧率: 25.00, 视频编解码器: h264, 音频编解码器: aac
分类: 🪁少儿频道, 名称: 爱动漫, 有效: 0, IPv4: 2, IPv6: 0, 最小延迟: -1 ms, 最高速率: 0.00 M/s, 平均速率: 0.00 M/s, 最高分辨率: None, 平均帧率: 未知, 视频编解码器: 未知, 音频编解码器: 未知
分类: 🪁少儿频道, 名称: 动漫秀场, 有效: 1, IPv4: 10, IPv6: 0, 最小延迟: 318 ms, 最高速率: 2.15 M/s, 平均速率: 2.15 M/s, 最高分辨率: 1280x720, 平均帧率: 60.00, 视频编解码器: h264, 音频编解码器: aac
分类: 🪁少儿频道, 名称: 新动漫, 有效: 0, IPv4: 12, IPv6: 0, 最小延迟: -1 ms, 最高速率: 0.00 M/s, 平均速率: 0.00 M/s, 最高分辨率: None, 平均帧率: 未知, 视频编解码器: 未知, 音频编解码器: 未知
分类: 🪁少儿频道, 名称: 卡酷动画, 有效: 0, IPv4: 4, IPv6: 0, 最小延迟: 10429 ms, 最高速率: 0.09 M/s, 平均速率: 0.00 M/s, 最高分辨率: 720x576, 平均帧率: 25.00, 视频编解码器: h264, 音频编解码器: mp2
分类: 🪁少儿频道, 名称: 优漫卡通, 有效: 0, IPv4: 12, IPv6: 0, 最小延迟: 477 ms, 最高速率: 10.96 M/s, 平均速率: 0.00 M/s, 最高分辨率: 720x576, 平均帧率: 25.00, 视频编解码器: h264, 音频编解码器: aac
分类: 🪁少儿频道, 名称: NewTV黑莓动画, 有效: 0, IPv4: 1, IPv6: 0, 最小延迟: -1 ms, 最高速率: 0.00 M/s, 平均速率: 0.00 M/s, 最高分辨率: None, 平均帧率: 未知, 视频编解码器: 未知, 音频编解码器: 未知
分类: 🪁少儿频道, 名称: 山东少儿, 有效: 0, IPv4: 2, IPv6: 0, 最小延迟: 10422 ms, 最高速率: 0.00 M/s, 平均速率: 0.00 M/s, 最高分辨率: None, 平均帧率: 未知, 视频编解码器: 未知, 音频编解码器: 未知
分类: 🪁少儿频道, 名称: 炫动卡通, 有效: 0, IPv4: 3, IPv6: 0, 最小延迟: -1 ms, 最高速率: 0.00 M/s, 平均速率: 0.00 M/s, 最高分辨率: None, 平均帧率: 未知, 视频编解码器: 未知, 音频编解码器: 未知
分类: 🪁少儿频道, 名称: 猫和老鼠, 有效: 0, IPv4: 2, IPv6: 0, 最小延迟: -1 ms, 最高速率: 0.00 M/s, 平均速率: 0.00 M/s, 最高分辨率: None, 平均帧率: 未知, 视频编解码器: 未知, 音频编解码器: 未知
分类: 🪁少儿频道, 名称: 哆啦A梦, 有效: 0, IPv4: 1, IPv6: 0, 最小延迟: -1 ms, 最高速率: 0.00 M/s, 平均速率: 0.00 M/s, 最高分辨率: None, 平均帧率: 未知, 视频编解码器: 未知, 音频编解码器: 未知
分类: 🪁少儿频道, 名称: 蜡笔小新, 有效: 0, IPv4: 1, IPv6: 0, 最小延迟: -1 ms, 最高速率: 0.00 M/s, 平均速率: 0.00 M/s, 最高分辨率: None, 平均帧率: 未知, 视频编解码器: 未知, 音频编解码器: 未知
分类: 🪁少儿频道, 名称: 灌篮高手, 有效: 0, IPv4: 1, IPv6: 0, 最小延迟: -1 ms, 最高速率: 0.00 M/s, 平均速率: 0.00 M/s, 最高分辨率: None, 平均帧率: 未知, 视频编解码器: 未知, 音频编解码器: 未知
分类: 🎮游戏频道, 名称: 游戏风云, 有效: 0, IPv4: 5, IPv6: 0, 最小延迟: -1 ms, 最高速率: 0.00 M/s, 平均速率: 0.00 M/s, 最高分辨率: None, 平均帧率: 未知, 视频编解码器: 未知, 音频编解码器: 未知
分类: 🪁少儿频道, 名称: 哈哈炫动, 有效: 2, IPv4: 11, IPv6: 0, 最小延迟: 385 ms, 最高速率: 10.42 M/s, 平均速率: 6.80 M/s, 最高分辨率: 1920x1080, 平均帧率: 42.50, 视频编解码器: h264, 音频编解码器: aac
分类: 🪁少儿频道, 名称: 七龙珠, 有效: 0, IPv4: 2, IPv6: 0, 最小延迟: -1 ms, 最高速率: 0.00 M/s, 平均速率: 0.00 M/s, 最高分辨率: None, 平均帧率: 未知, 视频编解码器: 未知, 音频编解码器: 未知
分类: 🪁少儿频道, 名称: 火影忍者, 有效: 0, IPv4: 3, IPv6: 0, 最小延迟: -1 ms, 最高速率: 0.00 M/s, 平均速率: 0.00 M/s, 最高分辨率: None, 平均帧率: 未知, 视频编解码器: 未知, 音频编解码器: 未知
分类: 🎵音乐频道, 名称: 音乐调频广播, 有效: 0, IPv4: 1, IPv6: 0, 最小延迟: -1 ms, 最高速率: 0.00 M/s, 平均速率: 0.00 M/s, 最高分辨率: None, 平均帧率: 未知, 视频编解码器: 未知, 音频编解码器: 未知
分类: 🎮游戏频道, 名称: 游戏竞技, 有效: 0, IPv4: 1, IPv6: 0, 最小延迟: -1 ms, 最高速率: 0.00 M/s, 平均速率: 0.00 M/s, 最高分辨率: None, 平均帧率: 未知, 视频编解码器: 未知, 音频编解码器: 未知
分类: 🪁少儿频道, 名称: 韩国EBS少儿频道, 有效: 0, IPv4: 1, IPv6: 0, 最小延迟: 1843 ms, 最高速率: 0.43 M/s, 平均速率: 0.00 M/s, 最高分辨率: 640x360, 平均帧率: 29.97, 视频编解码器: h264, 音频编解码器: aac
分类: 🪁少儿频道, 名称: 中华小当家, 有效: 0, IPv4: 2, IPv6: 0, 最小延迟: 398 ms, 最高速率: 0.00 M/s, 平均速率: 0.00 M/s, 最高分辨率: None, 平均帧率: 未知, 视频编解码器: 未知, 音频编解码器: 未知
分类: 🔢数字频道, 名称: IPTV军旅剧场, 有效: 0, IPv4: 2, IPv6: 0, 最小延迟: -1 ms, 最高速率: 0.00 M/s, 平均速率: 0.00 M/s, 最高分辨率: None, 平均帧率: 未知, 视频编解码器: 未知, 音频编解码器: 未知
分类: 🔢数字频道, 名称: IPTV动作影院, 有效: 0, IPv4: 1, IPv6: 0, 最小延迟: -1 ms, 最高速率: 0.00 M/s, 平均速率: 0.00 M/s, 最高分辨率: None, 平均帧率: 未知, 视频编解码器: 未知, 音频编解码器: 未知
分类: 🔢数字频道, 名称: IPTV喜剧剧场, 有效: 0, IPv4: 1, IPv6: 0, 最小延迟: -1 ms, 最高速率: 0.00 M/s, 平均速率: 0.00 M/s, 最高分辨率: None, 平均帧率: 未知, 视频编解码器: 未知, 音频编解码器: 未知
分类: 🔢数字频道, 名称: IPTV武侠剧场, 有效: 0, IPv4: 1, IPv6: 0, 最小延迟: -1 ms, 最高速率: 0.00 M/s, 平均速率: 0.00 M/s, 最高分辨率: None, 平均帧率: 未知, 视频编解码器: 未知, 音频编解码器: 未知
分类: 🎵音乐频道, 名称: 音乐广播, 有效: 0, IPv4: 9, IPv6: 0, 最小延迟: -1 ms, 最高速率: 0.00 M/s, 平均速率: 0.00 M/s, 最高分辨率: None, 平均帧率: 未知, 视频编解码器: 未知, 音频编解码器: 未知
分类: 🔢数字频道, 名称: IPTV都市剧场, 有效: 0, IPv4: 1, IPv6: 0, 最小延迟: -1 ms, 最高速率: 0.00 M/s, 平均速率: 0.00 M/s, 最高分辨率: None, 平均帧率: 未知, 视频编解码器: 未知, 音频编解码器: 未知
分类: 🔢数字频道, 名称: IPTV家庭影院, 有效: 0, IPv4: 1, IPv6: 0, 最小延迟: -1 ms, 最高速率: 0.00 M/s, 平均速率: 0.00 M/s, 最高分辨率: None, 平均帧率: 未知, 视频编解码器: 未知, 音频编解码器: 未知
分类: 🎵音乐频道, 名称: 音乐现场, 有效: 0, IPv4: 4, IPv6: 0, 最小延迟: 7 ms, 最高速率: 14.11 M/s, 平均速率: 0.00 M/s, 最高分辨率: None, 平均帧率: 未知, 视频编解码器: 未知, 音频编解码器: aac
分类: 🔢数字频道, 名称: IPTV精选, 有效: 0, IPv4: 1, IPv6: 0, 最小延迟: -1 ms, 最高速率: 0.00 M/s, 平均速率: 0.00 M/s, 最高分辨率: None, 平均帧率: 未知, 视频编解码器: 未知, 音频编解码器: 未知
分类: 🪁少儿频道, 名称: CN卡通, 有效: 0, IPv4: 3, IPv6: 0, 最小延迟: -1 ms, 最高速率: 0.00 M/s, 平均速率: 0.00 M/s, 最高分辨率: None, 平均帧率: 未知, 视频编解码器: 未知, 音频编解码器: 未知
分类: 🔢数字频道, 名称: IPTV影视, 有效: 0, IPv4: 1, IPv6: 0, 最小延迟: -1 ms, 最高速率: 0.00 M/s, 平均速率: 0.00 M/s, 最高分辨率: None, 平均帧率: 未知, 视频编解码器: 未知, 音频编解码器: 未知
分类: 🪁少儿频道, 名称: 金鹰卡通, 有效: 0, IPv4: 28, IPv6: 0, 最小延迟: 10115 ms, 最高速率: 0.22 M/s, 平均速率: 0.00 M/s, 最高分辨率: 720x576, 平均帧率: 25.00, 视频编解码器: mpeg2video, 音频编解码器: mp2
分类: 🔢数字频道, 名称: IPTV热播剧场, 有效: 0, IPv4: 3, IPv6: 0, 最小延迟: -1 ms, 最高速率: 0.00 M/s, 平均速率: 0.00 M/s, 最高分辨率: None, 平均帧率: 未知, 视频编解码器: 未知, 音频编解码器: 未知
分类: 🔢数字频道, 名称: IPTV地理, 有效: 0, IPv4: 1, IPv6: 0, 最小延迟: -1 ms, 最高速率: 0.00 M/s, 平均速率: 0.00 M/s, 最高分辨率: None, 平均帧率: 未知, 视频编解码器: 未知, 音频编解码器: 未知
分类: 🔢数字频道, 名称: IPTV谍战剧场, 有效: 0, IPv4: 2, IPv6: 0, 最小延迟: -1 ms, 最高速率: 0.00 M/s, 平均速率: 0.00 M/s, 最高分辨率: None, 平均帧率: 未知, 视频编解码器: 未知, 音频编解码器: 未知
分类: 🔢数字频道, 名称: IPTV军事, 有效: 0, IPv4: 1, IPv6: 0, 最小延迟: -1 ms, 最高速率: 0.00 M/s, 平均速率: 0.00 M/s, 最高分辨率: None, 平均帧率: 未知, 视频编解码器: 未知, 音频编解码器: 未知
分类: 🔢数字频道, 名称: IPTV武术, 有效: 0, IPv4: 1, IPv6: 0, 最小延迟: -1 ms, 最高速率: 0.00 M/s, 平均速率: 0.00 M/s, 最高分辨率: None, 平均帧率: 未知, 视频编解码器: 未知, 音频编解码器: 未知
分类: 🔢数字频道, 名称: IPTV光影, 有效: 0, IPv4: 1, IPv6: 0, 最小延迟: -1 ms, 最高速率: 0.00 M/s, 平均速率: 0.00 M/s, 最高分辨率: None, 平均帧率: 未知, 视频编解码器: 未知, 音频编解码器: 未知
分类: 🔢数字频道, 名称: IPTV墨宝, 有效: 0, IPv4: 1, IPv6: 0, 最小延迟: -1 ms, 最高速率: 0.00 M/s, 平均速率: 0.00 M/s, 最高分辨率: None, 平均帧率: 未知, 视频编解码器: 未知, 音频编解码器: 未知
分类: 🔢数字频道, 名称: IPTV戏曲, 有效: 0, IPv4: 1, IPv6: 0, 最小延迟: -1 ms, 最高速率: 0.00 M/s, 平均速率: 0.00 M/s, 最高分辨率: None, 平均帧率: 未知, 视频编解码器: 未知, 音频编解码器: 未知
分类: 🔢数字频道, 名称: IPTV少儿动画, 有效: 0, IPv4: 2, IPv6: 0, 最小延迟: -1 ms, 最高速率: 0.00 M/s, 平均速率: 0.00 M/s, 最高分辨率: None, 平均帧率: 未知, 视频编解码器: 未知, 音频编解码器: 未知
分类: 🔢数字频道, 名称: IPTV魅力时尚, 有效: 0, IPv4: 3, IPv6: 0, 最小延迟: -1 ms, 最高速率: 0.00 M/s, 平均速率: 0.00 M/s, 最高分辨率: None, 平均帧率: 未知, 视频编解码器: 未知, 音频编解码器: 未知
分类: 🔢数字频道, 名称: IPTV星影, 有效: 0, IPv4: 1, IPv6: 0, 最小延迟: -1 ms, 最高速率: 0.00 M/s, 平均速率: 0.00 M/s, 最高分辨率: None, 平均帧率: 未知, 视频编解码器: 未知, 音频编解码器: 未知
分类: 🔢数字频道, 名称: IPTV动画, 有效: 0, IPv4: 1, IPv6: 0, 最小延迟: -1 ms, 最高速率: 0.00 M/s, 平均速率: 0.00 M/s, 最高分辨率: None, 平均帧率: 未知, 视频编解码器: 未知, 音频编解码器: 未知
分类: 🔢数字频道, 名称: IPTV早教, 有效: 0, IPv4: 1, IPv6: 0, 最小延迟: -1 ms, 最高速率: 0.00 M/s, 平均速率: 0.00 M/s, 最高分辨率: None, 平均帧率: 未知, 视频编解码器: 未知, 音频编解码器: 未知
分类: 🔢数字频道, 名称: IPTV美人, 有效: 0, IPv4: 1, IPv6: 0, 最小延迟: -1 ms, 最高速率: 0.00 M/s, 平均速率: 0.00 M/s, 最高分辨率: None, 平均帧率: 未知, 视频编解码器: 未知, 音频编解码器: 未知
分类: 🔢数字频道, 名称: IPTV美妆, 有效: 0, IPv4: 1, IPv6: 0, 最小延迟: -1 ms, 最高速率: 0.00 M/s, 平均速率: 0.00 M/s, 最高分辨率: None, 平均帧率: 未知, 视频编解码器: 未知, 音频编解码器: 未知
分类: 🔢数字频道, 名称: IPTV解密, 有效: 0, IPv4: 1, IPv6: 0, 最小延迟: -1 ms, 最高速率: 0.00 M/s, 平均速率: 0.00 M/s, 最高分辨率: None, 平均帧率: 未知, 视频编解码器: 未知, 音频编解码器: 未知
分类: 🔢数字频道, 名称: IPTV相声小品, 有效: 0, IPv4: 2, IPv6: 0, 最小延迟: -1 ms, 最高速率: 0.00 M/s, 平均速率: 0.00 M/s, 最高分辨率: None, 平均帧率: 未知, 视频编解码器: 未知, 音频编解码器: 未知
分类: 🔢数字频道, 名称: IPTV好学生, 有效: 0, IPv4: 1, IPv6: 0, 最小延迟: -1 ms, 最高速率: 0.00 M/s, 平均速率: 0.00 M/s, 最高分辨率: None, 平均帧率: 未知, 视频编解码器: 未知, 音频编解码器: 未知
分类: 🔢数字频道, 名称: IPTV鉴赏, 有效: 0, IPv4: 1, IPv6: 0, 最小延迟: -1 ms, 最高速率: 0.00 M/s, 平均速率: 0.00 M/s, 最高分辨率: None, 平均帧率: 未知, 视频编解码器: 未知, 音频编解码器: 未知
分类: 🔢数字频道, 名称: IPTV音乐现场, 有效: 0, IPv4: 1, IPv6: 0, 最小延迟: -1 ms, 最高速率: 0.00 M/s, 平均速率: 0.00 M/s, 最高分辨率: None, 平均帧率: 未知, 视频编解码器: 未知, 音频编解码器: 未知
分类: 🎵音乐频道, 名称: 潮流音乐, 有效: 0, IPv4: 1, IPv6: 0, 最小延迟: 5470 ms, 最高速率: 0.05 M/s, 平均速率: 0.00 M/s, 最高分辨率: None, 平均帧率: 未知, 视频编解码器: 未知, 音频编解码器: mp3
分类: 🔢数字频道, 名称: IPTV野外, 有效: 0, IPv4: 3, IPv6: 0, 最小延迟: -1 ms, 最高速率: 0.00 M/s, 平均速率: 0.00 M/s, 最高分辨率: None, 平均帧率: 未知, 视频编解码器: 未知, 音频编解码器: 未知
分类: 🔢数字频道, 名称: IPTV法治, 有效: 0, IPv4: 2, IPv6: 0, 最小延迟: -1 ms, 最高速率: 0.00 M/s, 平均速率: 0.00 M/s, 最高分辨率: None, 平均帧率: 未知, 视频编解码器: 未知, 音频编解码器: 未知
分类: 🔢数字频道, 名称: 华数4K, 有效: 0, IPv4: 3, IPv6: 0, 最小延迟: -1 ms, 最高速率: 0.00 M/s, 平均速率: 0.00 M/s, 最高分辨率: None, 平均帧率: 未知, 视频编解码器: 未知, 音频编解码器: 未知
分类: 🔢数字频道, 名称: IPTV国学, 有效: 0, IPv4: 2, IPv6: 0, 最小延迟: -1 ms, 最高速率: 0.00 M/s, 平均速率: 0.00 M/s, 最高分辨率: None, 平均帧率: 未知, 视频编解码器: 未知, 音频编解码器: 未知
分类: 🔢数字频道, 名称: 华数少儿动画, 有效: 0, IPv4: 3, IPv6: 0, 最小延迟: -1 ms, 最高速率: 0.00 M/s, 平均速率: 0.00 M/s, 最高分辨率: None, 平均帧率: 未知, 视频编解码器: 未知, 音频编解码器: 未知
分类: 🔢数字频道, 名称: 华数热播剧场, 有效: 0, IPv4: 4, IPv6: 0, 最小延迟: -1 ms, 最高速率: 0.00 M/s, 平均速率: 0.00 M/s, 最高分辨率: None, 平均帧率: 未知, 视频编解码器: 未知, 音频编解码器: 未知
分类: 🔢数字频道, 名称: 华数爱大剧1, 有效: 0, IPv4: 1, IPv6: 0, 最小延迟: -1 ms, 最高速率: 0.00 M/s, 平均速率: 0.00 M/s, 最高分辨率: None, 平均帧率: 未知, 视频编解码器: 未知, 音频编解码器: 未知
分类: 🔢数字频道, 名称: 华数爱大剧2, 有效: 0, IPv4: 1, IPv6: 0, 最小延迟: -1 ms, 最高速率: 0.00 M/s, 平均速率: 0.00 M/s, 最高分辨率: None, 平均帧率: 未知, 视频编解码器: 未知, 音频编解码器: 未知
分类: 🔢数字频道, 名称: 华数爱电影, 有效: 0, IPv4: 2, IPv6: 0, 最小延迟: -1 ms, 最高速率: 0.00 M/s, 平均速率: 0.00 M/s, 最高分辨率: None, 平均帧率: 未知, 视频编解码器: 未知, 音频编解码器: 未知
分类: 🔢数字频道, 名称: 华数电视剧, 有效: 0, IPv4: 1, IPv6: 0, 最小延迟: -1 ms, 最高速率: 0.00 M/s, 平均速率: 0.00 M/s, 最高分辨率: None, 平均帧率: 未知, 视频编解码器: 未知, 音频编解码器: 未知
分类: 🔢数字频道, 名称: 华数谍战剧场, 有效: 0, IPv4: 1, IPv6: 0, 最小延迟: -1 ms, 最高速率: 0.00 M/s, 平均速率: 0.00 M/s, 最高分辨率: None, 平均帧率: 未知, 视频编解码器: 未知, 音频编解码器: 未知
分类: 🔢数字频道, 名称: 纯享4K, 有效: 0, IPv4: 3, IPv6: 0, 最小延迟: -1 ms, 最高速率: 0.00 M/s, 平均速率: 0.00 M/s, 最高分辨率: None, 平均帧率: 未知, 视频编解码器: 未知, 音频编解码器: 未知
分类: 🔢数字频道, 名称: 爱上4K, 有效: 0, IPv4: 7, IPv6: 0, 最小延迟: -1 ms, 最高速率: 0.00 M/s, 平均速率: 0.00 M/s, 最高分辨率: None, 平均帧率: 未知, 视频编解码器: 未知, 音频编解码器: 未知
分类: 🔢数字频道, 名称: 环球旅游, 有效: 1, IPv4: 21, IPv6: 0, 最小延迟: 1236 ms, 最高速率: 0.22 M/s, 平均速率: 0.22 M/s, 最高分辨率: 1280x720, 平均帧率: 25.00, 视频编解码器: h264, 音频编解码器: aac
分类: 🔢数字频道, 名称: 国学频道, 有效: 2, IPv4: 5, IPv6: 0, 最小延迟: 470 ms, 最高速率: 8.86 M/s, 平均速率: 8.51 M/s, 最高分辨率: 1920x1080, 平均帧率: 25.00, 视频编解码器: h264, 音频编解码器: aac
分类: 🔢SITV, 名称: 欢笑剧场, 有效: 2, IPv4: 14, IPv6: 0, 最小延迟: 360 ms, 最高速率: 4.58 M/s, 平均速率: 4.50 M/s, 最高分辨率: 1280x720, 平均帧率: 25.00, 视频编解码器: h264, 音频编解码器: aac
分类: 🔢数字频道, 名称: 书画频道, 有效: 0, IPv4: 4, IPv6: 0, 最小延迟: 10989 ms, 最高速率: 0.00 M/s, 平均速率: 0.00 M/s, 最高分辨率: None, 平均帧率: 未知, 视频编解码器: 未知, 音频编解码器: 未知
分类: 🔢SITV, 名称: 七彩戏剧, 有效: 0, IPv4: 3, IPv6: 0, 最小延迟: -1 ms, 最高速率: 0.00 M/s, 平均速率: 0.00 M/s, 最高分辨率: None, 平均帧率: 未知, 视频编解码器: 未知, 音频编解码器: 未知
分类: 🔢SITV, 名称: 生活时尚, 有效: 1, IPv4: 8, IPv6: 0, 最小延迟: 489 ms, 最高速率: 10.65 M/s, 平均速率: 10.65 M/s, 最高分辨率: 1920x1080, 平均帧率: 25.00, 视频编解码器: h264, 音频编解码器: aac
分类: 🔢数字频道, 名称: 重温经典, 有效: 5, IPv4: 25, IPv6: 0, 最小延迟: 356 ms, 最高速率: 3.37 M/s, 平均速率: 2.28 M/s, 最高分辨率: 1920x1080, 平均帧率: 33.33, 视频编解码器: h264, 音频编解码器: aac
分类: 🔢SITV, 名称: 乐游频道, 有效: 0, IPv4: 8, IPv6: 0, 最小延迟: -1 ms, 最高速率: 0.00 M/s, 平均速率: 0.00 M/s, 最高分辨率: None, 平均帧率: 未知, 视频编解码器: 未知, 音频编解码器: 未知
分类: 🔢数字频道, 名称: 梨园频道, 有效: 0, IPv4: 5, IPv6: 0, 最小延迟: 2339 ms, 最高速率: 0.36 M/s, 平均速率: 0.00 M/s, 最高分辨率: 1920x1080, 平均帧率: 37.50, 视频编解码器: h264, 音频编解码器: aac
分类: 🔢SITV, 名称: 东方财经, 有效: 0, IPv4: 2, IPv6: 0, 最小延迟: -1 ms, 最高速率: 0.00 M/s, 平均速率: 0.00 M/s, 最高分辨率: None, 平均帧率: 未知, 视频编解码器: 未知, 音频编解码器: 未知
分类: 🔢SITV, 名称: 全纪实, 有效: 0, IPv4: 1, IPv6: 0, 最小延迟: -1 ms, 最高速率: 0.00 M/s, 平均速率: 0.00 M/s, 最高分辨率: None, 平均帧率: 未知, 视频编解码器: 未知, 音频编解码器: 未知
分类: 🔢SITV, 名称: 金色学堂, 有效: 0, IPv4: 7, IPv6: 0, 最小延迟: -1 ms, 最高速率: 0.00 M/s, 平均速率: 0.00 M/s, 最高分辨率: None, 平均帧率: 未知, 视频编解码器: 未知, 音频编解码器: 未知
分类: 🔢数字频道, 名称: 金鹰纪实, 有效: 0, IPv4: 8, IPv6: 0, 最小延迟: 10339 ms, 最高速率: 0.00 M/s, 平均速率: 0.00 M/s, 最高分辨率: None, 平均帧率: 未知, 视频编解码器: 未知, 音频编解码器: 未知
分类: 🔢数字频道, 名称: 茶友频道, 有效: 0, IPv4: 16, IPv6: 0, 最小延迟: 10019 ms, 最高速率: 0.00 M/s, 平均速率: 0.00 M/s, 最高分辨率: None, 平均帧率: 未知, 视频编解码器: 未知, 音频编解码器: 未知
分类: 🔢SITV, 名称: 都市剧场, 有效: 3, IPv4: 16, IPv6: 0, 最小延迟: 12 ms, 最高速率: 11.03 M/s, 平均速率: 4.68 M/s, 最高分辨率: 1920x1080, 平均帧率: 33.33, 视频编解码器: h264, 音频编解码器: aac
分类: 🔢BesTV百视, 名称: 健康养生, 有效: 0, IPv4: 1, IPv6: 0, 最小延迟: -1 ms, 最高速率: 0.00 M/s, 平均速率: 0.00 M/s, 最高分辨率: None, 平均帧率: 未知, 视频编解码器: 未知, 音频编解码器: 未知
分类: 🔢NewTV, 名称: 超级电影, 有效: 0, IPv4: 1, IPv6: 0, 最小延迟: -1 ms, 最高速率: 0.00 M/s, 平均速率: 0.00 M/s, 最高分辨率: None, 平均帧率: 未知, 视频编解码器: 未知, 音频编解码器: 未知
分类: 🔢NewTV, 名称: 精品综合, 有效: 0, IPv4: 1, IPv6: 0, 最小延迟: -1 ms, 最高速率: 0.00 M/s, 平均速率: 0.00 M/s, 最高分辨率: None, 平均帧率: 未知, 视频编解码器: 未知, 音频编解码器: 未知
分类: 🔢BesTV百视, 名称: 谍战剧场, 有效: 0, IPv4: 14, IPv6: 0, 最小延迟: -1 ms, 最高速率: 0.00 M/s, 平均速率: 0.00 M/s, 最高分辨率: None, 平均帧率: 未知, 视频编解码器: 未知, 音频编解码器: 未知
分类: 🔢NewTV, 名称: 中国功夫, 有效: 0, IPv4: 2, IPv6: 0, 最小延迟: -1 ms, 最高速率: 0.00 M/s, 平均速率: 0.00 M/s, 最高分辨率: None, 平均帧率: 未知, 视频编解码器: 未知, 音频编解码器: 未知
分类: 🔢NewTV, 名称: 超级电视剧, 有效: 0, IPv4: 3, IPv6: 0, 最小延迟: -1 ms, 最高速率: 0.00 M/s, 平均速率: 0.00 M/s, 最高分辨率: None, 平均帧率: 未知, 视频编解码器: 未知, 音频编解码器: 未知
分类: 🔢NewTV, 名称: 东北热剧, 有效: 0, IPv4: 3, IPv6: 0, 最小延迟: -1 ms, 最高速率: 0.00 M/s, 平均速率: 0.00 M/s, 最高分辨率: None, 平均帧率: 未知, 视频编解码器: 未知, 音频编解码器: 未知
分类: 🔢NewTV, 名称: 精品大剧, 有效: 0, IPv4: 1, IPv6: 0, 最小延迟: -1 ms, 最高速率: 0.00 M/s, 平均速率: 0.00 M/s, 最高分辨率: None, 平均帧率: 未知, 视频编解码器: 未知, 音频编解码器: 未知
分类: 🔢NewTV, 名称: 欢乐剧场, 有效: 0, IPv4: 4, IPv6: 0, 最小延迟: -1 ms, 最高速率: 0.00 M/s, 平均速率: 0.00 M/s, 最高分辨率: None, 平均帧率: 未知, 视频编解码器: 未知, 音频编解码器: 未知
分类: 🔢NewTV, 名称: 家庭剧场, 有效: 0, IPv4: 3, IPv6: 0, 最小延迟: -1 ms, 最高速率: 0.00 M/s, 平均速率: 0.00 M/s, 最高分辨率: None, 平均帧率: 未知, 视频编解码器: 未知, 音频编解码器: 未知
分类: 🔢NewTV, 名称: 明星大片, 有效: 0, IPv4: 1, IPv6: 0, 最小延迟: -1 ms, 最高速率: 0.00 M/s, 平均速率: 0.00 M/s, 最高分辨率: None, 平均帧率: 未知, 视频编解码器: 未知, 音频编解码器: 未知
分类: 🔢NewTV, 名称: 精品纪录, 有效: 0, IPv4: 1, IPv6: 0, 最小延迟: -1 ms, 最高速率: 0.00 M/s, 平均速率: 0.00 M/s, 最高分辨率: None, 平均帧率: 未知, 视频编解码器: 未知, 音频编解码器: 未知
分类: 🔢NewTV, 名称: 军事评论, 有效: 0, IPv4: 1, IPv6: 0, 最小延迟: -1 ms, 最高速率: 0.00 M/s, 平均速率: 0.00 M/s, 最高分辨率: None, 平均帧率: 未知, 视频编解码器: 未知, 音频编解码器: 未知
分类: 🔢NewTV, 名称: 农业致富, 有效: 0, IPv4: 1, IPv6: 0, 最小延迟: -1 ms, 最高速率: 0.00 M/s, 平均速率: 0.00 M/s, 最高分辨率: None, 平均帧率: 未知, 视频编解码器: 未知, 音频编解码器: 未知
分类: 🔢NewTV, 名称: 精品萌宠, 有效: 0, IPv4: 1, IPv6: 0, 最小延迟: -1 ms, 最高速率: 0.00 M/s, 平均速率: 0.00 M/s, 最高分辨率: None, 平均帧率: 未知, 视频编解码器: 未知, 音频编解码器: 未知
分类: 🔢NewTV, 名称: 潮妈辣婆, 有效: 0, IPv4: 1, IPv6: 0, 最小延迟: -1 ms, 最高速率: 0.00 M/s, 平均速率: 0.00 M/s, 最高分辨率: None, 平均帧率: 未知, 视频编解码器: 未知, 音频编解码器: 未知
分类: 🔢NewTV, 名称: 炫舞未来, 有效: 0, IPv4: 1, IPv6: 0, 最小延迟: -1 ms, 最高速率: 0.00 M/s, 平均速率: 0.00 M/s, 最高分辨率: None, 平均帧率: 未知, 视频编解码器: 未知, 音频编解码器: 未知
分类: 🔢NewTV, 名称: 怡伴健康, 有效: 0, IPv4: 1, IPv6: 0, 最小延迟: -1 ms, 最高速率: 0.00 M/s, 平均速率: 0.00 M/s, 最高分辨率: None, 平均帧率: 未知, 视频编解码器: 未知, 音频编解码器: 未知
分类: 🔢NewTV, 名称: 魅力潇湘, 有效: 0, IPv4: 1, IPv6: 0, 最小延迟: -1 ms, 最高速率: 0.00 M/s, 平均速率: 0.00 M/s, 最高分辨率: None, 平均帧率: 未知, 视频编解码器: 未知, 音频编解码器: 未知
分类: 🔢IHOT, 名称: 爱喜剧, 有效: 0, IPv4: 1, IPv6: 0, 最小延迟: -1 ms, 最高速率: 0.00 M/s, 平均速率: 0.00 M/s, 最高分辨率: None, 平均帧率: 未知, 视频编解码器: 未知, 音频编解码器: 未知
分类: 🔢IHOT, 名称: 爱科幻, 有效: 0, IPv4: 1, IPv6: 0, 最小延迟: -1 ms, 最高速率: 0.00 M/s, 平均速率: 0.00 M/s, 最高分辨率: None, 平均帧率: 未知, 视频编解码器: 未知, 音频编解码器: 未知
分类: 🔢IHOT, 名称: 爱院线, 有效: 0, IPv4: 1, IPv6: 0, 最小延迟: -1 ms, 最高速率: 0.00 M/s, 平均速率: 0.00 M/s, 最高分辨率: None, 平均帧率: 未知, 视频编解码器: 未知, 音频编解码器: 未知
分类: 🔢IHOT, 名称: 爱浪漫, 有效: 0, IPv4: 1, IPv6: 0, 最小延迟: -1 ms, 最高速率: 0.00 M/s, 平均速率: 0.00 M/s, 最高分辨率: None, 平均帧率: 未知, 视频编解码器: 未知, 音频编解码器: 未知
分类: 🔢IHOT, 名称: 爱悬疑, 有效: 0, IPv4: 1, IPv6: 0, 最小延迟: -1 ms, 最高速率: 0.00 M/s, 平均速率: 0.00 M/s, 最高分辨率: None, 平均帧率: 未知, 视频编解码器: 未知, 音频编解码器: 未知
分类: 🔢IHOT, 名称: 爱谍战, 有效: 0, IPv4: 1, IPv6: 0, 最小延迟: -1 ms, 最高速率: 0.00 M/s, 平均速率: 0.00 M/s, 最高分辨率: None, 平均帧率: 未知, 视频编解码器: 未知, 音频编解码器: 未知
分类: 🔢IHOT, 名称: 爱历史, 有效: 0, IPv4: 1, IPv6: 0, 最小延迟: -1 ms, 最高速率: 0.00 M/s, 平均速率: 0.00 M/s, 最高分辨率: None, 平均帧率: 未知, 视频编解码器: 未知, 音频编解码器: 未知
分类: 🔢IHOT, 名称: 爱科学, 有效: 0, IPv4: 1, IPv6: 0, 最小延迟: -1 ms, 最高速率: 0.00 M/s, 平均速率: 0.00 M/s, 最高分辨率: None, 平均帧率: 未知, 视频编解码器: 未知, 音频编解码器: 未知
分类: 🔢IHOT, 名称: 爱旅行, 有效: 0, IPv4: 1, IPv6: 0, 最小延迟: -1 ms, 最高速率: 0.00 M/s, 平均速率: 0.00 M/s, 最高分辨率: None, 平均帧率: 未知, 视频编解码器: 未知, 音频编解码器: 未知
分类: 🔢IHOT, 名称: 爱奇谈, 有效: 0, IPv4: 1, IPv6: 0, 最小延迟: -1 ms, 最高速率: 0.00 M/s, 平均速率: 0.00 M/s, 最高分辨率: None, 平均帧率: 未知, 视频编解码器: 未知, 音频编解码器: 未知
分类: 🔢IHOT, 名称: 爱玩具, 有效: 0, IPv4: 1, IPv6: 0, 最小延迟: -1 ms, 最高速率: 0.00 M/s, 平均速率: 0.00 M/s, 最高分辨率: None, 平均帧率: 未知, 视频编解码器: 未知, 音频编解码器: 未知
分类: 🔢NewTV, 名称: 古装剧场, 有效: 0, IPv4: 5, IPv6: 0, 最小延迟: -1 ms, 最高速率: 0.00 M/s, 平均速率: 0.00 M/s, 最高分辨率: None, 平均帧率: 未知, 视频编解码器: 未知, 音频编解码器: 未知
分类: 🔢IHOT, 名称: 精彩影视, 有效: 0, IPv4: 4, IPv6: 0, 最小延迟: -1 ms, 最高速率: 0.00 M/s, 平均速率: 0.00 M/s, 最高分辨率: None, 平均帧率: 未知, 视频编解码器: 未知, 音频编解码器: 未知
分类: 🔢SITV, 名称: 法治天地, 有效: 0, IPv4: 9, IPv6: 0, 最小延迟: 10877 ms, 最高速率: 0.00 M/s, 平均速率: 0.00 M/s, 最高分辨率: None, 平均帧率: 未知, 视频编解码器: 未知, 音频编解码器: 未知
分类: 🔢IHOT, 名称: 求索生活, 有效: 0, IPv4: 1, IPv6: 0, 最小延迟: -1 ms, 最高速率: 0.00 M/s, 平均速率: 0.00 M/s, 最高分辨率: None, 平均帧率: 未知, 视频编解码器: 未知, 音频编解码器: 未知
分类: 🔢NewTV, 名称: 军旅剧场, 有效: 0, IPv4: 6, IPv6: 0, 最小延迟: -1 ms, 最高速率: 0.00 M/s, 平均速率: 0.00 M/s, 最高分辨率: None, 平均帧率: 未知, 视频编解码器: 未知, 音频编解码器: 未知
分类: 🔢IHOT, 名称: 求索科学, 有效: 0, IPv4: 1, IPv6: 0, 最小延迟: -1 ms, 最高速率: 0.00 M/s, 平均速率: 0.00 M/s, 最高分辨率: None, 平均帧率: 未知, 视频编解码器: 未知, 音频编解码器: 未知
分类: 🔢IHOT, 名称: 求索动物, 有效: 0, IPv4: 1, IPv6: 0, 最小延迟: -1 ms, 最高速率: 0.00 M/s, 平均速率: 0.00 M/s, 最高分辨率: None, 平均帧率: 未知, 视频编解码器: 未知, 音频编解码器: 未知
分类: 🔢NewTV, 名称: 爱情喜剧, 有效: 0, IPv4: 4, IPv6: 0, 最小延迟: -1 ms, 最高速率: 0.00 M/s, 平均速率: 0.00 M/s, 最高分辨率: None, 平均帧率: 未知, 视频编解码器: 未知, 音频编解码器: 未知
分类: 🔀平台轮播, 名称: 周星驰, 有效: 0, IPv4: 1, IPv6: 0, 最小延迟: -1 ms, 最高速率: 0.00 M/s, 平均速率: 0.00 M/s, 最高分辨率: None, 平均帧率: 未知, 视频编解码器: 未知, 音频编解码器: 未知
分类: 🔀平台轮播, 名称: 沈腾, 有效: 0, IPv4: 1, IPv6: 0, 最小延迟: -1 ms, 最高速率: 0.00 M/s, 平均速率: 0.00 M/s, 最高分辨率: None, 平均帧率: 未知, 视频编解码器: 未知, 音频编解码器: 未知
分类: 🔀平台轮播, 名称: 电影_刘德华, 有效: 0, IPv4: 1, IPv6: 0, 最小延迟: -1 ms, 最高速率: 0.00 M/s, 平均速率: 0.00 M/s, 最高分辨率: None, 平均帧率: 未知, 视频编解码器: 未知, 音频编解码器: 未知
分类: 🔀平台轮播, 名称: 电影_星爷, 有效: 0, IPv4: 1, IPv6: 0, 最小延迟: -1 ms, 最高速率: 0.00 M/s, 平均速率: 0.00 M/s, 最高分辨率: None, 平均帧率: 未知, 视频编解码器: 未知, 音频编解码器: 未知
分类: 🔀平台轮播, 名称: 电影_英叔, 有效: 0, IPv4: 1, IPv6: 0, 最小延迟: -1 ms, 最高速率: 0.00 M/s, 平均速率: 0.00 M/s, 最高分辨率: None, 平均帧率: 未知, 视频编解码器: 未知, 音频编解码器: 未知
分类: 🔀平台轮播, 名称: 电影_成龙, 有效: 0, IPv4: 1, IPv6: 0, 最小延迟: -1 ms, 最高速率: 0.00 M/s, 平均速率: 0.00 M/s, 最高分辨率: None, 平均帧率: 未知, 视频编解码器: 未知, 音频编解码器: 未知
分类: 🔢IHOT, 名称: 爱体育, 有效: 0, IPv4: 2, IPv6: 0, 最小延迟: -1 ms, 最高速率: 0.00 M/s, 平均速率: 0.00 M/s, 最高分辨率: None, 平均帧率: 未知, 视频编解码器: 未知, 音频编解码器: 未知
分类: 🔢IHOT, 名称: 求索纪录, 有效: 0, IPv4: 4, IPv6: 0, 最小延迟: -1 ms, 最高速率: 0.00 M/s, 平均速率: 0.00 M/s, 最高分辨率: None, 平均帧率: 未知, 视频编解码器: 未知, 音频编解码器: 未知
分类: 🔀平台轮播, 名称: 星爷, 有效: 0, IPv4: 1, IPv6: 0, 最小延迟: -1 ms, 最高速率: 0.00 M/s, 平均速率: 0.00 M/s, 最高分辨率: None, 平均帧率: 未知, 视频编解码器: 未知, 音频编解码器: 未知
分类: 🥬主题片, 名称: 科幻电影, 有效: 0, IPv4: 1, IPv6: 0, 最小延迟: -1 ms, 最高速率: 0.00 M/s, 平均速率: 0.00 M/s, 最高分辨率: None, 平均帧率: 未知, 视频编解码器: 未知, 音频编解码器: 未知
分类: 🥬主题片, 名称: 电影_怪兽, 有效: 0, IPv4: 4, IPv6: 0, 最小延迟: -1 ms, 最高速率: 0.00 M/s, 平均速率: 0.00 M/s, 最高分辨率: None, 平均帧率: 未知, 视频编解码器: 未知, 音频编解码器: 未知
分类: 📺国际频道, 名称: 新传媒5频道【新】, 有效: 0, IPv4: 8, IPv6: 0, 最小延迟: -1 ms, 最高速率: 0.00 M/s, 平均速率: 0.00 M/s, 最高分辨率: None, 平均帧率: 未知, 视频编解码器: 未知, 音频编解码器: 未知
分类: 📺国际频道, 名称: 新加坡U频道【新】, 有效: 0, IPv4: 5, IPv6: 0, 最小延迟: -1 ms, 最高速率: 0.00 M/s, 平均速率: 0.00 M/s, 最高分辨率: None, 平均帧率: 未知, 视频编解码器: 未知, 音频编解码器: 未知
分类: 📺国际频道, 名称: 八度空间【马来】, 有效: 0, IPv4: 2, IPv6: 0, 最小延迟: -1 ms, 最高速率: 0.00 M/s, 平均速率: 0.00 M/s, 最高分辨率: None, 平均帧率: 未知, 视频编解码器: 未知, 音频编解码器: 未知
分类: 📺国际频道, 名称: 日本全天新闻, 有效: 1, IPv4: 5, IPv6: 0, 最小延迟: 61 ms, 最高速率: 65.31 M/s, 平均速率: 65.31 M/s, 最高分辨率: 1280x720, 平均帧率: 29.97, 视频编解码器: h264, 音频编解码器: aac
分类: 📺国际频道, 名称: CNA, 有效: 0, IPv4: 1, IPv6: 0, 最小延迟: -1 ms, 最高速率: 0.00 M/s, 平均速率: 0.00 M/s, 最高分辨率: None, 平均帧率: 未知, 视频编解码器: 未知, 音频编解码器: 未知
分类: 📺国际频道, 名称: 新传媒8频道【新】, 有效: 1, IPv4: 6, IPv6: 0, 最小延迟: 3748 ms, 最高速率: 1.08 M/s, 平均速率: 1.08 M/s, 最高分辨率: 1920x1080, 平均帧率: 25.00, 视频编解码器: h264, 音频编解码器: aac
分类: 🔢SITV, 名称: 新视觉, 有效: 1, IPv4: 8, IPv6: 0, 最小延迟: 5375 ms, 最高速率: 0.75 M/s, 平均速率: 0.75 M/s, 最高分辨率: 1920x1080, 平均帧率: 50.00, 视频编解码器: h264, 音频编解码器: mp2
分类: 📺国际频道, 名称: NBC News Now, 有效: 1, IPv4: 6, IPv6: 0, 最小延迟: 108 ms, 最高速率: 39.09 M/s, 平均速率: 1.16 M/s, 最高分辨率: 1280x720, 平均帧率: 29.99, 视频编解码器: h264, 音频编解码器: aac
分类: 📺国际频道, 名称: CBN News, 有效: 0, IPv4: 1, IPv6: 0, 最小延迟: 67 ms, 最高速率: 66.25 M/s, 平均速率: 0.00 M/s, 最高分辨率: 480x270, 平均帧率: 29.97, 视频编解码器: h264, 音频编解码器: aac
分类: 📺国际频道, 名称: Newsmax, 有效: 1, IPv4: 5, IPv6: 0, 最小延迟: 116 ms, 最高速率: 32.65 M/s, 平均速率: 27.36 M/s, 最高分辨率: 1920x1080, 平均帧率: 39.96, 视频编解码器: h264, 音频编解码器: aac
分类: 📺国际频道, 名称: ABC News Live, 有效: 0, IPv4: 4, IPv6: 0, 最小延迟: 56 ms, 最高速率: 34.14 M/s, 平均速率: 0.00 M/s, 最高分辨率: 1280x720, 平均帧率: 39.97, 视频编解码器: h264, 音频编解码器: aac
分类: 📺国际频道, 名称: BBC News, 有效: 4, IPv4: 14, IPv6: 0, 最小延迟: 214 ms, 最高速率: 19.07 M/s, 平均速率: 9.07 M/s, 最高分辨率: 1920x1080, 平均帧率: 39.99, 视频编解码器: h264, 音频编解码器: aac
分类: 📺国际频道, 名称: Al Jazeera, 有效: 8, IPv4: 20, IPv6: 0, 最小延迟: 47 ms, 最高速率: 54.00 M/s, 平均速率: 16.78 M/s, 最高分辨率: 1920x1080, 平均帧率: 25.42, 视频编解码器: h264, 音频编解码器: aac
分类: 📺国际频道, 名称: Taiwan Plus, 有效: 0, IPv4: 1, IPv6: 0, 最小延迟: -1 ms, 最高速率: 0.00 M/s, 平均速率: 0.00 M/s, 最高分辨率: None, 平均帧率: 未知, 视频编解码器: 未知, 音频编解码器: 未知
分类: 📺国际频道, 名称: Young Hollywood, 有效: 0, IPv4: 1, IPv6: 0, 最小延迟: 132 ms, 最高速率: 30.76 M/s, 平均速率: 0.00 M/s, 最高分辨率: 426x240, 平均帧率: 29.97, 视频编解码器: h264, 音频编解码器: aac
分类: 📺国际频道, 名称: Today Allday, 有效: 0, IPv4: 1, IPv6: 0, 最小延迟: 110 ms, 最高速率: 37.95 M/s, 平均速率: 0.00 M/s, 最高分辨率: 768x432, 平均帧率: 30.00, 视频编解码器: h264, 音频编解码器: aac
分类: 📺国际频道, 名称: Fashion TV, 有效: 3, IPv4: 8, IPv6: 0, 最小延迟: 285 ms, 最高速率: 3.12 M/s, 平均速率: 1.33 M/s, 最高分辨率: 1920x1080, 平均帧率: 26.67, 视频编解码器: h264, 音频编解码器: aac
分类: 📺国际频道, 名称: Kids TV, 有效: 2, IPv4: 2, IPv6: 0, 最小延迟: 1055 ms, 最高速率: 2.26 M/s, 平均速率: 1.64 M/s, 最高分辨率: 1280x720, 平均帧率: 29.97, 视频编解码器: h264, 音频编解码器: aac
分类: 📺国际频道, 名称: Fight Network, 有效: 0, IPv4: 1, IPv6: 0, 最小延迟: -1 ms, 最高速率: 0.00 M/s, 平均速率: 0.00 M/s, 最高分辨率: None, 平均帧率: 未知, 视频编解码器: 未知, 音频编解码器: 未知
分类: 📺国际频道, 名称: CGNTV, 有效: 0, IPv4: 2, IPv6: 0, 最小延迟: -1 ms, 最高速率: 0.00 M/s, 平均速率: 0.00 M/s, 最高分辨率: None, 平均帧率: 未知, 视频编解码器: 未知, 音频编解码器: 未知
分类: 📺国际频道, 名称: Food, 有效: 2, IPv4: 2, IPv6: 0, 最小延迟: 317 ms, 最高速率: 17.18 M/s, 平均速率: 9.31 M/s, 最高分辨率: 1920x1080, 平均帧率: 27.49, 视频编解码器: h264, 音频编解码器: aac
分类: 📺国际频道, 名称: CGNTV1, 有效: 0, IPv4: 1, IPv6: 0, 最小延迟: -1 ms, 最高速率: 0.00 M/s, 平均速率: 0.00 M/s, 最高分辨率: None, 平均帧率: 未知, 视频编解码器: 未知, 音频编解码器: 未知
分类: 📺国际频道, 名称: CGNTV2, 有效: 0, IPv4: 1, IPv6: 0, 最小延迟: -1 ms, 最高速率: 0.00 M/s, 平均速率: 0.00 M/s, 最高分辨率: None, 平均帧率: 未知, 视频编解码器: 未知, 音频编解码器: 未知
分类: 📺国际频道, 名称: CGNTV3, 有效: 0, IPv4: 1, IPv6: 0, 最小延迟: -1 ms, 最高速率: 0.00 M/s, 平均速率: 0.00 M/s, 最高分辨率: None, 平均帧率: 未知, 视频编解码器: 未知, 音频编解码器: 未知
分类: 📺国际频道, 名称: Love Nature, 有效: 1, IPv4: 8, IPv6: 0, 最小延迟: 580 ms, 最高速率: 24.35 M/s, 平均速率: 24.35 M/s, 最高分辨率: 3840x2160, 平均帧率: 29.97, 视频编解码器: hevc, 音频编解码器: aac
分类: 📺国际频道, 名称: Wild Earth, 有效: 1, IPv4: 2, IPv6: 0, 最小延迟: 142 ms, 最高速率: 31.97 M/s, 平均速率: 31.97 M/s, 最高分辨率: 1920x1080, 平均帧率: 27.49, 视频编解码器: h264, 音频编解码器: aac
分类: 📺国际频道, 名称: Arirang, 有效: 2, IPv4: 15, IPv6: 0, 最小延迟: 1303 ms, 最高速率: 1.04 M/s, 平均速率: 0.40 M/s, 最高分辨率: 1920x1080, 平均帧率: 29.97, 视频编解码器: h264, 音频编解码器: aac
分类: 🇨🇳北京频道, 名称: 北京文艺, 有效: 0, IPv4: 5, IPv6: 0, 最小延迟: -1 ms, 最高速率: 0.00 M/s, 平均速率: 0.00 M/s, 最高分辨率: None, 平均帧率: 未知, 视频编解码器: 未知, 音频编解码器: 未知
分类: 🇨🇳北京频道, 名称: 北京财经, 有效: 0, IPv4: 1, IPv6: 0, 最小延迟: -1 ms, 最高速率: 0.00 M/s, 平均速率: 0.00 M/s, 最高分辨率: None, 平均帧率: 未知, 视频编解码器: 未知, 音频编解码器: 未知
分类: 🇨🇳北京频道, 名称: 北京国际, 有效: 0, IPv4: 5, IPv6: 0, 最小延迟: -1 ms, 最高速率: 0.00 M/s, 平均速率: 0.00 M/s, 最高分辨率: None, 平均帧率: 未知, 视频编解码器: 未知, 音频编解码器: 未知
分类: 🇨🇳北京频道, 名称: 北京新闻, 有效: 0, IPv4: 8, IPv6: 0, 最小延迟: 5996 ms, 最高速率: 0.01 M/s, 平均速率: 0.00 M/s, 最高分辨率: None, 平均帧率: 未知, 视频编解码器: 未知, 音频编解码器: aac
分类: 📺国际频道, 名称: TBS, 有效: 0, IPv4: 10, IPv6: 0, 最小延迟: 1382 ms, 最高速率: 1.03 M/s, 平均速率: 0.00 M/s, 最高分辨率: 960x540, 平均帧率: 25.00, 视频编解码器: h264, 音频编解码器: aac
分类: 🇨🇳北京频道, 名称: 北京生活, 有效: 0, IPv4: 11, IPv6: 0, 最小延迟: -1 ms, 最高速率: 0.00 M/s, 平均速率: 0.00 M/s, 最高分辨率: None, 平均帧率: 未知, 视频编解码器: 未知, 音频编解码器: 未知
分类: 🇨🇳北京频道, 名称: 纪实科教, 有效: 0, IPv4: 3, IPv6: 0, 最小延迟: -1 ms, 最高速率: 0.00 M/s, 平均速率: 0.00 M/s, 最高分辨率: None, 平均帧率: 未知, 视频编解码器: 未知, 音频编解码器: 未知
分类: 🇨🇳北京频道, 名称: 北京科教, 有效: 0, IPv4: 1, IPv6: 0, 最小延迟: -1 ms, 最高速率: 0.00 M/s, 平均速率: 0.00 M/s, 最高分辨率: None, 平均帧率: 未知, 视频编解码器: 未知, 音频编解码器: 未知
分类: 🇨🇳北京频道, 名称: 北京青年, 有效: 0, IPv4: 1, IPv6: 0, 最小延迟: -1 ms, 最高速率: 0.00 M/s, 平均速率: 0.00 M/s, 最高分辨率: None, 平均帧率: 未知, 视频编解码器: 未知, 音频编解码器: 未知
分类: 🇨🇳北京频道, 名称: 北京影视, 有效: 1, IPv4: 7, IPv6: 0, 最小延迟: 428 ms, 最高速率: 6.15 M/s, 平均速率: 6.15 M/s, 最高分辨率: 1920x1080, 平均帧率: 25.00, 视频编解码器: h264, 音频编解码器: aac
分类: 🇨🇳上海频道, 名称: 东方卫视国际, 有效: 0, IPv4: 3, IPv6: 0, 最小延迟: -1 ms, 最高速率: 0.00 M/s, 平均速率: 0.00 M/s, 最高分辨率: None, 平均帧率: 未知, 视频编解码器: 未知, 音频编解码器: 未知
分类: 📺国际频道, 名称: RT News（英语国际）, 有效: 1, IPv4: 3, IPv6: 0, 最小延迟: 2092 ms, 最高速率: 2.01 M/s, 平均速率: 2.01 M/s, 最高分辨率: 1920x1080, 平均帧率: 25.00, 视频编解码器: h264, 音频编解码器: aac
分类: 🇨🇳上海频道, 名称: 上海新闻综合, 有效: 0, IPv4: 8, IPv6: 0, 最小延迟: -1 ms, 最高速率: 0.00 M/s, 平均速率: 0.00 M/s, 最高分辨率: None, 平均帧率: 未知, 视频编解码器: 未知, 音频编解码器: 未知
分类: 🇨🇳上海频道, 名称: 上海教育, 有效: 0, IPv4: 1, IPv6: 0, 最小延迟: -1 ms, 最高速率: 0.00 M/s, 平均速率: 0.00 M/s, 最高分辨率: None, 平均帧率: 未知, 视频编解码器: 未知, 音频编解码器: 未知
分类: 🇨🇳上海频道, 名称: 上海都市, 有效: 0, IPv4: 4, IPv6: 0, 最小延迟: -1 ms, 最高速率: 0.00 M/s, 平均速率: 0.00 M/s, 最高分辨率: None, 平均帧率: 未知, 视频编解码器: 未知, 音频编解码器: 未知
分类: 🇨🇳上海频道, 名称: 上海外语, 有效: 0, IPv4: 3, IPv6: 0, 最小延迟: -1 ms, 最高速率: 0.00 M/s, 平均速率: 0.00 M/s, 最高分辨率: None, 平均帧率: 未知, 视频编解码器: 未知, 音频编解码器: 未知
分类: 🇨🇳上海频道, 名称: 第一财经, 有效: 0, IPv4: 3, IPv6: 0, 最小延迟: 690 ms, 最高速率: 0.12 M/s, 平均速率: 0.00 M/s, 最高分辨率: None, 平均帧率: 未知, 视频编解码器: 未知, 音频编解码器: aac
分类: 🇨🇳上海频道, 名称: 新闻综合, 有效: 0, IPv4: 1, IPv6: 0, 最小延迟: -1 ms, 最高速率: 0.00 M/s, 平均速率: 0.00 M/s, 最高分辨率: None, 平均帧率: 未知, 视频编解码器: 未知, 音频编解码器: 未知
分类: 🇨🇳山东频道, 名称: 山东教育, 有效: 0, IPv4: 7, IPv6: 0, 最小延迟: -1 ms, 最高速率: 0.00 M/s, 平均速率: 0.00 M/s, 最高分辨率: None, 平均帧率: 未知, 视频编解码器: 未知, 音频编解码器: 未知
分类: 🇨🇳上海频道, 名称: 上海第一财经, 有效: 0, IPv4: 10, IPv6: 0, 最小延迟: 711 ms, 最高速率: 0.12 M/s, 平均速率: 0.00 M/s, 最高分辨率: None, 平均帧率: 未知, 视频编解码器: 未知, 音频编解码器: aac
分类: 🇨🇳山东频道, 名称: 临沂公共, 有效: 0, IPv4: 1, IPv6: 0, 最小延迟: -1 ms, 最高速率: 0.00 M/s, 平均速率: 0.00 M/s, 最高分辨率: None, 平均帧率: 未知, 视频编解码器: 未知, 音频编解码器: 未知
分类: 🇨🇳山东频道, 名称: 山东影视, 有效: 0, IPv4: 2, IPv6: 0, 最小延迟: -1 ms, 最高速率: 0.00 M/s, 平均速率: 0.00 M/s, 最高分辨率: None, 平均帧率: 未知, 视频编解码器: 未知, 音频编解码器: 未知
分类: 🇨🇳山东频道, 名称: 山东齐鲁, 有效: 0, IPv4: 2, IPv6: 0, 最小延迟: -1 ms, 最高速率: 0.00 M/s, 平均速率: 0.00 M/s, 最高分辨率: None, 平均帧率: 未知, 视频编解码器: 未知, 音频编解码器: 未知
分类: 🇨🇳山东频道, 名称: 临沂农科, 有效: 0, IPv4: 2, IPv6: 0, 最小延迟: -1 ms, 最高速率: 0.00 M/s, 平均速率: 0.00 M/s, 最高分辨率: None, 平均帧率: 未知, 视频编解码器: 未知, 音频编解码器: 未知
分类: 🇨🇳山东频道, 名称: 烟台公共, 有效: 0, IPv4: 1, IPv6: 0, 最小延迟: -1 ms, 最高速率: 0.00 M/s, 平均速率: 0.00 M/s, 最高分辨率: None, 平均帧率: 未知, 视频编解码器: 未知, 音频编解码器: 未知
分类: 🇨🇳山东频道, 名称: 烟台新闻综合, 有效: 0, IPv4: 1, IPv6: 0, 最小延迟: -1 ms, 最高速率: 0.00 M/s, 平均速率: 0.00 M/s, 最高分辨率: None, 平均帧率: 未知, 视频编解码器: 未知, 音频编解码器: 未知
分类: 🇨🇳山东频道, 名称: 烟台经济科技, 有效: 0, IPv4: 1, IPv6: 0, 最小延迟: -1 ms, 最高速率: 0.00 M/s, 平均速率: 0.00 M/s, 最高分辨率: None, 平均帧率: 未知, 视频编解码器: 未知, 音频编解码器: 未知
分类: 🇨🇳浙江频道, 名称: 浙江新闻, 有效: 2, IPv4: 6, IPv6: 0, 最小延迟: 1119 ms, 最高速率: 0.27 M/s, 平均速率: 0.26 M/s, 最高分辨率: 1920x1080, 平均帧率: 25.00, 视频编解码器: h264, 音频编解码器: aac
分类: 🇨🇳上海频道, 名称: 财富天下, 有效: 1, IPv4: 40, IPv6: 0, 最小延迟: 1160 ms, 最高速率: 0.22 M/s, 平均速率: 0.22 M/s, 最高分辨率: 1280x720, 平均帧率: 25.00, 视频编解码器: h264, 音频编解码器: aac
分类: 🇨🇳浙江频道, 名称: 浙江教科, 有效: 0, IPv4: 1, IPv6: 0, 最小延迟: 1059 ms, 最高速率: 0.21 M/s, 平均速率: 0.00 M/s, 最高分辨率: 1920x1080, 平均帧率: 25.00, 视频编解码器: h264, 音频编解码器: aac
分类: 🇨🇳浙江频道, 名称: 浙江国际, 有效: 1, IPv4: 8, IPv6: 0, 最小延迟: 1047 ms, 最高速率: 0.36 M/s, 平均速率: 0.22 M/s, 最高分辨率: 1920x1080, 平均帧率: 25.00, 视频编解码器: h264, 音频编解码器: aac
分类: 🇨🇳浙江频道, 名称: 之江纪录, 有效: 1, IPv4: 5, IPv6: 0, 最小延迟: 1032 ms, 最高速率: 0.42 M/s, 平均速率: 0.42 M/s, 最高分辨率: 1920x1080, 平均帧率: 25.00, 视频编解码器: h264, 音频编解码器: aac
分类: 🇨🇳浙江频道, 名称: 浙江民生, 有效: 1, IPv4: 5, IPv6: 0, 最小延迟: 1038 ms, 最高速率: 0.37 M/s, 平均速率: 0.23 M/s, 最高分辨率: 1920x1080, 平均帧率: 25.00, 视频编解码器: h264, 音频编解码器: aac
分类: 🇨🇳浙江频道, 名称: 浙江经济, 有效: 1, IPv4: 5, IPv6: 0, 最小延迟: 1073 ms, 最高速率: 0.37 M/s, 平均速率: 0.26 M/s, 最高分辨率: 1920x1080, 平均帧率: 25.00, 视频编解码器: h264, 音频编解码器: aac
分类: 🇨🇳浙江频道, 名称: 浙江生活, 有效: 1, IPv4: 2, IPv6: 0, 最小延迟: 1136 ms, 最高速率: 0.26 M/s, 平均速率: 0.26 M/s, 最高分辨率: 1280x720, 平均帧率: 25.00, 视频编解码器: h264, 音频编解码器: aac
分类: 🇨🇳浙江频道, 名称: 杭州明珠, 有效: 0, IPv4: 1, IPv6: 0, 最小延迟: -1 ms, 最高速率: 0.00 M/s, 平均速率: 0.00 M/s, 最高分辨率: None, 平均帧率: 未知, 视频编解码器: 未知, 音频编解码器: 未知
分类: 🇨🇳浙江频道, 名称: 浙江经济生活, 有效: 0, IPv4: 2, IPv6: 0, 最小延迟: 1060 ms, 最高速率: 0.20 M/s, 平均速率: 0.00 M/s, 最高分辨率: 1920x1080, 平均帧率: 25.00, 视频编解码器: h264, 音频编解码器: aac
分类: 🇨🇳浙江频道, 名称: 杭州综合, 有效: 0, IPv4: 3, IPv6: 0, 最小延迟: -1 ms, 最高速率: 0.00 M/s, 平均速率: 0.00 M/s, 最高分辨率: None, 平均帧率: 未知, 视频编解码器: 未知, 音频编解码器: 未知
分类: 🇨🇳浙江频道, 名称: 浙江教育, 有效: 0, IPv4: 1, IPv6: 0, 最小延迟: 1111 ms, 最高速率: 0.19 M/s, 平均速率: 0.00 M/s, 最高分辨率: 1280x720, 平均帧率: 25.00, 视频编解码器: h264, 音频编解码器: aac
分类: 🇨🇳浙江频道, 名称: 杭州西湖明珠, 有效: 0, IPv4: 2, IPv6: 0, 最小延迟: -1 ms, 最高速率: 0.00 M/s, 平均速率: 0.00 M/s, 最高分辨率: None, 平均帧率: 未知, 视频编解码器: 未知, 音频编解码器: 未知
分类: 🇨🇳浙江频道, 名称: 杭州生活, 有效: 0, IPv4: 3, IPv6: 0, 最小延迟: -1 ms, 最高速率: 0.00 M/s, 平均速率: 0.00 M/s, 最高分辨率: None, 平均帧率: 未知, 视频编解码器: 未知, 音频编解码器: 未知
分类: 🇨🇳浙江频道, 名称: 杭州影视, 有效: 0, IPv4: 3, IPv6: 0, 最小延迟: -1 ms, 最高速率: 0.00 M/s, 平均速率: 0.00 M/s, 最高分辨率: None, 平均帧率: 未知, 视频编解码器: 未知, 音频编解码器: 未知
分类: 🇨🇳浙江频道, 名称: 杭州少体, 有效: 0, IPv4: 1, IPv6: 0, 最小延迟: -1 ms, 最高速率: 0.00 M/s, 平均速率: 0.00 M/s, 最高分辨率: None, 平均帧率: 未知, 视频编解码器: 未知, 音频编解码器: 未知
分类: 🇨🇳浙江频道, 名称: 杭州青少, 有效: 0, IPv4: 2, IPv6: 0, 最小延迟: -1 ms, 最高速率: 0.00 M/s, 平均速率: 0.00 M/s, 最高分辨率: None, 平均帧率: 未知, 视频编解码器: 未知, 音频编解码器: 未知
分类: 🇨🇳浙江频道, 名称: 浙江钱江, 有效: 1, IPv4: 8, IPv6: 0, 最小延迟: 1018 ms, 最高速率: 0.34 M/s, 平均速率: 0.24 M/s, 最高分辨率: 1920x1080, 平均帧率: 25.00, 视频编解码器: h264, 音频编解码器: aac
分类: 🇨🇳山东频道, 名称: 山东农科, 有效: 0, IPv4: 1, IPv6: 0, 最小延迟: 10850 ms, 最高速率: 0.00 M/s, 平均速率: 0.00 M/s, 最高分辨率: None, 平均帧率: 未知, 视频编解码器: 未知, 音频编解码器: 未知
分类: 🇨🇳山东频道, 名称: 山东文旅, 有效: 0, IPv4: 2, IPv6: 0, 最小延迟: 10856 ms, 最高速率: 0.00 M/s, 平均速率: 0.00 M/s, 最高分辨率: None, 平均帧率: 未知, 视频编解码器: 未知, 音频编解码器: 未知
分类: 🇨🇳山东频道, 名称: 山东综艺, 有效: 0, IPv4: 1, IPv6: 0, 最小延迟: 10856 ms, 最高速率: 0.00 M/s, 平均速率: 0.00 M/s, 最高分辨率: None, 平均帧率: 未知, 视频编解码器: 未知, 音频编解码器: 未知
分类: 🇨🇳山东频道, 名称: 山东生活, 有效: 0, IPv4: 1, IPv6: 0, 最小延迟: 10872 ms, 最高速率: 0.00 M/s, 平均速率: 0.00 M/s, 最高分辨率: None, 平均帧率: 未知, 视频编解码器: 未知, 音频编解码器: 未知
分类: 🇨🇳浙江频道, 名称: 杭州导视, 有效: 0, IPv4: 2, IPv6: 0, 最小延迟: -1 ms, 最高速率: 0.00 M/s, 平均速率: 0.00 M/s, 最高分辨率: None, 平均帧率: 未知, 视频编解码器: 未知, 音频编解码器: 未知
分类: 🇨🇳浙江频道, 名称: NBTV-1, 有效: 0, IPv4: 2, IPv6: 0, 最小延迟: -1 ms, 最高速率: 0.00 M/s, 平均速率: 0.00 M/s, 最高分辨率: None, 平均帧率: 未知, 视频编解码器: 未知, 音频编解码器: 未知
分类: 🇨🇳浙江频道, 名称: NBTV-2, 有效: 0, IPv4: 2, IPv6: 0, 最小延迟: -1 ms, 最高速率: 0.00 M/s, 平均速率: 0.00 M/s, 最高分辨率: None, 平均帧率: 未知, 视频编解码器: 未知, 音频编解码器: 未知
分类: 🇨🇳浙江频道, 名称: NBTV-3, 有效: 0, IPv4: 2, IPv6: 0, 最小延迟: -1 ms, 最高速率: 0.00 M/s, 平均速率: 0.00 M/s, 最高分辨率: None, 平均帧率: 未知, 视频编解码器: 未知, 音频编解码器: 未知
分类: 🇨🇳浙江频道, 名称: NBTV-4, 有效: 0, IPv4: 2, IPv6: 0, 最小延迟: -1 ms, 最高速率: 0.00 M/s, 平均速率: 0.00 M/s, 最高分辨率: None, 平均帧率: 未知, 视频编解码器: 未知, 音频编解码器: 未知
分类: 🇨🇳浙江频道, 名称: 浙江民生休闲, 有效: 0, IPv4: 1, IPv6: 0, 最小延迟: 1512 ms, 最高速率: 0.23 M/s, 平均速率: 0.00 M/s, 最高分辨率: 640x360, 平均帧率: 25.00, 视频编解码器: h264, 音频编解码器: aac
分类: 🇨🇳浙江频道, 名称: 湖州公共, 有效: 0, IPv4: 1, IPv6: 0, 最小延迟: 1327 ms, 最高速率: 0.11 M/s, 平均速率: 0.00 M/s, 最高分辨率: 1280x720, 平均帧率: 25.00, 视频编解码器: h264, 音频编解码器: aac
分类: 🇨🇳浙江频道, 名称: 湖州新闻综合, 有效: 0, IPv4: 3, IPv6: 0, 最小延迟: 1079 ms, 最高速率: 0.14 M/s, 平均速率: 0.00 M/s, 最高分辨率: 1280x720, 平均帧率: 29.97, 视频编解码器: h264, 音频编解码器: aac
分类: 🇨🇳浙江频道, 名称: 浙江留学, 有效: 0, IPv4: 2, IPv6: 0, 最小延迟: 1130 ms, 最高速率: 0.24 M/s, 平均速率: 0.00 M/s, 最高分辨率: 1920x1080, 平均帧率: 25.00, 视频编解码器: h264, 音频编解码器: aac
分类: 🇨🇳浙江频道, 名称: 湖州文化娱乐, 有效: 0, IPv4: 3, IPv6: 0, 最小延迟: 1064 ms, 最高速率: 0.15 M/s, 平均速率: 0.00 M/s, 最高分辨率: 1280x720, 平均帧率: 29.97, 视频编解码器: h264, 音频编解码器: aac
分类: 🇨🇳浙江频道, 名称: 浙江休闲台, 有效: 1, IPv4: 1, IPv6: 0, 最小延迟: 1057 ms, 最高速率: 0.21 M/s, 平均速率: 0.21 M/s, 最高分辨率: 1280x720, 平均帧率: 25.00, 视频编解码器: h264, 音频编解码器: aac
分类: 🇨🇳浙江频道, 名称: 嘉兴新闻综合, 有效: 0, IPv4: 1, IPv6: 0, 最小延迟: 2165 ms, 最高速率: 0.12 M/s, 平均速率: 0.00 M/s, 最高分辨率: 1920x1080, 平均帧率: 25.00, 视频编解码器: h264, 音频编解码器: aac
分类: 🇨🇳浙江频道, 名称: 浙江公共新闻, 有效: 0, IPv4: 1, IPv6: 0, 最小延迟: 1013 ms, 最高速率: 0.17 M/s, 平均速率: 0.00 M/s, 最高分辨率: 1920x1080, 平均帧率: 25.00, 视频编解码器: h264, 音频编解码器: aac
分类: 🇨🇳浙江频道, 名称: 浙江数码时代, 有效: 2, IPv4: 3, IPv6: 0, 最小延迟: 1010 ms, 最高速率: 0.28 M/s, 平均速率: 0.22 M/s, 最高分辨率: 1920x1080, 平均帧率: 25.00, 视频编解码器: h264, 音频编解码器: aac
分类: 🇨🇳浙江频道, 名称: 浙江遂昌, 有效: 0, IPv4: 1, IPv6: 0, 最小延迟: 1178 ms, 最高速率: 0.19 M/s, 平均速率: 0.00 M/s, 最高分辨率: 1920x1080, 平均帧率: 25.00, 视频编解码器: h264, 音频编解码器: aac
分类: 🇨🇳浙江频道, 名称: 鄞州二套, 有效: 0, IPv4: 1, IPv6: 0, 最小延迟: -1 ms, 最高速率: 0.00 M/s, 平均速率: 0.00 M/s, 最高分辨率: None, 平均帧率: 未知, 视频编解码器: 未知, 音频编解码器: 未知
分类: 🇨🇳浙江频道, 名称: 鄞州一套, 有效: 0, IPv4: 1, IPv6: 0, 最小延迟: -1 ms, 最高速率: 0.00 M/s, 平均速率: 0.00 M/s, 最高分辨率: None, 平均帧率: 未知, 视频编解码器: 未知, 音频编解码器: 未知
分类: 🇨🇳浙江频道, 名称: 浙江青田, 有效: 0, IPv4: 1, IPv6: 0, 最小延迟: 1413 ms, 最高速率: 0.19 M/s, 平均速率: 0.00 M/s, 最高分辨率: 1920x1080, 平均帧率: 25.00, 视频编解码器: h264, 音频编解码器: aac
分类: 🇨🇳浙江频道, 名称: 诸暨新闻综合, 有效: 0, IPv4: 3, IPv6: 0, 最小延迟: 1096 ms, 最高速率: 0.31 M/s, 平均速率: 0.00 M/s, 最高分辨率: 1920x1080, 平均帧率: 50.00, 视频编解码器: h264, 音频编解码器: aac
分类: 🇨🇳浙江频道, 名称: 龙游生活娱乐, 有效: 1, IPv4: 3, IPv6: 0, 最小延迟: 1155 ms, 最高速率: 0.33 M/s, 平均速率: 0.33 M/s, 最高分辨率: 1280x720, 平均帧率: 25.00, 视频编解码器: h264, 音频编解码器: aac
分类: 🇨🇳浙江频道, 名称: 龙游新闻综合, 有效: 2, IPv4: 3, IPv6: 0, 最小延迟: 1142 ms, 最高速率: 0.33 M/s, 平均速率: 0.29 M/s, 最高分辨率: 1280x720, 平均帧率: 25.00, 视频编解码器: h264, 音频编解码器: aac
分类: 🇨🇳浙江频道, 名称: 龙泉新闻综合, 有效: 0, IPv4: 1, IPv6: 0, 最小延迟: 1081 ms, 最高速率: 0.11 M/s, 平均速率: 0.00 M/s, 最高分辨率: 1920x1080, 平均帧率: 25.00, 视频编解码器: h264, 音频编解码器: aac
分类: 🇨🇳浙江频道, 名称: 衢江新闻综合, 有效: 0, IPv4: 1, IPv6: 0, 最小延迟: -1 ms, 最高速率: 0.00 M/s, 平均速率: 0.00 M/s, 最高分辨率: None, 平均帧率: 未知, 视频编解码器: 未知, 音频编解码器: 未知
分类: 🇨🇳浙江频道, 名称: 萧山生活, 有效: 0, IPv4: 3, IPv6: 0, 最小延迟: -1 ms, 最高速率: 0.00 M/s, 平均速率: 0.00 M/s, 最高分辨率: None, 平均帧率: 未知, 视频编解码器: 未知, 音频编解码器: 未知
分类: 🇨🇳浙江频道, 名称: 遂昌综合, 有效: 0, IPv4: 1, IPv6: 0, 最小延迟: 1184 ms, 最高速率: 0.14 M/s, 平均速率: 0.00 M/s, 最高分辨率: 1920x1080, 平均帧率: 25.00, 视频编解码器: h264, 音频编解码器: aac
分类: 🇨🇳浙江频道, 名称: 象山综合, 有效: 1, IPv4: 3, IPv6: 0, 最小延迟: 1044 ms, 最高速率: 0.88 M/s, 平均速率: 0.88 M/s, 最高分辨率: 1920x1080, 平均帧率: 25.00, 视频编解码器: h264, 音频编解码器: aac
分类: 🇨🇳浙江频道, 名称: 缙云综合, 有效: 0, IPv4: 2, IPv6: 0, 最小延迟: 1109 ms, 最高速率: 0.17 M/s, 平均速率: 0.00 M/s, 最高分辨率: 1280x720, 平均帧率: 25.00, 视频编解码器: h264, 音频编解码器: aac
分类: 🇨🇳浙江频道, 名称: 缙云新闻综合, 有效: 0, IPv4: 1, IPv6: 0, 最小延迟: 1117 ms, 最高速率: 0.16 M/s, 平均速率: 0.00 M/s, 最高分辨率: 1280x720, 平均帧率: 25.00, 视频编解码器: h264, 音频编解码器: aac
分类: 🇨🇳浙江频道, 名称: 绍兴电视台公共, 有效: 0, IPv4: 2, IPv6: 0, 最小延迟: 4069 ms, 最高速率: 0.19 M/s, 平均速率: 0.00 M/s, 最高分辨率: 1280x720, 平均帧率: 30.00, 视频编解码器: h264, 音频编解码器: aac
分类: 🇨🇳浙江频道, 名称: 萧山新闻综合, 有效: 1, IPv4: 4, IPv6: 0, 最小延迟: 1056 ms, 最高速率: 0.28 M/s, 平均速率: 0.28 M/s, 最高分辨率: 1280x720, 平均帧率: 25.00, 视频编解码器: h264, 音频编解码器: aac
分类: 🇨🇳浙江频道, 名称: 苍南新闻综合, 有效: 1, IPv4: 3, IPv6: 0, 最小延迟: 1245 ms, 最高速率: 1.42 M/s, 平均速率: 1.42 M/s, 最高分辨率: 1920x1080, 平均帧率: 25.00, 视频编解码器: h264, 音频编解码器: aac
分类: 🇨🇳浙江频道, 名称: 湖州公共民生, 有效: 0, IPv4: 1, IPv6: 0, 最小延迟: 1040 ms, 最高速率: 0.14 M/s, 平均速率: 0.00 M/s, 最高分辨率: 1280x720, 平均帧率: 25.00, 视频编解码器: h264, 音频编解码器: aac
分类: 🇨🇳浙江频道, 名称: 海宁新闻综合, 有效: 3, IPv4: 3, IPv6: 0, 最小延迟: 583 ms, 最高速率: 0.46 M/s, 平均速率: 0.37 M/s, 最高分辨率: 1280x720, 平均帧率: 25.00, 视频编解码器: h264, 音频编解码器: aac
分类: 🇨🇳浙江频道, 名称: 洞头综合, 有效: 0, IPv4: 2, IPv6: 0, 最小延迟: 1171 ms, 最高速率: 0.24 M/s, 平均速率: 0.00 M/s, 最高分辨率: 720x540, 平均帧率: 25.00, 视频编解码器: h264, 音频编解码器: aac
分类: 🇨🇳浙江频道, 名称: 绍兴新闻综合, 有效: 0, IPv4: 3, IPv6: 0, 最小延迟: 3844 ms, 最高速率: 0.18 M/s, 平均速率: 0.00 M/s, 最高分辨率: 1280x720, 平均帧率: 25.00, 视频编解码器: h264, 音频编解码器: aac
分类: 🇨🇳浙江频道, 名称: 绍兴文化影院, 有效: 0, IPv4: 1, IPv6: 0, 最小延迟: 6218 ms, 最高速率: 0.17 M/s, 平均速率: 0.00 M/s, 最高分辨率: 1280x720, 平均帧率: 25.00, 视频编解码器: h264, 音频编解码器: aac
分类: 🇨🇳浙江频道, 名称: 绍兴公共, 有效: 0, IPv4: 1, IPv6: 0, 最小延迟: 6740 ms, 最高速率: 0.16 M/s, 平均速率: 0.00 M/s, 最高分辨率: 1280x720, 平均帧率: 30.00, 视频编解码器: h264, 音频编解码器: aac
分类: 🇨🇳浙江频道, 名称: 普陀新闻综合, 有效: 0, IPv4: 1, IPv6: 0, 最小延迟: -1 ms, 最高速率: 0.00 M/s, 平均速率: 0.00 M/s, 最高分辨率: None, 平均帧率: 未知, 视频编解码器: 未知, 音频编解码器: 未知
分类: 🇨🇳浙江频道, 名称: 武义新闻综合, 有效: 0, IPv4: 2, IPv6: 0, 最小延迟: 1175 ms, 最高速率: 0.17 M/s, 平均速率: 0.00 M/s, 最高分辨率: 720x576, 平均帧率: 未知, 视频编解码器: h264, 音频编解码器: aac
分类: 🇨🇳浙江频道, 名称: 松阳综合, 有效: 0, IPv4: 3, IPv6: 0, 最小延迟: 1104 ms, 最高速率: 0.18 M/s, 平均速率: 0.00 M/s, 最高分辨率: 1920x1080, 平均帧率: 25.00, 视频编解码器: h264, 音频编解码器: aac
分类: 🇨🇳浙江频道, 名称: 普陀电视台, 有效: 0, IPv4: 3, IPv6: 0, 最小延迟: 1115 ms, 最高速率: 0.15 M/s, 平均速率: 0.00 M/s, 最高分辨率: 1280x720, 平均帧率: 未知, 视频编解码器: h264, 音频编解码器: aac
分类: 🇨🇳浙江频道, 名称: 新昌生活, 有效: 0, IPv4: 1, IPv6: 0, 最小延迟: 2495 ms, 最高速率: 0.40 M/s, 平均速率: 0.00 M/s, 最高分辨率: 1920x1080, 平均帧率: 25.00, 视频编解码器: h264, 音频编解码器: aac
分类: 🇨🇳浙江频道, 名称: 永嘉新闻综合, 有效: 0, IPv4: 2, IPv6: 0, 最小延迟: 1098 ms, 最高速率: 0.12 M/s, 平均速率: 0.00 M/s, 最高分辨率: 1920x1080, 平均帧率: 25.00, 视频编解码器: h264, 音频编解码器: aac
分类: 🇨🇳浙江频道, 名称: 文成综合, 有效: 0, IPv4: 2, IPv6: 0, 最小延迟: 1095 ms, 最高速率: 0.16 M/s, 平均速率: 0.00 M/s, 最高分辨率: 1280x720, 平均帧率: 25.00, 视频编解码器: h264, 音频编解码器: aac
分类: 🇨🇳浙江频道, 名称: 文成新闻综合, 有效: 0, IPv4: 1, IPv6: 0, 最小延迟: 1193 ms, 最高速率: 0.12 M/s, 平均速率: 0.00 M/s, 最高分辨率: 1280x720, 平均帧率: 25.00, 视频编解码器: h264, 音频编解码器: aac
分类: 🇨🇳浙江频道, 名称: 新昌新闻综合, 有效: 0, IPv4: 2, IPv6: 0, 最小延迟: 1114 ms, 最高速率: 0.28 M/s, 平均速率: 0.00 M/s, 最高分辨率: 1920x1080, 平均帧率: 25.00, 视频编解码器: h264, 音频编解码器: aac
分类: 🇨🇳浙江频道, 名称: 开化新闻综合, 有效: 0, IPv4: 2, IPv6: 0, 最小延迟: 1166 ms, 最高速率: 0.16 M/s, 平均速率: 0.00 M/s, 最高分辨率: 1280x720, 平均帧率: 25.00, 视频编解码器: h264, 音频编解码器: aac
分类: 🇨🇳浙江频道, 名称: 开化国家公园, 有效: 0, IPv4: 4, IPv6: 0, 最小延迟: 1075 ms, 最高速率: 0.19 M/s, 平均速率: 0.00 M/s, 最高分辨率: 1280x720, 平均帧率: 25.00, 视频编解码器: h264, 音频编解码器: aac
分类: 🇨🇳浙江频道, 名称: 平湖民生休闲, 有效: 0, IPv4: 2, IPv6: 0, 最小延迟: 1128 ms, 最高速率: 0.16 M/s, 平均速率: 0.00 M/s, 最高分辨率: 1280x720, 平均帧率: 25.00, 视频编解码器: h264, 音频编解码器: aac
分类: 🇨🇳浙江频道, 名称: 庆元综合, 有效: 0, IPv4: 3, IPv6: 0, 最小延迟: 1109 ms, 最高速率: 0.17 M/s, 平均速率: 0.00 M/s, 最高分辨率: 1920x1080, 平均帧率: 25.00, 视频编解码器: h264, 音频编解码器: aac
分类: 🇨🇳浙江频道, 名称: 嵊泗综合, 有效: 0, IPv4: 3, IPv6: 0, 最小延迟: 1047 ms, 最高速率: 0.14 M/s, 平均速率: 0.00 M/s, 最高分辨率: 1280x720, 平均帧率: 25.00, 视频编解码器: h264, 音频编解码器: aac
分类: 🇨🇳浙江频道, 名称: 平湖新闻综合, 有效: 0, IPv4: 4, IPv6: 0, 最小延迟: 1093 ms, 最高速率: 0.17 M/s, 平均速率: 0.00 M/s, 最高分辨率: 1280x720, 平均帧率: 25.00, 视频编解码器: h264, 音频编解码器: aac
分类: 🇨🇳浙江频道, 名称: 余杭综合, 有效: 0, IPv4: 2, IPv6: 0, 最小延迟: 1139 ms, 最高速率: 0.20 M/s, 平均速率: 0.00 M/s, 最高分辨率: 1920x1080, 平均帧率: 25.00, 视频编解码器: h264, 音频编解码器: aac
分类: 🇨🇳浙江频道, 名称: 余杭未来E, 有效: 0, IPv4: 2, IPv6: 0, 最小延迟: 1187 ms, 最高速率: 0.16 M/s, 平均速率: 0.00 M/s, 最高分辨率: 1920x1080, 平均帧率: 25.00, 视频编解码器: h264, 音频编解码器: aac
分类: 🇨🇳浙江频道, 名称: 嵊州新闻综合, 有效: 0, IPv4: 2, IPv6: 0, 最小延迟: 1249 ms, 最高速率: 0.16 M/s, 平均速率: 0.00 M/s, 最高分辨率: 1280x720, 平均帧率: 25.00, 视频编解码器: h264, 音频编解码器: aac
分类: 🇨🇳浙江频道, 名称: 兰溪新闻综合, 有效: 0, IPv4: 2, IPv6: 0, 最小延迟: 1089 ms, 最高速率: 0.17 M/s, 平均速率: 0.00 M/s, 最高分辨率: 1280x720, 平均帧率: 25.00, 视频编解码器: h264, 音频编解码器: aac
分类: 🇨🇳浙江频道, 名称: 义乌新闻综合, 有效: 0, IPv4: 1, IPv6: 0, 最小延迟: -1 ms, 最高速率: 0.00 M/s, 平均速率: 0.00 M/s, 最高分辨率: None, 平均帧率: 未知, 视频编解码器: 未知, 音频编解码器: 未知
分类: 🇨🇳浙江频道, 名称: 余姚新闻综合, 有效: 0, IPv4: 1, IPv6: 0, 最小延迟: 1112 ms, 最高速率: 0.14 M/s, 平均速率: 0.00 M/s, 最高分辨率: 1920x1080, 平均帧率: 25.00, 视频编解码器: h264, 音频编解码器: aac
分类: 🇨🇳浙江频道, 名称: 余姚综合, 有效: 0, IPv4: 4, IPv6: 0, 最小延迟: 1359 ms, 最高速率: 0.32 M/s, 平均速率: 0.00 M/s, 最高分辨率: 1920x1080, 平均帧率: 25.00, 视频编解码器: h264, 音频编解码器: aac
分类: 🇨🇳浙江频道, 名称: 云和新闻综合, 有效: 1, IPv4: 2, IPv6: 0, 最小延迟: 1094 ms, 最高速率: 0.22 M/s, 平均速率: 0.22 M/s, 最高分辨率: 1280x720, 平均帧率: 25.00, 视频编解码器: h264, 音频编解码器: aac
分类: 🇨🇳浙江频道, 名称: 余姚姚江文化, 有效: 0, IPv4: 3, IPv6: 0, 最小延迟: 1108 ms, 最高速率: 0.33 M/s, 平均速率: 0.00 M/s, 最高分辨率: 1920x1080, 平均帧率: 25.00, 视频编解码器: h264, 音频编解码器: aac
分类: 🇨🇳浙江频道, 名称: 东阳影视生活, 有效: 0, IPv4: 1, IPv6: 0, 最小延迟: 1016 ms, 最高速率: 0.15 M/s, 平均速率: 0.00 M/s, 最高分辨率: 1280x720, 平均帧率: 25.00, 视频编解码器: h264, 音频编解码器: aac
分类: 🇨🇳浙江频道, 名称: 上虞新闻综合, 有效: 0, IPv4: 2, IPv6: 0, 最小延迟: 1134 ms, 最高速率: 0.17 M/s, 平均速率: 0.00 M/s, 最高分辨率: 1920x1080, 平均帧率: 25.00, 视频编解码器: h264, 音频编解码器: aac
分类: 🇨🇳浙江频道, 名称: 中国蓝新闻, 有效: 0, IPv4: 2, IPv6: 0, 最小延迟: 1011 ms, 最高速率: 0.26 M/s, 平均速率: 0.00 M/s, 最高分辨率: 1920x1080, 平均帧率: 25.00, 视频编解码器: h264, 音频编解码器: aac
分类: 🇨🇳浙江频道, 名称: 上虞新商都, 有效: 0, IPv4: 3, IPv6: 0, 最小延迟: 1097 ms, 最高速率: 0.20 M/s, 平均速率: 0.00 M/s, 最高分辨率: 1920x1080, 平均帧率: 25.00, 视频编解码器: h264, 音频编解码器: aac
分类: 🇨🇳浙江频道, 名称: 上虞文化影院, 有效: 0, IPv4: 2, IPv6: 0, 最小延迟: 1108 ms, 最高速率: 0.29 M/s, 平均速率: 0.00 M/s, 最高分辨率: 1920x1080, 平均帧率: 25.00, 视频编解码器: h264, 音频编解码器: aac
分类: 🇨🇳江苏频道, 名称: 苏州4K, 有效: 0, IPv4: 2, IPv6: 0, 最小延迟: 1903 ms, 最高速率: 0.36 M/s, 平均速率: 0.00 M/s, 最高分辨率: 3840x2160, 平均帧率: 25.00, 视频编解码器: h264, 音频编解码器: aac
分类: 🇨🇳江苏频道, 名称: 江苏教育, 有效: 0, IPv4: 36, IPv6: 0, 最小延迟: 1170 ms, 最高速率: 0.23 M/s, 平均速率: 0.00 M/s, 最高分辨率: 854x480, 平均帧率: 25.00, 视频编解码器: h264, 音频编解码器: aac
分类: 🇨🇳江苏频道, 名称: 江苏国际, 有效: 0, IPv4: 34, IPv6: 0, 最小延迟: 1174 ms, 最高速率: 0.24 M/s, 平均速率: 0.00 M/s, 最高分辨率: 854x480, 平均帧率: 25.00, 视频编解码器: h264, 音频编解码器: aac
分类: 🇨🇳江苏频道, 名称: 江苏城市, 有效: 0, IPv4: 33, IPv6: 0, 最小延迟: 1205 ms, 最高速率: 0.23 M/s, 平均速率: 0.00 M/s, 最高分辨率: 854x480, 平均帧率: 25.00, 视频编解码器: h264, 音频编解码器: aac
分类: 🇨🇳江苏频道, 名称: 江苏影视, 有效: 0, IPv4: 35, IPv6: 0, 最小延迟: 1157 ms, 最高速率: 0.40 M/s, 平均速率: 0.00 M/s, 最高分辨率: 854x480, 平均帧率: 27.50, 视频编解码器: h264, 音频编解码器: aac
分类: 🇨🇳江苏频道, 名称: 东海新闻, 有效: 0, IPv4: 1, IPv6: 0, 最小延迟: -1 ms, 最高速率: 0.00 M/s, 平均速率: 0.00 M/s, 最高分辨率: None, 平均帧率: 未知, 视频编解码器: 未知, 音频编解码器: 未知
分类: 🇨🇳江苏频道, 名称: 南京教科, 有效: 0, IPv4: 2, IPv6: 0, 最小延迟: -1 ms, 最高速率: 0.00 M/s, 平均速率: 0.00 M/s, 最高分辨率: None, 平均帧率: 未知, 视频编解码器: 未知, 音频编解码器: 未知
分类: 🇨🇳江苏频道, 名称: 南京十八, 有效: 0, IPv4: 2, IPv6: 0, 最小延迟: -1 ms, 最高速率: 0.00 M/s, 平均速率: 0.00 M/s, 最高分辨率: None, 平均帧率: 未知, 视频编解码器: 未知, 音频编解码器: 未知
分类: 🇨🇳江苏频道, 名称: 六合新闻综合, 有效: 0, IPv4: 1, IPv6: 0, 最小延迟: -1 ms, 最高速率: 0.00 M/s, 平均速率: 0.00 M/s, 最高分辨率: None, 平均帧率: 未知, 视频编解码器: 未知, 音频编解码器: 未知
分类: 🇨🇳江苏频道, 名称: 南京新闻综合, 有效: 0, IPv4: 2, IPv6: 0, 最小延迟: -1 ms, 最高速率: 0.00 M/s, 平均速率: 0.00 M/s, 最高分辨率: None, 平均帧率: 未知, 视频编解码器: 未知, 音频编解码器: 未知
分类: 🇨🇳江苏频道, 名称: 南通新闻综合, 有效: 0, IPv4: 2, IPv6: 0, 最小延迟: -1 ms, 最高速率: 0.00 M/s, 平均速率: 0.00 M/s, 最高分辨率: None, 平均帧率: 未知, 视频编解码器: 未知, 音频编解码器: 未知
分类: 🇨🇳江苏频道, 名称: 宜兴紫砂, 有效: 0, IPv4: 1, IPv6: 0, 最小延迟: -1 ms, 最高速率: 0.00 M/s, 平均速率: 0.00 M/s, 最高分辨率: None, 平均帧率: 未知, 视频编解码器: 未知, 音频编解码器: 未知
分类: 🇨🇳江苏频道, 名称: 宿迁公共, 有效: 0, IPv4: 1, IPv6: 0, 最小延迟: -1 ms, 最高速率: 0.00 M/s, 平均速率: 0.00 M/s, 最高分辨率: None, 平均帧率: 未知, 视频编解码器: 未知, 音频编解码器: 未知
分类: 🇨🇳江苏频道, 名称: 句容影院, 有效: 0, IPv4: 1, IPv6: 0, 最小延迟: 908 ms, 最高速率: 0.12 M/s, 平均速率: 0.00 M/s, 最高分辨率: 720x576, 平均帧率: 25.00, 视频编解码器: h264, 音频编解码器: aac
分类: 🇨🇳江苏频道, 名称: 常州生活, 有效: 0, IPv4: 1, IPv6: 0, 最小延迟: -1 ms, 最高速率: 0.00 M/s, 平均速率: 0.00 M/s, 最高分辨率: None, 平均帧率: 未知, 视频编解码器: 未知, 音频编解码器: 未知
分类: 🇨🇳江苏频道, 名称: 常州公共, 有效: 0, IPv4: 1, IPv6: 0, 最小延迟: -1 ms, 最高速率: 0.00 M/s, 平均速率: 0.00 M/s, 最高分辨率: None, 平均帧率: 未知, 视频编解码器: 未知, 音频编解码器: 未知
分类: 🇨🇳江苏频道, 名称: 常州都市, 有效: 0, IPv4: 1, IPv6: 0, 最小延迟: -1 ms, 最高速率: 0.00 M/s, 平均速率: 0.00 M/s, 最高分辨率: None, 平均帧率: 未知, 视频编解码器: 未知, 音频编解码器: 未知
分类: 🇨🇳江苏频道, 名称: 徐州公共, 有效: 0, IPv4: 1, IPv6: 0, 最小延迟: -1 ms, 最高速率: 0.00 M/s, 平均速率: 0.00 M/s, 最高分辨率: None, 平均帧率: 未知, 视频编解码器: 未知, 音频编解码器: 未知
分类: 🇨🇳江苏频道, 名称: 宜兴新闻, 有效: 0, IPv4: 4, IPv6: 0, 最小延迟: -1 ms, 最高速率: 0.00 M/s, 平均速率: 0.00 M/s, 最高分辨率: None, 平均帧率: 未知, 视频编解码器: 未知, 音频编解码器: 未知
分类: 🇨🇳江苏频道, 名称: 徐州新聞綜合, 有效: 0, IPv4: 1, IPv6: 0, 最小延迟: -1 ms, 最高速率: 0.00 M/s, 平均速率: 0.00 M/s, 最高分辨率: None, 平均帧率: 未知, 视频编解码器: 未知, 音频编解码器: 未知
分类: 🇨🇳江苏频道, 名称: 句容党建, 有效: 0, IPv4: 5, IPv6: 0, 最小延迟: 879 ms, 最高速率: 0.14 M/s, 平均速率: 0.00 M/s, 最高分辨率: 1280x720, 平均帧率: 25.00, 视频编解码器: h264, 音频编解码器: aac
分类: 🇨🇳江苏频道, 名称: 句容新闻综合, 有效: 0, IPv4: 2, IPv6: 0, 最小延迟: 1114 ms, 最高速率: 0.20 M/s, 平均速率: 0.00 M/s, 最高分辨率: 720x576, 平均帧率: 25.00, 视频编解码器: h264, 音频编解码器: aac
分类: 🇨🇳江苏频道, 名称: 扬州生活, 有效: 0, IPv4: 1, IPv6: 0, 最小延迟: -1 ms, 最高速率: 0.00 M/s, 平均速率: 0.00 M/s, 最高分辨率: None, 平均帧率: 未知, 视频编解码器: 未知, 音频编解码器: 未知
分类: 🇨🇳江苏频道, 名称: 扬州新闻, 有效: 0, IPv4: 1, IPv6: 0, 最小延迟: -1 ms, 最高速率: 0.00 M/s, 平均速率: 0.00 M/s, 最高分辨率: None, 平均帧率: 未知, 视频编解码器: 未知, 音频编解码器: 未知
分类: 🇨🇳江苏频道, 名称: 常熟民生, 有效: 0, IPv4: 2, IPv6: 0, 最小延迟: -1 ms, 最高速率: 0.00 M/s, 平均速率: 0.00 M/s, 最高分辨率: None, 平均帧率: 未知, 视频编解码器: 未知, 音频编解码器: 未知
分类: 🇨🇳江苏频道, 名称: 扬州城市, 有效: 0, IPv4: 1, IPv6: 0, 最小延迟: -1 ms, 最高速率: 0.00 M/s, 平均速率: 0.00 M/s, 最高分辨率: None, 平均帧率: 未知, 视频编解码器: 未知, 音频编解码器: 未知
分类: 🇨🇳江苏频道, 名称: 扬州邗江, 有效: 0, IPv4: 1, IPv6: 0, 最小延迟: -1 ms, 最高速率: 0.00 M/s, 平均速率: 0.00 M/s, 最高分辨率: None, 平均帧率: 未知, 视频编解码器: 未知, 音频编解码器: 未知
分类: 🇨🇳江苏频道, 名称: 句容生活, 有效: 0, IPv4: 4, IPv6: 0, 最小延迟: 1122 ms, 最高速率: 0.20 M/s, 平均速率: 0.00 M/s, 最高分辨率: 720x576, 平均帧率: 25.00, 视频编解码器: h264, 音频编解码器: aac
分类: 🇨🇳江苏频道, 名称: 无锡经济, 有效: 0, IPv4: 1, IPv6: 0, 最小延迟: -1 ms, 最高速率: 0.00 M/s, 平均速率: 0.00 M/s, 最高分辨率: None, 平均帧率: 未知, 视频编解码器: 未知, 音频编解码器: 未知
分类: 🇨🇳江苏频道, 名称: 江宁新闻, 有效: 0, IPv4: 1, IPv6: 0, 最小延迟: -1 ms, 最高速率: 0.00 M/s, 平均速率: 0.00 M/s, 最高分辨率: None, 平均帧率: 未知, 视频编解码器: 未知, 音频编解码器: 未知
分类: 🇨🇳江苏频道, 名称: 泗洪新闻综合, 有效: 0, IPv4: 2, IPv6: 0, 最小延迟: -1 ms, 最高速率: 0.00 M/s, 平均速率: 0.00 M/s, 最高分辨率: None, 平均帧率: 未知, 视频编解码器: 未知, 音频编解码器: 未知
分类: 🇨🇳江苏频道, 名称: 泗阳综合, 有效: 0, IPv4: 2, IPv6: 0, 最小延迟: -1 ms, 最高速率: 0.00 M/s, 平均速率: 0.00 M/s, 最高分辨率: None, 平均帧率: 未知, 视频编解码器: 未知, 音频编解码器: 未知
分类: 🇨🇳江苏频道, 名称: 泗阳资讯, 有效: 0, IPv4: 3, IPv6: 0, 最小延迟: -1 ms, 最高速率: 0.00 M/s, 平均速率: 0.00 M/s, 最高分辨率: None, 平均帧率: 未知, 视频编解码器: 未知, 音频编解码器: 未知
分类: 🇨🇳江苏频道, 名称: 睢宁三农, 有效: 0, IPv4: 1, IPv6: 0, 最小延迟: -1 ms, 最高速率: 0.00 M/s, 平均速率: 0.00 M/s, 最高分辨率: None, 平均帧率: 未知, 视频编解码器: 未知, 音频编解码器: 未知
分类: 🇨🇳江苏频道, 名称: 淮安公共, 有效: 0, IPv4: 1, IPv6: 0, 最小延迟: -1 ms, 最高速率: 0.00 M/s, 平均速率: 0.00 M/s, 最高分辨率: None, 平均帧率: 未知, 视频编解码器: 未知, 音频编解码器: 未知
分类: 🇨🇳江苏频道, 名称: 睢宁资讯, 有效: 0, IPv4: 1, IPv6: 0, 最小延迟: -1 ms, 最高速率: 0.00 M/s, 平均速率: 0.00 M/s, 最高分辨率: None, 平均帧率: 未知, 视频编解码器: 未知, 音频编解码器: 未知
分类: 🇨🇳江苏频道, 名称: 淮安影院娱乐, 有效: 0, IPv4: 2, IPv6: 0, 最小延迟: -1 ms, 最高速率: 0.00 M/s, 平均速率: 0.00 M/s, 最高分辨率: None, 平均帧率: 未知, 视频编解码器: 未知, 音频编解码器: 未知
分类: 🇨🇳江苏频道, 名称: 溧水新闻综合, 有效: 0, IPv4: 2, IPv6: 0, 最小延迟: -1 ms, 最高速率: 0.00 M/s, 平均速率: 0.00 M/s, 最高分辨率: None, 平均帧率: 未知, 视频编解码器: 未知, 音频编解码器: 未知
分类: 🇨🇳江苏频道, 名称: 淮安新闻综合, 有效: 0, IPv4: 3, IPv6: 0, 最小延迟: -1 ms, 最高速率: 0.00 M/s, 平均速率: 0.00 M/s, 最高分辨率: None, 平均帧率: 未知, 视频编解码器: 未知, 音频编解码器: 未知
分类: 🇨🇳江苏频道, 名称: 连云港公共, 有效: 0, IPv4: 1, IPv6: 0, 最小延迟: -1 ms, 最高速率: 0.00 M/s, 平均速率: 0.00 M/s, 最高分辨率: None, 平均帧率: 未知, 视频编解码器: 未知, 音频编解码器: 未知
分类: 🇨🇳江苏频道, 名称: 贾汪旅游, 有效: 0, IPv4: 1, IPv6: 0, 最小延迟: -1 ms, 最高速率: 0.00 M/s, 平均速率: 0.00 M/s, 最高分辨率: None, 平均帧率: 未知, 视频编解码器: 未知, 音频编解码器: 未知
分类: 🇨🇳江苏频道, 名称: 滨海新闻综合, 有效: 0, IPv4: 1, IPv6: 0, 最小延迟: 1211 ms, 最高速率: 0.50 M/s, 平均速率: 0.00 M/s, 最高分辨率: None, 平均帧率: 未知, 视频编解码器: 未知, 音频编解码器: 未知
分类: 🇨🇳江苏频道, 名称: 苏州社会经济, 有效: 1, IPv4: 1, IPv6: 0, 最小延迟: 1320 ms, 最高速率: 1.47 M/s, 平均速率: 1.47 M/s, 最高分辨率: 1920x1080, 平均帧率: 25.00, 视频编解码器: h264, 音频编解码器: aac
分类: 🇨🇳江苏频道, 名称: 苏州生活资讯, 有效: 1, IPv4: 1, IPv6: 0, 最小延迟: 1069 ms, 最高速率: 0.35 M/s, 平均速率: 0.35 M/s, 最高分辨率: 1280x720, 平均帧率: 25.00, 视频编解码器: h264, 音频编解码器: aac
分类: 🇨🇳江苏频道, 名称: 苏州文化生活, 有效: 1, IPv4: 1, IPv6: 0, 最小延迟: 1049 ms, 最高速率: 0.44 M/s, 平均速率: 0.44 M/s, 最高分辨率: 1280x720, 平均帧率: 25.00, 视频编解码器: h264, 音频编解码器: aac
分类: 🇨🇳江苏频道, 名称: 苏州新闻综合, 有效: 1, IPv4: 2, IPv6: 0, 最小延迟: 1283 ms, 最高速率: 1.01 M/s, 平均速率: 1.01 M/s, 最高分辨率: 1920x1080, 平均帧率: 25.00, 视频编解码器: h264, 音频编解码器: aac
分类: 🇨🇳江苏频道, 名称: 睢宁综合, 有效: 1, IPv4: 2, IPv6: 0, 最小延迟: 884 ms, 最高速率: 0.30 M/s, 平均速率: 0.30 M/s, 最高分辨率: 1280x720, 平均帧率: 25.00, 视频编解码器: h264, 音频编解码器: aac
分类: 🇨🇳江苏频道, 名称: 江苏综艺, 有效: 0, IPv4: 33, IPv6: 0, 最小延迟: 1148 ms, 最高速率: 0.25 M/s, 平均速率: 0.00 M/s, 最高分辨率: 854x480, 平均帧率: 25.00, 视频编解码器: h264, 音频编解码器: aac
分类: 🇨🇳江苏频道, 名称: 武进新闻, 有效: 0, IPv4: 3, IPv6: 0, 最小延迟: 2550 ms, 最高速率: 0.05 M/s, 平均速率: 0.00 M/s, 最高分辨率: 720x576, 平均帧率: 25.00, 视频编解码器: h264, 音频编解码器: aac
分类: 🇨🇳江苏频道, 名称: 武进生活, 有效: 0, IPv4: 5, IPv6: 0, 最小延迟: 10392 ms, 最高速率: 0.02 M/s, 平均速率: 0.00 M/s, 最高分辨率: 720x576, 平均帧率: 25.00, 视频编解码器: h264, 音频编解码器: aac
分类: 🇨🇳江苏频道, 名称: 镇江二套社会民生, 有效: 0, IPv4: 1, IPv6: 0, 最小延迟: -1 ms, 最高速率: 0.00 M/s, 平均速率: 0.00 M/s, 最高分辨率: None, 平均帧率: 未知, 视频编解码器: 未知, 音频编解码器: 未知
分类: 🇨🇳江苏频道, 名称: 连云港新闻综合, 有效: 0, IPv4: 35, IPv6: 0, 最小延迟: 1196 ms, 最高速率: 0.24 M/s, 平均速率: 0.00 M/s, 最高分辨率: 854x480, 平均帧率: 25.00, 视频编解码器: h264, 音频编解码器: aac
分类: 🇨🇳内蒙古频道, 名称: 内蒙经济, 有效: 0, IPv4: 1, IPv6: 0, 最小延迟: -1 ms, 最高速率: 0.00 M/s, 平均速率: 0.00 M/s, 最高分辨率: None, 平均帧率: 未知, 视频编解码器: 未知, 音频编解码器: 未知
分类: 🇨🇳内蒙古频道, 名称: 内蒙文体, 有效: 0, IPv4: 1, IPv6: 0, 最小延迟: -1 ms, 最高速率: 0.00 M/s, 平均速率: 0.00 M/s, 最高分辨率: None, 平均帧率: 未知, 视频编解码器: 未知, 音频编解码器: 未知
分类: 🇨🇳内蒙古频道, 名称: 内蒙新闻, 有效: 0, IPv4: 1, IPv6: 0, 最小延迟: -1 ms, 最高速率: 0.00 M/s, 平均速率: 0.00 M/s, 最高分辨率: None, 平均帧率: 未知, 视频编解码器: 未知, 音频编解码器: 未知
分类: 🇨🇳内蒙古频道, 名称: 蒙语卫视, 有效: 0, IPv4: 1, IPv6: 0, 最小延迟: -1 ms, 最高速率: 0.00 M/s, 平均速率: 0.00 M/s, 最高分辨率: None, 平均帧率: 未知, 视频编解码器: 未知, 音频编解码器: 未知
分类: 🇨🇳内蒙古频道, 名称: 呼市新闻综合, 有效: 0, IPv4: 1, IPv6: 0, 最小延迟: -1 ms, 最高速率: 0.00 M/s, 平均速率: 0.00 M/s, 最高分辨率: None, 平均帧率: 未知, 视频编解码器: 未知, 音频编解码器: 未知
分类: 🇨🇳内蒙古频道, 名称: 包头新闻综合, 有效: 0, IPv4: 2, IPv6: 0, 最小延迟: -1 ms, 最高速率: 0.00 M/s, 平均速率: 0.00 M/s, 最高分辨率: None, 平均帧率: 未知, 视频编解码器: 未知, 音频编解码器: 未知
分类: 🇨🇳内蒙古频道, 名称: 内蒙农牧, 有效: 0, IPv4: 2, IPv6: 0, 最小延迟: -1 ms, 最高速率: 0.00 M/s, 平均速率: 0.00 M/s, 最高分辨率: None, 平均帧率: 未知, 视频编解码器: 未知, 音频编解码器: 未知
分类: 🇨🇳内蒙古频道, 名称: 蒙语文化, 有效: 0, IPv4: 2, IPv6: 0, 最小延迟: -1 ms, 最高速率: 0.00 M/s, 平均速率: 0.00 M/s, 最高分辨率: None, 平均帧率: 未知, 视频编解码器: 未知, 音频编解码器: 未知
分类: 🇨🇳内蒙古频道, 名称: 内蒙古经济生活, 有效: 0, IPv4: 1, IPv6: 0, 最小延迟: -1 ms, 最高速率: 0.00 M/s, 平均速率: 0.00 M/s, 最高分辨率: None, 平均帧率: 未知, 视频编解码器: 未知, 音频编解码器: 未知
分类: 🇨🇳江苏频道, 名称: 镇江新闻综合, 有效: 0, IPv4: 35, IPv6: 0, 最小延迟: 1069 ms, 最高速率: 0.16 M/s, 平均速率: 0.00 M/s, 最高分辨率: 1920x1080, 平均帧率: 25.00, 视频编解码器: h264, 音频编解码器: aac
分类: 🇨🇳内蒙古频道, 名称: 内蒙古文体娱乐, 有效: 0, IPv4: 1, IPv6: 0, 最小延迟: -1 ms, 最高速率: 0.00 M/s, 平均速率: 0.00 M/s, 最高分辨率: None, 平均帧率: 未知, 视频编解码器: 未知, 音频编解码器: 未知
分类: 🇨🇳内蒙古频道, 名称: 赤峰新闻综合, 有效: 0, IPv4: 2, IPv6: 0, 最小延迟: -1 ms, 最高速率: 0.00 M/s, 平均速率: 0.00 M/s, 最高分辨率: None, 平均帧率: 未知, 视频编解码器: 未知, 音频编解码器: 未知
分类: 🇨🇳重庆频道, 名称: 万源新闻综合, 有效: 0, IPv4: 1, IPv6: 0, 最小延迟: -1 ms, 最高速率: 0.00 M/s, 平均速率: 0.00 M/s, 最高分辨率: None, 平均帧率: 未知, 视频编解码器: 未知, 音频编解码器: 未知
分类: 🇨🇳重庆频道, 名称: 璧山综合, 有效: 0, IPv4: 1, IPv6: 0, 最小延迟: -1 ms, 最高速率: 0.00 M/s, 平均速率: 0.00 M/s, 最高分辨率: None, 平均帧率: 未知, 视频编解码器: 未知, 音频编解码器: 未知
分类: 🇨🇳内蒙古频道, 名称: 鄂尔多斯新闻, 有效: 1, IPv4: 2, IPv6: 0, 最小延迟: 1849 ms, 最高速率: 0.52 M/s, 平均速率: 0.52 M/s, 最高分辨率: 1920x1080, 平均帧率: 25.00, 视频编解码器: h264, 音频编解码器: aac
分类: 🇨🇳内蒙古频道, 名称: 巴彦淖尔新闻, 有效: 0, IPv4: 2, IPv6: 0, 最小延迟: 2308 ms, 最高速率: 0.47 M/s, 平均速率: 0.00 M/s, 最高分辨率: 1920x1080, 平均帧率: 25.00, 视频编解码器: h264, 音频编解码器: aac
分类: 🇨🇳江苏频道, 名称: 靖江新闻综合, 有效: 0, IPv4: 1, IPv6: 0, 最小延迟: 5383 ms, 最高速率: 0.05 M/s, 平均速率: 0.00 M/s, 最高分辨率: 1280x720, 平均帧率: 25.00, 视频编解码器: h264, 音频编解码器: aac
分类: 🇨🇳内蒙古频道, 名称: 乌兰察布新闻, 有效: 0, IPv4: 2, IPv6: 0, 最小延迟: 2274 ms, 最高速率: 0.48 M/s, 平均速率: 0.00 M/s, 最高分辨率: 1920x1080, 平均帧率: 25.00, 视频编解码器: h264, 音频编解码器: aac
分类: 🇨🇳重庆频道, 名称: 铜梁综合, 有效: 0, IPv4: 2, IPv6: 0, 最小延迟: 2746 ms, 最高速率: 0.13 M/s, 平均速率: 0.00 M/s, 最高分辨率: 720x576, 平均帧率: 25.00, 视频编解码器: h264, 音频编解码器: aac
分类: 🇨🇳重庆频道, 名称: 重庆新闻, 有效: 2, IPv4: 3, IPv6: 0, 最小延迟: 411 ms, 最高速率: 6.61 M/s, 平均速率: 6.51 M/s, 最高分辨率: 1920x1080, 平均帧率: 25.00, 视频编解码器: h264, 音频编解码器: aac
分类: 🇨🇳重庆频道, 名称: 万州综合, 有效: 0, IPv4: 2, IPv6: 0, 最小延迟: -1 ms, 最高速率: 0.00 M/s, 平均速率: 0.00 M/s, 最高分辨率: None, 平均帧率: 未知, 视频编解码器: 未知, 音频编解码器: 未知
分类: 🇨🇳重庆频道, 名称: 万州三峡移民, 有效: 0, IPv4: 1, IPv6: 0, 最小延迟: -1 ms, 最高速率: 0.00 M/s, 平均速率: 0.00 M/s, 最高分辨率: None, 平均帧率: 未知, 视频编解码器: 未知, 音频编解码器: 未知
分类: 🇨🇳重庆频道, 名称: 重庆时尚购物, 有效: 0, IPv4: 2, IPv6: 0, 最小延迟: -1 ms, 最高速率: 0.00 M/s, 平均速率: 0.00 M/s, 最高分辨率: None, 平均帧率: 未知, 视频编解码器: 未知, 音频编解码器: 未知
分类: 🇨🇳辽宁频道, 名称: 辽宁北方, 有效: 0, IPv4: 2, IPv6: 0, 最小延迟: 2110 ms, 最高速率: 0.20 M/s, 平均速率: 0.00 M/s, 最高分辨率: None, 平均帧率: 未知, 视频编解码器: 未知, 音频编解码器: 未知
分类: 🇨🇳重庆频道, 名称: 江津新闻综合, 有效: 0, IPv4: 1, IPv6: 0, 最小延迟: 10601 ms, 最高速率: 0.07 M/s, 平均速率: 0.00 M/s, 最高分辨率: 1920x1080, 平均帧率: 25.00, 视频编解码器: h264, 音频编解码器: aac
分类: 🇨🇳湖南频道, 名称: 湖南都市, 有效: 0, IPv4: 1, IPv6: 0, 最小延迟: -1 ms, 最高速率: 0.00 M/s, 平均速率: 0.00 M/s, 最高分辨率: None, 平均帧率: 未知, 视频编解码器: 未知, 音频编解码器: 未知
分类: 🇨🇳湖南频道, 名称: 湖南视剧, 有效: 0, IPv4: 1, IPv6: 0, 最小延迟: -1 ms, 最高速率: 0.00 M/s, 平均速率: 0.00 M/s, 最高分辨率: None, 平均帧率: 未知, 视频编解码器: 未知, 音频编解码器: 未知
分类: 🇨🇳湖南频道, 名称: 湖南经视, 有效: 0, IPv4: 1, IPv6: 0, 最小延迟: -1 ms, 最高速率: 0.00 M/s, 平均速率: 0.00 M/s, 最高分辨率: None, 平均帧率: 未知, 视频编解码器: 未知, 音频编解码器: 未知
分类: 🇨🇳湖南频道, 名称: 湖南电影, 有效: 0, IPv4: 1, IPv6: 0, 最小延迟: -1 ms, 最高速率: 0.00 M/s, 平均速率: 0.00 M/s, 最高分辨率: None, 平均帧率: 未知, 视频编解码器: 未知, 音频编解码器: 未知
分类: 🇨🇳重庆频道, 名称: 重庆汽摩, 有效: 0, IPv4: 11, IPv6: 0, 最小延迟: 1867 ms, 最高速率: 0.18 M/s, 平均速率: 0.00 M/s, 最高分辨率: 1920x1080, 平均帧率: 25.00, 视频编解码器: h264, 音频编解码器: aac
分类: 🇨🇳湖南频道, 名称: 湖南爱晚, 有效: 0, IPv4: 2, IPv6: 0, 最小延迟: -1 ms, 最高速率: 0.00 M/s, 平均速率: 0.00 M/s, 最高分辨率: None, 平均帧率: 未知, 视频编解码器: 未知, 音频编解码器: 未知
分类: 🇨🇳湖南频道, 名称: 湖南娱乐, 有效: 0, IPv4: 1, IPv6: 0, 最小延迟: -1 ms, 最高速率: 0.00 M/s, 平均速率: 0.00 M/s, 最高分辨率: None, 平均帧率: 未知, 视频编解码器: 未知, 音频编解码器: 未知
分类: 🇨🇳湖南频道, 名称: 湖南国际, 有效: 0, IPv4: 1, IPv6: 0, 最小延迟: -1 ms, 最高速率: 0.00 M/s, 平均速率: 0.00 M/s, 最高分辨率: None, 平均帧率: 未知, 视频编解码器: 未知, 音频编解码器: 未知
分类: 🇨🇳湖南频道, 名称: 长沙新闻, 有效: 0, IPv4: 1, IPv6: 0, 最小延迟: -1 ms, 最高速率: 0.00 M/s, 平均速率: 0.00 M/s, 最高分辨率: None, 平均帧率: 未知, 视频编解码器: 未知, 音频编解码器: 未知
分类: 🇨🇳湖南频道, 名称: 长沙政法, 有效: 0, IPv4: 1, IPv6: 0, 最小延迟: -1 ms, 最高速率: 0.00 M/s, 平均速率: 0.00 M/s, 最高分辨率: None, 平均帧率: 未知, 视频编解码器: 未知, 音频编解码器: 未知
分类: 🇨🇳湖南频道, 名称: 湖南教育, 有效: 0, IPv4: 1, IPv6: 0, 最小延迟: -1 ms, 最高速率: 0.00 M/s, 平均速率: 0.00 M/s, 最高分辨率: None, 平均帧率: 未知, 视频编解码器: 未知, 音频编解码器: 未知
分类: 🇨🇳湖北频道, 名称: 湖北综合, 有效: 0, IPv4: 1, IPv6: 0, 最小延迟: -1 ms, 最高速率: 0.00 M/s, 平均速率: 0.00 M/s, 最高分辨率: None, 平均帧率: 未知, 视频编解码器: 未知, 音频编解码器: 未知
分类: 🇨🇳湖南频道, 名称: 娄底综合, 有效: 0, IPv4: 2, IPv6: 0, 最小延迟: -1 ms, 最高速率: 0.00 M/s, 平均速率: 0.00 M/s, 最高分辨率: None, 平均帧率: 未知, 视频编解码器: 未知, 音频编解码器: 未知
分类: 🇨🇳辽宁频道, 名称: 朝阳新闻综合, 有效: 0, IPv4: 1, IPv6: 0, 最小延迟: 10196 ms, 最高速率: 0.00 M/s, 平均速率: 0.00 M/s, 最高分辨率: None, 平均帧率: 未知, 视频编解码器: 未知, 音频编解码器: 未知
分类: 🇨🇳湖北频道, 名称: 湖北生活, 有效: 0, IPv4: 1, IPv6: 0, 最小延迟: -1 ms, 最高速率: 0.00 M/s, 平均速率: 0.00 M/s, 最高分辨率: None, 平均帧率: 未知, 视频编解码器: 未知, 音频编解码器: 未知
分类: 🇨🇳辽宁频道, 名称: 辽宁影视剧, 有效: 0, IPv4: 2, IPv6: 0, 最小延迟: 1940 ms, 最高速率: 0.15 M/s, 平均速率: 0.00 M/s, 最高分辨率: None, 平均帧率: 未知, 视频编解码器: 未知, 音频编解码器: 未知
分类: 🇨🇳辽宁频道, 名称: 辽宁生活, 有效: 0, IPv4: 2, IPv6: 0, 最小延迟: 9292 ms, 最高速率: 0.09 M/s, 平均速率: 0.00 M/s, 最高分辨率: None, 平均帧率: 未知, 视频编解码器: 未知, 音频编解码器: 未知
分类: 🇨🇳辽宁频道, 名称: 辽宁教育青少, 有效: 0, IPv4: 1, IPv6: 0, 最小延迟: 10024 ms, 最高速率: 0.00 M/s, 平均速率: 0.00 M/s, 最高分辨率: None, 平均帧率: 未知, 视频编解码器: 未知, 音频编解码器: 未知
分类: 🇨🇳湖北频道, 名称: 湖北教育, 有效: 0, IPv4: 1, IPv6: 0, 最小延迟: 98 ms, 最高速率: 0.00 M/s, 平均速率: 0.00 M/s, 最高分辨率: None, 平均帧率: 未知, 视频编解码器: 未知, 音频编解码器: 未知
分类: 🇨🇳湖北频道, 名称: 湖北经视, 有效: 1, IPv4: 6, IPv6: 0, 最小延迟: 317 ms, 最高速率: 2.35 M/s, 平均速率: 2.35 M/s, 最高分辨率: 1280x720, 平均帧率: 30.00, 视频编解码器: h264, 音频编解码器: aac
分类: 🇨🇳湖北频道, 名称: 武汉经济, 有效: 0, IPv4: 1, IPv6: 0, 最小延迟: -1 ms, 最高速率: 0.00 M/s, 平均速率: 0.00 M/s, 最高分辨率: None, 平均帧率: 未知, 视频编解码器: 未知, 音频编解码器: 未知
分类: 🇨🇳湖北频道, 名称: 湖北影视, 有效: 0, IPv4: 3, IPv6: 0, 最小延迟: -1 ms, 最高速率: 0.00 M/s, 平均速率: 0.00 M/s, 最高分辨率: None, 平均帧率: 未知, 视频编解码器: 未知, 音频编解码器: 未知
分类: 🇨🇳湖北频道, 名称: 武汉一台新闻综合, 有效: 0, IPv4: 1, IPv6: 0, 最小延迟: -1 ms, 最高速率: 0.00 M/s, 平均速率: 0.00 M/s, 最高分辨率: None, 平均帧率: 未知, 视频编解码器: 未知, 音频编解码器: 未知
分类: 🇨🇳湖北频道, 名称: 湖北公共新闻, 有效: 0, IPv4: 1, IPv6: 0, 最小延迟: -1 ms, 最高速率: 0.00 M/s, 平均速率: 0.00 M/s, 最高分辨率: None, 平均帧率: 未知, 视频编解码器: 未知, 音频编解码器: 未知
分类: 🇨🇳湖北频道, 名称: 云梦综合, 有效: 0, IPv4: 1, IPv6: 0, 最小延迟: -1 ms, 最高速率: 0.00 M/s, 平均速率: 0.00 M/s, 最高分辨率: None, 平均帧率: 未知, 视频编解码器: 未知, 音频编解码器: 未知
分类: 🇨🇳湖北频道, 名称: 武汉文体, 有效: 0, IPv4: 3, IPv6: 0, 最小延迟: -1 ms, 最高速率: 0.00 M/s, 平均速率: 0.00 M/s, 最高分辨率: None, 平均帧率: 未知, 视频编解码器: 未知, 音频编解码器: 未知
分类: 🇨🇳湖北频道, 名称: 湖北垄上, 有效: 0, IPv4: 2, IPv6: 0, 最小延迟: -1 ms, 最高速率: 0.00 M/s, 平均速率: 0.00 M/s, 最高分辨率: None, 平均帧率: 未知, 视频编解码器: 未知, 音频编解码器: 未知
分类: 🇨🇳湖北频道, 名称: 十堰新闻, 有效: 0, IPv4: 1, IPv6: 0, 最小延迟: -1 ms, 最高速率: 0.00 M/s, 平均速率: 0.00 M/s, 最高分辨率: None, 平均帧率: 未知, 视频编解码器: 未知, 音频编解码器: 未知
分类: 🇨🇳湖北频道, 名称: 武汉外语, 有效: 0, IPv4: 1, IPv6: 0, 最小延迟: -1 ms, 最高速率: 0.00 M/s, 平均速率: 0.00 M/s, 最高分辨率: None, 平均帧率: 未知, 视频编解码器: 未知, 音频编解码器: 未知
分类: 🇨🇳湖北频道, 名称: 江夏新闻综合, 有效: 0, IPv4: 2, IPv6: 0, 最小延迟: 1336 ms, 最高速率: 0.11 M/s, 平均速率: 0.00 M/s, 最高分辨率: 720x576, 平均帧率: 25.00, 视频编解码器: h264, 音频编解码器: aac
分类: 🇨🇳湖南频道, 名称: 衡阳新闻综合, 有效: 0, IPv4: 1, IPv6: 0, 最小延迟: 7063 ms, 最高速率: 0.01 M/s, 平均速率: 0.00 M/s, 最高分辨率: None, 平均帧率: 未知, 视频编解码器: 未知, 音频编解码器: 未知
分类: 🇨🇳辽宁频道, 名称: 辽宁经济, 有效: 0, IPv4: 3, IPv6: 0, 最小延迟: 10676 ms, 最高速率: 0.07 M/s, 平均速率: 0.00 M/s, 最高分辨率: 1920x1080, 平均帧率: 25.00, 视频编解码器: h264, 音频编解码器: mp2
分类: 🇨🇳辽宁频道, 名称: 辽宁都市, 有效: 0, IPv4: 3, IPv6: 0, 最小延迟: 10609 ms, 最高速率: 0.10 M/s, 平均速率: 0.00 M/s, 最高分辨率: 1920x1080, 平均帧率: 25.00, 视频编解码器: h264, 音频编解码器: aac
分类: 🇨🇳广西频道, 名称: 南宁影娱乐, 有效: 0, IPv4: 1, IPv6: 0, 最小延迟: -1 ms, 最高速率: 0.00 M/s, 平均速率: 0.00 M/s, 最高分辨率: None, 平均帧率: 未知, 视频编解码器: 未知, 音频编解码器: 未知
分类: 🇨🇳广西频道, 名称: 南宁公共, 有效: 0, IPv4: 5, IPv6: 0, 最小延迟: -1 ms, 最高速率: 0.00 M/s, 平均速率: 0.00 M/s, 最高分辨率: None, 平均帧率: 未知, 视频编解码器: 未知, 音频编解码器: 未知
分类: 🇨🇳广西频道, 名称: 南宁新闻综合, 有效: 0, IPv4: 4, IPv6: 0, 最小延迟: -1 ms, 最高速率: 0.00 M/s, 平均速率: 0.00 M/s, 最高分辨率: None, 平均帧率: 未知, 视频编解码器: 未知, 音频编解码器: 未知
分类: 🇨🇳天津频道, 名称: 天津影视, 有效: 1, IPv4: 1, IPv6: 0, 最小延迟: 315 ms, 最高速率: 3.39 M/s, 平均速率: 3.39 M/s, 最高分辨率: 1280x720, 平均帧率: 25.00, 视频编解码器: h264, 音频编解码器: aac
分类: 🇨🇳广西频道, 名称: 广西国际, 有效: 5, IPv4: 5, IPv6: 0, 最小延迟: 481 ms, 最高速率: 10.90 M/s, 平均速率: 6.86 M/s, 最高分辨率: 1920x1080, 平均帧率: 25.00, 视频编解码器: h264, 音频编解码器: aac
分类: 🇨🇳广西频道, 名称: 南宁都市生活, 有效: 1, IPv4: 3, IPv6: 0, 最小延迟: 1669 ms, 最高速率: 0.41 M/s, 平均速率: 0.41 M/s, 最高分辨率: 1280x720, 平均帧率: 25.00, 视频编解码器: h264, 音频编解码器: aac
分类: 🇨🇳天津频道, 名称: 天津都市, 有效: 1, IPv4: 1, IPv6: 0, 最小延迟: 353 ms, 最高速率: 3.61 M/s, 平均速率: 3.61 M/s, 最高分辨率: 1280x720, 平均帧率: 25.00, 视频编解码器: h264, 音频编解码器: aac
分类: 🇨🇳四川频道, 名称: 四川影视文艺, 有效: 0, IPv4: 1, IPv6: 0, 最小延迟: -1 ms, 最高速率: 0.00 M/s, 平均速率: 0.00 M/s, 最高分辨率: None, 平均帧率: 未知, 视频编解码器: 未知, 音频编解码器: 未知
分类: 🇨🇳天津频道, 名称: 天津新闻, 有效: 1, IPv4: 1, IPv6: 0, 最小延迟: 515 ms, 最高速率: 7.45 M/s, 平均速率: 7.45 M/s, 最高分辨率: 1280x720, 平均帧率: 25.00, 视频编解码器: h264, 音频编解码器: aac
分类: 🇨🇳天津频道, 名称: 天津文艺, 有效: 1, IPv4: 1, IPv6: 0, 最小延迟: 388 ms, 最高速率: 3.98 M/s, 平均速率: 3.98 M/s, 最高分辨率: 1280x720, 平均帧率: 25.00, 视频编解码器: h264, 音频编解码器: aac
分类: 🇨🇳广西频道, 名称: 广西新闻, 有效: 5, IPv4: 16, IPv6: 0, 最小延迟: 462 ms, 最高速率: 9.15 M/s, 平均速率: 8.92 M/s, 最高分辨率: 1920x1080, 平均帧率: 25.00, 视频编解码器: h264, 音频编解码器: aac
分类: 🇨🇳四川频道, 名称: 四川公共乡村, 有效: 0, IPv4: 1, IPv6: 0, 最小延迟: -1 ms, 最高速率: 0.00 M/s, 平均速率: 0.00 M/s, 最高分辨率: None, 平均帧率: 未知, 视频编解码器: 未知, 音频编解码器: 未知
分类: 🇨🇳四川频道, 名称: 四川经济, 有效: 0, IPv4: 2, IPv6: 0, 最小延迟: -1 ms, 最高速率: 0.00 M/s, 平均速率: 0.00 M/s, 最高分辨率: None, 平均帧率: 未知, 视频编解码器: 未知, 音频编解码器: 未知
分类: 🇨🇳四川频道, 名称: 四川文化旅游, 有效: 0, IPv4: 2, IPv6: 0, 最小延迟: -1 ms, 最高速率: 0.00 M/s, 平均速率: 0.00 M/s, 最高分辨率: None, 平均帧率: 未知, 视频编解码器: 未知, 音频编解码器: 未知
分类: 🇨🇳四川频道, 名称: 四川科教, 有效: 0, IPv4: 1, IPv6: 0, 最小延迟: -1 ms, 最高速率: 0.00 M/s, 平均速率: 0.00 M/s, 最高分辨率: None, 平均帧率: 未知, 视频编解码器: 未知, 音频编解码器: 未知
分类: 🇨🇳天津频道, 名称: 武清综合, 有效: 0, IPv4: 1, IPv6: 0, 最小延迟: -1 ms, 最高速率: 0.00 M/s, 平均速率: 0.00 M/s, 最高分辨率: None, 平均帧率: 未知, 视频编解码器: 未知, 音频编解码器: 未知
分类: 🇨🇳四川频道, 名称: 利州综合, 有效: 0, IPv4: 1, IPv6: 0, 最小延迟: -1 ms, 最高速率: 0.00 M/s, 平均速率: 0.00 M/s, 最高分辨率: None, 平均帧率: 未知, 视频编解码器: 未知, 音频编解码器: 未知
分类: 🇨🇳四川频道, 名称: 叙州新闻综合, 有效: 0, IPv4: 1, IPv6: 0, 最小延迟: -1 ms, 最高速率: 0.00 M/s, 平均速率: 0.00 M/s, 最高分辨率: None, 平均帧率: 未知, 视频编解码器: 未知, 音频编解码器: 未知
分类: 🇨🇳四川频道, 名称: 叙永综合, 有效: 0, IPv4: 1, IPv6: 0, 最小延迟: -1 ms, 最高速率: 0.00 M/s, 平均速率: 0.00 M/s, 最高分辨率: None, 平均帧率: 未知, 视频编解码器: 未知, 音频编解码器: 未知
分类: 🇨🇳四川频道, 名称: 乐山新闻综合, 有效: 0, IPv4: 1, IPv6: 0, 最小延迟: -1 ms, 最高速率: 0.00 M/s, 平均速率: 0.00 M/s, 最高分辨率: None, 平均帧率: 未知, 视频编解码器: 未知, 音频编解码器: 未知
分类: 🇨🇳四川频道, 名称: 双流综合, 有效: 0, IPv4: 1, IPv6: 0, 最小延迟: -1 ms, 最高速率: 0.00 M/s, 平均速率: 0.00 M/s, 最高分辨率: None, 平均帧率: 未知, 视频编解码器: 未知, 音频编解码器: 未知
分类: 🇨🇳四川频道, 名称: 夹江新闻综合, 有效: 0, IPv4: 1, IPv6: 0, 最小延迟: -1 ms, 最高速率: 0.00 M/s, 平均速率: 0.00 M/s, 最高分辨率: None, 平均帧率: 未知, 视频编解码器: 未知, 音频编解码器: 未知
分类: 🇨🇳四川频道, 名称: 仁寿综合, 有效: 0, IPv4: 1, IPv6: 0, 最小延迟: 1118 ms, 最高速率: 0.05 M/s, 平均速率: 0.00 M/s, 最高分辨率: None, 平均帧率: 未知, 视频编解码器: 未知, 音频编解码器: aac
分类: 🇨🇳四川频道, 名称: 乐至综合, 有效: 3, IPv4: 3, IPv6: 0, 最小延迟: 3171 ms, 最高速率: 0.71 M/s, 平均速率: 0.69 M/s, 最高分辨率: 1920x1080, 平均帧率: 25.00, 视频编解码器: h264, 音频编解码器: aac
分类: 🇨🇳四川频道, 名称: 攀枝花新闻综合, 有效: 0, IPv4: 1, IPv6: 0, 最小延迟: -1 ms, 最高速率: 0.00 M/s, 平均速率: 0.00 M/s, 最高分辨率: None, 平均帧率: 未知, 视频编解码器: 未知, 音频编解码器: 未知
分类: 🇨🇳四川频道, 名称: 凉山新闻综合, 有效: 0, IPv4: 1, IPv6: 0, 最小延迟: 3063 ms, 最高速率: 0.47 M/s, 平均速率: 0.00 M/s, 最高分辨率: 720x404, 平均帧率: 25.00, 视频编解码器: h264, 音频编解码器: aac
分类: 🇨🇳四川频道, 名称: 沐川综合, 有效: 0, IPv4: 1, IPv6: 0, 最小延迟: -1 ms, 最高速率: 0.00 M/s, 平均速率: 0.00 M/s, 最高分辨率: None, 平均帧率: 未知, 视频编解码器: 未知, 音频编解码器: 未知
分类: 🇨🇳广西频道, 名称: 来宾综合, 有效: 0, IPv4: 1, IPv6: 0, 最小延迟: 10743 ms, 最高速率: 0.29 M/s, 平均速率: 0.00 M/s, 最高分辨率: 1920x1080, 平均帧率: 25.00, 视频编解码器: h264, 音频编解码器: aac
分类: 🇨🇳四川频道, 名称: 沙湾综合, 有效: 0, IPv4: 1, IPv6: 0, 最小延迟: -1 ms, 最高速率: 0.00 M/s, 平均速率: 0.00 M/s, 最高分辨率: None, 平均帧率: 未知, 视频编解码器: 未知, 音频编解码器: 未知
分类: 🇨🇳四川频道, 名称: 石棉综合, 有效: 0, IPv4: 1, IPv6: 0, 最小延迟: -1 ms, 最高速率: 0.00 M/s, 平均速率: 0.00 M/s, 最高分辨率: None, 平均帧率: 未知, 视频编解码器: 未知, 音频编解码器: 未知
分类: 🇨🇳四川频道, 名称: 德阳公共, 有效: 0, IPv4: 1, IPv6: 0, 最小延迟: -1 ms, 最高速率: 0.00 M/s, 平均速率: 0.00 M/s, 最高分辨率: None, 平均帧率: 未知, 视频编解码器: 未知, 音频编解码器: 未知
分类: 🇨🇳四川频道, 名称: 德阳新闻综合, 有效: 0, IPv4: 1, IPv6: 0, 最小延迟: -1 ms, 最高速率: 0.00 M/s, 平均速率: 0.00 M/s, 最高分辨率: None, 平均帧率: 未知, 视频编解码器: 未知, 音频编解码器: 未知
分类: 🇨🇳四川频道, 名称: 筠连综合, 有效: 0, IPv4: 1, IPv6: 0, 最小延迟: -1 ms, 最高速率: 0.00 M/s, 平均速率: 0.00 M/s, 最高分辨率: None, 平均帧率: 未知, 视频编解码器: 未知, 音频编解码器: 未知
分类: 🇨🇳四川频道, 名称: 绵阳综合, 有效: 0, IPv4: 1, IPv6: 0, 最小延迟: -1 ms, 最高速率: 0.00 M/s, 平均速率: 0.00 M/s, 最高分辨率: None, 平均帧率: 未知, 视频编解码器: 未知, 音频编解码器: 未知
分类: 🇨🇳四川频道, 名称: 井研综合, 有效: 0, IPv4: 1, IPv6: 0, 最小延迟: 2164 ms, 最高速率: 0.12 M/s, 平均速率: 0.00 M/s, 最高分辨率: 1920x1080, 平均帧率: 25.00, 视频编解码器: h264, 音频编解码器: aac
分类: 🇨🇳四川频道, 名称: 绵阳科技, 有效: 0, IPv4: 1, IPv6: 0, 最小延迟: -1 ms, 最高速率: 0.00 M/s, 平均速率: 0.00 M/s, 最高分辨率: None, 平均帧率: 未知, 视频编解码器: 未知, 音频编解码器: 未知
分类: 🇨🇳四川频道, 名称: 名山综合, 有效: 0, IPv4: 1, IPv6: 0, 最小延迟: 2220 ms, 最高速率: 0.45 M/s, 平均速率: 0.00 M/s, 最高分辨率: 1920x1080, 平均帧率: 未知, 视频编解码器: h264, 音频编解码器: aac
分类: 🇨🇳四川频道, 名称: 甘孜综合, 有效: 0, IPv4: 1, IPv6: 0, 最小延迟: -1 ms, 最高速率: 0.00 M/s, 平均速率: 0.00 M/s, 最高分辨率: None, 平均帧率: 未知, 视频编解码器: 未知, 音频编解码器: 未知
分类: 🇨🇳四川频道, 名称: 剑阁综合, 有效: 0, IPv4: 1, IPv6: 0, 最小延迟: 3574 ms, 最高速率: 0.42 M/s, 平均速率: 0.00 M/s, 最高分辨率: 960x528, 平均帧率: 25.00, 视频编解码器: h264, 音频编解码器: aac
分类: 🇨🇳四川频道, 名称: 长宁综合, 有效: 0, IPv4: 3, IPv6: 0, 最小延迟: -1 ms, 最高速率: 0.00 M/s, 平均速率: 0.00 M/s, 最高分辨率: None, 平均帧率: 未知, 视频编解码器: 未知, 音频编解码器: 未知
分类: 🇨🇳四川频道, 名称: 金川新闻综合, 有效: 0, IPv4: 4, IPv6: 0, 最小延迟: -1 ms, 最高速率: 0.00 M/s, 平均速率: 0.00 M/s, 最高分辨率: None, 平均帧率: 未知, 视频编解码器: 未知, 音频编解码器: 未知
分类: 🇨🇳四川频道, 名称: 青神综合, 有效: 0, IPv4: 2, IPv6: 0, 最小延迟: -1 ms, 最高速率: 0.00 M/s, 平均速率: 0.00 M/s, 最高分辨率: None, 平均帧率: 未知, 视频编解码器: 未知, 音频编解码器: 未知
分类: 🇨🇳天津频道, 名称: 津南一套, 有效: 0, IPv4: 1, IPv6: 0, 最小延迟: 9 ms, 最高速率: 26.65 M/s, 平均速率: 0.00 M/s, 最高分辨率: 720x576, 平均帧率: 25.00, 视频编解码器: h264, 音频编解码器: aac
分类: 🇨🇳四川频道, 名称: 金川乡村, 有效: 0, IPv4: 2, IPv6: 0, 最小延迟: 1768 ms, 最高速率: 0.25 M/s, 平均速率: 0.00 M/s, 最高分辨率: 720x576, 平均帧率: 25.00, 视频编解码器: h264, 音频编解码器: aac
分类: 🇨🇳四川频道, 名称: 荥经综合, 有效: 0, IPv4: 1, IPv6: 0, 最小延迟: 1634 ms, 最高速率: 0.20 M/s, 平均速率: 0.00 M/s, 最高分辨率: 1920x1080, 平均帧率: 未知, 视频编解码器: h264, 音频编解码器: aac
分类: 🇨🇳陕西频道, 名称: 陕西新闻资讯, 有效: 0, IPv4: 2, IPv6: 0, 最小延迟: -1 ms, 最高速率: 0.00 M/s, 平均速率: 0.00 M/s, 最高分辨率: None, 平均帧率: 未知, 视频编解码器: 未知, 音频编解码器: 未知
分类: 🇨🇳四川频道, 名称: 青川综合, 有效: 1, IPv4: 1, IPv6: 0, 最小延迟: 2922 ms, 最高速率: 0.63 M/s, 平均速率: 0.63 M/s, 最高分辨率: 1920x1080, 平均帧率: 未知, 视频编解码器: h264, 音频编解码器: aac
分类: 🇨🇳四川频道, 名称: 广元综合, 有效: 1, IPv4: 1, IPv6: 0, 最小延迟: 5818 ms, 最高速率: 0.47 M/s, 平均速率: 0.47 M/s, 最高分辨率: 1280x720, 平均帧率: 25.00, 视频编解码器: h264, 音频编解码器: aac
分类: 🇨🇳福建频道, 名称: 福建综合, 有效: 0, IPv4: 2, IPv6: 0, 最小延迟: -1 ms, 最高速率: 0.00 M/s, 平均速率: 0.00 M/s, 最高分辨率: None, 平均帧率: 未知, 视频编解码器: 未知, 音频编解码器: 未知
分类: 🇨🇳四川频道, 名称: 广元公共, 有效: 1, IPv4: 1, IPv6: 0, 最小延迟: 8568 ms, 最高速率: 0.25 M/s, 平均速率: 0.25 M/s, 最高分辨率: 1280x720, 平均帧率: 25.00, 视频编解码器: h264, 音频编解码器: aac
分类: 🇨🇳福建频道, 名称: 漳浦综合, 有效: 0, IPv4: 2, IPv6: 0, 最小延迟: -1 ms, 最高速率: 0.00 M/s, 平均速率: 0.00 M/s, 最高分辨率: None, 平均帧率: 未知, 视频编解码器: 未知, 音频编解码器: 未知
分类: 🇨🇳福建频道, 名称: 福建公共, 有效: 1, IPv4: 3, IPv6: 0, 最小延迟: 87 ms, 最高速率: 65.05 M/s, 平均速率: 65.05 M/s, 最高分辨率: 1920x1080, 平均帧率: 30.00, 视频编解码器: h264, 音频编解码器: aac
分类: 🇨🇳福建频道, 名称: 福建经济, 有效: 0, IPv4: 2, IPv6: 0, 最小延迟: 7 ms, 最高速率: 12.64 M/s, 平均速率: 0.00 M/s, 最高分辨率: None, 平均帧率: 未知, 视频编解码器: 未知, 音频编解码器: aac
分类: 🇨🇳福建频道, 名称: 福建新闻, 有效: 0, IPv4: 2, IPv6: 0, 最小延迟: 9 ms, 最高速率: 11.34 M/s, 平均速率: 0.00 M/s, 最高分辨率: None, 平均帧率: 未知, 视频编解码器: 未知, 音频编解码器: aac
分类: 🇨🇳四川频道, 名称: 朝天综合, 有效: 0, IPv4: 1, IPv6: 0, 最小延迟: 9357 ms, 最高速率: 0.32 M/s, 平均速率: 0.00 M/s, 最高分辨率: 960x528, 平均帧率: 25.00, 视频编解码器: h264, 音频编解码器: aac
分类: 🇨🇳四川频道, 名称: 雅安新闻综合, 有效: 1, IPv4: 1, IPv6: 0, 最小延迟: 2499 ms, 最高速率: 0.65 M/s, 平均速率: 0.65 M/s, 最高分辨率: 1920x1080, 平均帧率: 25.00, 视频编解码器: h264, 音频编解码器: aac
分类: 🇨🇳福建频道, 名称: 福建旅游, 有效: 4, IPv4: 9, IPv6: 0, 最小延迟: 57 ms, 最高速率: 96.99 M/s, 平均速率: 59.03 M/s, 最高分辨率: 1920x1080, 平均帧率: 30.00, 视频编解码器: h264, 音频编解码器: aac
分类: 🇨🇳福建频道, 名称: 龙岩综合, 有效: 0, IPv4: 1, IPv6: 0, 最小延迟: -1 ms, 最高速率: 0.00 M/s, 平均速率: 0.00 M/s, 最高分辨率: None, 平均帧率: 未知, 视频编解码器: 未知, 音频编解码器: 未知
分类: 🇨🇳四川频道, 名称: 龙泉驿新闻综合, 有效: 0, IPv4: 1, IPv6: 0, 最小延迟: -1 ms, 最高速率: 0.00 M/s, 平均速率: 0.00 M/s, 最高分辨率: None, 平均帧率: 未知, 视频编解码器: 未知, 音频编解码器: 未知
分类: 🇨🇳四川频道, 名称: 昭化综合, 有效: 0, IPv4: 1, IPv6: 0, 最小延迟: -1 ms, 最高速率: 0.00 M/s, 平均速率: 0.00 M/s, 最高分辨率: None, 平均帧率: 未知, 视频编解码器: 未知, 音频编解码器: 未知
分类: 🇨🇳海南频道, 名称: 海南自贸, 有效: 0, IPv4: 10, IPv6: 0, 最小延迟: -1 ms, 最高速率: 0.00 M/s, 平均速率: 0.00 M/s, 最高分辨率: None, 平均帧率: 未知, 视频编解码器: 未知, 音频编解码器: 未知
分类: 🇨🇳陕西频道, 名称: 陕西都市青春, 有效: 0, IPv4: 3, IPv6: 0, 最小延迟: 10847 ms, 最高速率: 0.06 M/s, 平均速率: 0.00 M/s, 最高分辨率: 720x576, 平均帧率: 50.00, 视频编解码器: h264, 音频编解码器: mp2
分类: 🇨🇳海南频道, 名称: 海南新闻, 有效: 1, IPv4: 9, IPv6: 0, 最小延迟: 2566 ms, 最高速率: 0.52 M/s, 平均速率: 0.52 M/s, 最高分辨率: 1920x1080, 平均帧率: 25.00, 视频编解码器: h264, 音频编解码器: aac
分类: 🇨🇳海南频道, 名称: 海南文旅, 有效: 0, IPv4: 10, IPv6: 0, 最小延迟: -1 ms, 最高速率: 0.00 M/s, 平均速率: 0.00 M/s, 最高分辨率: None, 平均帧率: 未知, 视频编解码器: 未知, 音频编解码器: 未知
分类: 🇨🇳海南频道, 名称: 海南少儿, 有效: 0, IPv4: 10, IPv6: 0, 最小延迟: -1 ms, 最高速率: 0.00 M/s, 平均速率: 0.00 M/s, 最高分辨率: None, 平均帧率: 未知, 视频编解码器: 未知, 音频编解码器: 未知
分类: 🇨🇳海南频道, 名称: 海南公共, 有效: 0, IPv4: 9, IPv6: 0, 最小延迟: -1 ms, 最高速率: 0.00 M/s, 平均速率: 0.00 M/s, 最高分辨率: None, 平均帧率: 未知, 视频编解码器: 未知, 音频编解码器: 未知
分类: 🇨🇳河南频道, 名称: 河南公共, 有效: 0, IPv4: 10, IPv6: 0, 最小延迟: -1 ms, 最高速率: 0.00 M/s, 平均速率: 0.00 M/s, 最高分辨率: None, 平均帧率: 未知, 视频编解码器: 未知, 音频编解码器: 未知
分类: 🇨🇳河南频道, 名称: 河南新闻, 有效: 0, IPv4: 12, IPv6: 0, 最小延迟: -1 ms, 最高速率: 0.00 M/s, 平均速率: 0.00 M/s, 最高分辨率: None, 平均帧率: 未知, 视频编解码器: 未知, 音频编解码器: 未知
分类: 🇨🇳河南频道, 名称: 河南法制, 有效: 0, IPv4: 8, IPv6: 0, 最小延迟: -1 ms, 最高速率: 0.00 M/s, 平均速率: 0.00 M/s, 最高分辨率: None, 平均帧率: 未知, 视频编解码器: 未知, 音频编解码器: 未知
分类: 🇨🇳河南频道, 名称: 河南都市, 有效: 0, IPv4: 10, IPv6: 0, 最小延迟: -1 ms, 最高速率: 0.00 M/s, 平均速率: 0.00 M/s, 最高分辨率: None, 平均帧率: 未知, 视频编解码器: 未知, 音频编解码器: 未知
分类: 🇨🇳河南频道, 名称: 河南民生, 有效: 0, IPv4: 10, IPv6: 0, 最小延迟: -1 ms, 最高速率: 0.00 M/s, 平均速率: 0.00 M/s, 最高分辨率: None, 平均帧率: 未知, 视频编解码器: 未知, 音频编解码器: 未知
分类: 🇨🇳河南频道, 名称: 临颍综合, 有效: 0, IPv4: 2, IPv6: 0, 最小延迟: -1 ms, 最高速率: 0.00 M/s, 平均速率: 0.00 M/s, 最高分辨率: None, 平均帧率: 未知, 视频编解码器: 未知, 音频编解码器: 未知
分类: 🇨🇳河南频道, 名称: 义马新闻综合, 有效: 0, IPv4: 2, IPv6: 0, 最小延迟: -1 ms, 最高速率: 0.00 M/s, 平均速率: 0.00 M/s, 最高分辨率: None, 平均帧率: 未知, 视频编解码器: 未知, 音频编解码器: 未知
分类: 🇨🇳河南频道, 名称: 光山综合, 有效: 0, IPv4: 3, IPv6: 0, 最小延迟: -1 ms, 最高速率: 0.00 M/s, 平均速率: 0.00 M/s, 最高分辨率: None, 平均帧率: 未知, 视频编解码器: 未知, 音频编解码器: 未知
分类: 🇨🇳河南频道, 名称: 叶县, 有效: 0, IPv4: 1, IPv6: 0, 最小延迟: -1 ms, 最高速率: 0.00 M/s, 平均速率: 0.00 M/s, 最高分辨率: None, 平均帧率: 未知, 视频编解码器: 未知, 音频编解码器: 未知
分类: 🇨🇳河南频道, 名称: 唐河一套, 有效: 0, IPv4: 2, IPv6: 0, 最小延迟: -1 ms, 最高速率: 0.00 M/s, 平均速率: 0.00 M/s, 最高分辨率: None, 平均帧率: 未知, 视频编解码器: 未知, 音频编解码器: 未知
分类: 🇨🇳河南频道, 名称: 巩义新闻综合, 有效: 0, IPv4: 3, IPv6: 0, 最小延迟: -1 ms, 最高速率: 0.00 M/s, 平均速率: 0.00 M/s, 最高分辨率: None, 平均帧率: 未知, 视频编解码器: 未知, 音频编解码器: 未知
分类: 🇨🇳河南频道, 名称: 扶沟综合, 有效: 0, IPv4: 3, IPv6: 0, 最小延迟: -1 ms, 最高速率: 0.00 M/s, 平均速率: 0.00 M/s, 最高分辨率: None, 平均帧率: 未知, 视频编解码器: 未知, 音频编解码器: 未知
分类: 🇨🇳河南频道, 名称: 兰考新闻, 有效: 0, IPv4: 4, IPv6: 0, 最小延迟: -1 ms, 最高速率: 0.00 M/s, 平均速率: 0.00 M/s, 最高分辨率: None, 平均帧率: 未知, 视频编解码器: 未知, 音频编解码器: 未知
分类: 🇨🇳河南频道, 名称: 卫辉综合, 有效: 0, IPv4: 4, IPv6: 0, 最小延迟: -1 ms, 最高速率: 0.00 M/s, 平均速率: 0.00 M/s, 最高分辨率: None, 平均帧率: 未知, 视频编解码器: 未知, 音频编解码器: 未知
分类: 🇨🇳河南频道, 名称: 周口扶沟, 有效: 0, IPv4: 1, IPv6: 0, 最小延迟: -1 ms, 最高速率: 0.00 M/s, 平均速率: 0.00 M/s, 最高分辨率: None, 平均帧率: 未知, 视频编解码器: 未知, 音频编解码器: 未知
分类: 🇨🇳河南频道, 名称: 固始综合, 有效: 0, IPv4: 3, IPv6: 0, 最小延迟: -1 ms, 最高速率: 0.00 M/s, 平均速率: 0.00 M/s, 最高分辨率: None, 平均帧率: 未知, 视频编解码器: 未知, 音频编解码器: 未知
分类: 🇨🇳河南频道, 名称: 宝丰综合, 有效: 0, IPv4: 4, IPv6: 0, 最小延迟: -1 ms, 最高速率: 0.00 M/s, 平均速率: 0.00 M/s, 最高分辨率: None, 平均帧率: 未知, 视频编解码器: 未知, 音频编解码器: 未知
分类: 🇨🇳河南频道, 名称: 郸城新闻综合, 有效: 0, IPv4: 2, IPv6: 0, 最小延迟: -1 ms, 最高速率: 0.00 M/s, 平均速率: 0.00 M/s, 最高分辨率: None, 平均帧率: 未知, 视频编解码器: 未知, 音频编解码器: 未知
分类: 🇨🇳河南频道, 名称: 新县综合, 有效: 0, IPv4: 3, IPv6: 0, 最小延迟: -1 ms, 最高速率: 0.00 M/s, 平均速率: 0.00 M/s, 最高分辨率: None, 平均帧率: 未知, 视频编解码器: 未知, 音频编解码器: 未知
分类: 🇨🇳河南频道, 名称: 新蔡综合, 有效: 0, IPv4: 4, IPv6: 0, 最小延迟: -1 ms, 最高速率: 0.00 M/s, 平均速率: 0.00 M/s, 最高分辨率: None, 平均帧率: 未知, 视频编解码器: 未知, 音频编解码器: 未知
分类: 🇨🇳河南频道, 名称: 泌阳新闻综合, 有效: 0, IPv4: 3, IPv6: 0, 最小延迟: -1 ms, 最高速率: 0.00 M/s, 平均速率: 0.00 M/s, 最高分辨率: None, 平均帧率: 未知, 视频编解码器: 未知, 音频编解码器: 未知
分类: 🇨🇳河南频道, 名称: 荥阳综合, 有效: 0, IPv4: 3, IPv6: 0, 最小延迟: -1 ms, 最高速率: 0.00 M/s, 平均速率: 0.00 M/s, 最高分辨率: None, 平均帧率: 未知, 视频编解码器: 未知, 音频编解码器: 未知
分类: 🇨🇳河南频道, 名称: 渑池新闻综合, 有效: 0, IPv4: 3, IPv6: 0, 最小延迟: -1 ms, 最高速率: 0.00 M/s, 平均速率: 0.00 M/s, 最高分辨率: None, 平均帧率: 未知, 视频编解码器: 未知, 音频编解码器: 未知
分类: 🇨🇳河南频道, 名称: 温县综合, 有效: 0, IPv4: 4, IPv6: 0, 最小延迟: -1 ms, 最高速率: 0.00 M/s, 平均速率: 0.00 M/s, 最高分辨率: None, 平均帧率: 未知, 视频编解码器: 未知, 音频编解码器: 未知
分类: 🇨🇳河南频道, 名称: 永城综合, 有效: 0, IPv4: 1, IPv6: 0, 最小延迟: -1 ms, 最高速率: 0.00 M/s, 平均速率: 0.00 M/s, 最高分辨率: None, 平均帧率: 未知, 视频编解码器: 未知, 音频编解码器: 未知
分类: 🇨🇳河南频道, 名称: 潢川综合, 有效: 0, IPv4: 3, IPv6: 0, 最小延迟: -1 ms, 最高速率: 0.00 M/s, 平均速率: 0.00 M/s, 最高分辨率: None, 平均帧率: 未知, 视频编解码器: 未知, 音频编解码器: 未知
分类: 🇨🇳河南频道, 名称: 新野综合, 有效: 0, IPv4: 3, IPv6: 0, 最小延迟: -1 ms, 最高速率: 0.00 M/s, 平均速率: 0.00 M/s, 最高分辨率: None, 平均帧率: 未知, 视频编解码器: 未知, 音频编解码器: 未知
分类: 🇨🇳河南频道, 名称: 登封综合, 有效: 0, IPv4: 3, IPv6: 0, 最小延迟: -1 ms, 最高速率: 0.00 M/s, 平均速率: 0.00 M/s, 最高分辨率: None, 平均帧率: 未知, 视频编解码器: 未知, 音频编解码器: 未知
分类: 🇨🇳河南频道, 名称: 禹州综合, 有效: 0, IPv4: 2, IPv6: 0, 最小延迟: -1 ms, 最高速率: 0.00 M/s, 平均速率: 0.00 M/s, 最高分辨率: None, 平均帧率: 未知, 视频编解码器: 未知, 音频编解码器: 未知
分类: 🇨🇳河南频道, 名称: 开封文化旅游, 有效: 0, IPv4: 1, IPv6: 0, 最小延迟: -1 ms, 最高速率: 0.00 M/s, 平均速率: 0.00 M/s, 最高分辨率: None, 平均帧率: 未知, 视频编解码器: 未知, 音频编解码器: 未知
分类: 🇨🇳河南频道, 名称: 西华综合, 有效: 0, IPv4: 4, IPv6: 0, 最小延迟: -1 ms, 最高速率: 0.00 M/s, 平均速率: 0.00 M/s, 最高分辨率: None, 平均帧率: 未知, 视频编解码器: 未知, 音频编解码器: 未知
分类: 🇨🇳河南频道, 名称: 郏县综合, 有效: 0, IPv4: 4, IPv6: 0, 最小延迟: -1 ms, 最高速率: 0.00 M/s, 平均速率: 0.00 M/s, 最高分辨率: None, 平均帧率: 未知, 视频编解码器: 未知, 音频编解码器: 未知
分类: 🇨🇳河北频道, 名称: 河北4K, 有效: 0, IPv4: 1, IPv6: 0, 最小延迟: -1 ms, 最高速率: 0.00 M/s, 平均速率: 0.00 M/s, 最高分辨率: None, 平均帧率: 未知, 视频编解码器: 未知, 音频编解码器: 未知
分类: 🇨🇳河南频道, 名称: 鄢陵综合, 有效: 0, IPv4: 3, IPv6: 0, 最小延迟: -1 ms, 最高速率: 0.00 M/s, 平均速率: 0.00 M/s, 最高分辨率: None, 平均帧率: 未知, 视频编解码器: 未知, 音频编解码器: 未知
分类: 🇨🇳河南频道, 名称: 项城新闻, 有效: 0, IPv4: 4, IPv6: 0, 最小延迟: -1 ms, 最高速率: 0.00 M/s, 平均速率: 0.00 M/s, 最高分辨率: None, 平均帧率: 未知, 视频编解码器: 未知, 音频编解码器: 未知
分类: 🇨🇳河南频道, 名称: 邓州新闻, 有效: 0, IPv4: 2, IPv6: 0, 最小延迟: -1 ms, 最高速率: 0.00 M/s, 平均速率: 0.00 M/s, 最高分辨率: None, 平均帧率: 未知, 视频编解码器: 未知, 音频编解码器: 未知
分类: 🇨🇳河南频道, 名称: 灵宝新闻综合, 有效: 0, IPv4: 2, IPv6: 0, 最小延迟: -1 ms, 最高速率: 0.00 M/s, 平均速率: 0.00 M/s, 最高分辨率: None, 平均帧率: 未知, 视频编解码器: 未知, 音频编解码器: 未知
分类: 🇨🇳河南频道, 名称: 沁阳新闻综合, 有效: 0, IPv4: 2, IPv6: 0, 最小延迟: -1 ms, 最高速率: 0.00 M/s, 平均速率: 0.00 M/s, 最高分辨率: None, 平均帧率: 未知, 视频编解码器: 未知, 音频编解码器: 未知
分类: 🇨🇳河南频道, 名称: 新安新闻综合, 有效: 0, IPv4: 4, IPv6: 0, 最小延迟: -1 ms, 最高速率: 0.00 M/s, 平均速率: 0.00 M/s, 最高分辨率: None, 平均帧率: 未知, 视频编解码器: 未知, 音频编解码器: 未知
分类: 🇨🇳河南频道, 名称: 宜阳综合, 有效: 0, IPv4: 4, IPv6: 0, 最小延迟: -1 ms, 最高速率: 0.00 M/s, 平均速率: 0.00 M/s, 最高分辨率: None, 平均帧率: 未知, 视频编解码器: 未知, 音频编解码器: 未知
分类: 🇨🇳河南频道, 名称: 内黄综合, 有效: 0, IPv4: 4, IPv6: 0, 最小延迟: -1 ms, 最高速率: 0.00 M/s, 平均速率: 0.00 M/s, 最高分辨率: None, 平均帧率: 未知, 视频编解码器: 未知, 音频编解码器: 未知
分类: 🇨🇳河南频道, 名称: 偃师新闻, 有效: 0, IPv4: 3, IPv6: 0, 最小延迟: -1 ms, 最高速率: 0.00 M/s, 平均速率: 0.00 M/s, 最高分辨率: None, 平均帧率: 未知, 视频编解码器: 未知, 音频编解码器: 未知
分类: 🇨🇳河北频道, 名称: 河北经济, 有效: 0, IPv4: 3, IPv6: 0, 最小延迟: 2029 ms, 最高速率: 0.33 M/s, 平均速率: 0.00 M/s, 最高分辨率: 960x540, 平均帧率: 25.00, 视频编解码器: h264, 音频编解码器: aac
分类: 🇨🇳河北频道, 名称: 河北都市, 有效: 0, IPv4: 3, IPv6: 0, 最小延迟: 1127 ms, 最高速率: 0.32 M/s, 平均速率: 0.00 M/s, 最高分辨率: 960x540, 平均帧率: 25.00, 视频编解码器: h264, 音频编解码器: aac
分类: 🇨🇳河北频道, 名称: 河北公共, 有效: 0, IPv4: 4, IPv6: 0, 最小延迟: 1944 ms, 最高速率: 0.34 M/s, 平均速率: 0.00 M/s, 最高分辨率: 960x540, 平均帧率: 25.00, 视频编解码器: h264, 音频编解码器: aac
分类: 🇨🇳河北频道, 名称: 河北少儿, 有效: 0, IPv4: 4, IPv6: 0, 最小延迟: 1838 ms, 最高速率: 0.31 M/s, 平均速率: 0.00 M/s, 最高分辨率: 960x540, 平均帧率: 25.00, 视频编解码器: h264, 音频编解码器: aac
分类: 🇨🇳河北频道, 名称: 石家庄新闻综合, 有效: 0, IPv4: 1, IPv6: 0, 最小延迟: -1 ms, 最高速率: 0.00 M/s, 平均速率: 0.00 M/s, 最高分辨率: None, 平均帧率: 未知, 视频编解码器: 未知, 音频编解码器: 未知
分类: 🇨🇳河北频道, 名称: 河北睛彩, 有效: 0, IPv4: 2, IPv6: 0, 最小延迟: -1 ms, 最高速率: 0.00 M/s, 平均速率: 0.00 M/s, 最高分辨率: None, 平均帧率: 未知, 视频编解码器: 未知, 音频编解码器: 未知
分类: 🇨🇳河北频道, 名称: 隆尧电视, 有效: 0, IPv4: 1, IPv6: 0, 最小延迟: -1 ms, 最高速率: 0.00 M/s, 平均速率: 0.00 M/s, 最高分辨率: None, 平均帧率: 未知, 视频编解码器: 未知, 音频编解码器: 未知
分类: 🇨🇳河北频道, 名称: 河北影视, 有效: 0, IPv4: 6, IPv6: 0, 最小延迟: 1803 ms, 最高速率: 0.29 M/s, 平均速率: 0.00 M/s, 最高分辨率: 960x540, 平均帧率: 50.00, 视频编解码器: h264, 音频编解码器: aac
分类: 🇨🇳甘肃频道, 名称: 甘肃经济, 有效: 0, IPv4: 1, IPv6: 0, 最小延迟: 13 ms, 最高速率: 8.78 M/s, 平均速率: 0.00 M/s, 最高分辨率: None, 平均帧率: 未知, 视频编解码器: 未知, 音频编解码器: aac
分类: 🇨🇳甘肃频道, 名称: 甘肃都市, 有效: 0, IPv4: 1, IPv6: 0, 最小延迟: 10 ms, 最高速率: 9.95 M/s, 平均速率: 0.00 M/s, 最高分辨率: None, 平均帧率: 未知, 视频编解码器: 未知, 音频编解码器: aac
分类: 🇨🇳河北频道, 名称: 河北农民, 有效: 0, IPv4: 2, IPv6: 0, 最小延迟: 1847 ms, 最高速率: 0.33 M/s, 平均速率: 0.00 M/s, 最高分辨率: 960x540, 平均帧率: 25.00, 视频编解码器: h264, 音频编解码器: aac
分类: 🇨🇳甘肃频道, 名称: 嘉峪关综合, 有效: 0, IPv4: 1, IPv6: 0, 最小延迟: 891 ms, 最高速率: 0.12 M/s, 平均速率: 0.00 M/s, 最高分辨率: 1920x1080, 平均帧率: 30.00, 视频编解码器: h264, 音频编解码器: aac
分类: 🇨🇳甘肃频道, 名称: 金昌综合, 有效: 0, IPv4: 1, IPv6: 0, 最小延迟: -1 ms, 最高速率: 0.00 M/s, 平均速率: 0.00 M/s, 最高分辨率: None, 平均帧率: 未知, 视频编解码器: 未知, 音频编解码器: 未知
分类: 🇨🇳甘肃频道, 名称: 临夏州综合, 有效: 0, IPv4: 1, IPv6: 0, 最小延迟: -1 ms, 最高速率: 0.00 M/s, 平均速率: 0.00 M/s, 最高分辨率: None, 平均帧率: 未知, 视频编解码器: 未知, 音频编解码器: 未知
分类: 🇨🇳甘肃频道, 名称: 甘南综合, 有效: 0, IPv4: 1, IPv6: 0, 最小延迟: -1 ms, 最高速率: 0.00 M/s, 平均速率: 0.00 M/s, 最高分辨率: None, 平均帧率: 未知, 视频编解码器: 未知, 音频编解码器: 未知
分类: 🇨🇳新疆频道, 名称: 哈密一套, 有效: 0, IPv4: 1, IPv6: 0, 最小延迟: -1 ms, 最高速率: 0.00 M/s, 平均速率: 0.00 M/s, 最高分辨率: None, 平均帧率: 未知, 视频编解码器: 未知, 音频编解码器: 未知
分类: 🇨🇳新疆频道, 名称: 哈密二套, 有效: 0, IPv4: 1, IPv6: 0, 最小延迟: -1 ms, 最高速率: 0.00 M/s, 平均速率: 0.00 M/s, 最高分辨率: None, 平均帧率: 未知, 视频编解码器: 未知, 音频编解码器: 未知
分类: 🇨🇳新疆频道, 名称: 哈密三套, 有效: 0, IPv4: 1, IPv6: 0, 最小延迟: -1 ms, 最高速率: 0.00 M/s, 平均速率: 0.00 M/s, 最高分辨率: None, 平均帧率: 未知, 视频编解码器: 未知, 音频编解码器: 未知
分类: 🇨🇳甘肃频道, 名称: 永昌综合, 有效: 1, IPv4: 2, IPv6: 0, 最小延迟: 1682 ms, 最高速率: 0.96 M/s, 平均速率: 0.96 M/s, 最高分辨率: 1920x1080, 平均帧率: 27.50, 视频编解码器: h264, 音频编解码器: aac
分类: 🇨🇳甘肃频道, 名称: 天祝综合, 有效: 0, IPv4: 1, IPv6: 0, 最小延迟: 1039 ms, 最高速率: 0.06 M/s, 平均速率: 0.00 M/s, 最高分辨率: 1920x1080, 平均帧率: 25.00, 视频编解码器: h264, 音频编解码器: aac
分类: 🇨🇳甘肃频道, 名称: 秦安综合, 有效: 0, IPv4: 2, IPv6: 0, 最小延迟: -1 ms, 最高速率: 0.00 M/s, 平均速率: 0.00 M/s, 最高分辨率: None, 平均帧率: 未知, 视频编解码器: 未知, 音频编解码器: 未知
分类: 🇨🇳甘肃频道, 名称: 张掖新闻综合, 有效: 0, IPv4: 1, IPv6: 0, 最小延迟: 1236 ms, 最高速率: 0.08 M/s, 平均速率: 0.00 M/s, 最高分辨率: None, 平均帧率: 未知, 视频编解码器: 未知, 音频编解码器: 未知
分类: 🇨🇳甘肃频道, 名称: 白银综合, 有效: 0, IPv4: 2, IPv6: 0, 最小延迟: 1065 ms, 最高速率: 0.29 M/s, 平均速率: 0.00 M/s, 最高分辨率: 1920x1080, 平均帧率: 30.00, 视频编解码器: h264, 音频编解码器: aac
分类: 🇨🇳新疆频道, 名称: 兵团八师石河子新闻综合, 有效: 0, IPv4: 1, IPv6: 0, 最小延迟: -1 ms, 最高速率: 0.00 M/s, 平均速率: 0.00 M/s, 最高分辨率: None, 平均帧率: 未知, 视频编解码器: 未知, 音频编解码器: 未知
分类: 🇨🇳新疆频道, 名称: 伊犁维吾尔, 有效: 2, IPv4: 2, IPv6: 0, 最小延迟: 4633 ms, 最高速率: 0.87 M/s, 平均速率: 0.80 M/s, 最高分辨率: 1920x1080, 平均帧率: 25.00, 视频编解码器: h264, 音频编解码器: aac
分类: 🇨🇳新疆频道, 名称: 奎屯哈萨克语, 有效: 0, IPv4: 2, IPv6: 0, 最小延迟: 1586 ms, 最高速率: 0.08 M/s, 平均速率: 0.00 M/s, 最高分辨率: 1920x1080, 平均帧率: 25.00, 视频编解码器: h264, 音频编解码器: aac
分类: 🇨🇳新疆频道, 名称: 巴音郭楞州, 有效: 0, IPv4: 1, IPv6: 0, 最小延迟: -1 ms, 最高速率: 0.00 M/s, 平均速率: 0.00 M/s, 最高分辨率: None, 平均帧率: 未知, 视频编解码器: 未知, 音频编解码器: 未知
分类: 🇨🇳新疆频道, 名称: 石河子教育, 有效: 0, IPv4: 1, IPv6: 0, 最小延迟: -1 ms, 最高速率: 0.00 M/s, 平均速率: 0.00 M/s, 最高分辨率: None, 平均帧率: 未知, 视频编解码器: 未知, 音频编解码器: 未知
分类: 🇨🇳新疆频道, 名称: 石河子新闻综合, 有效: 0, IPv4: 1, IPv6: 0, 最小延迟: -1 ms, 最高速率: 0.00 M/s, 平均速率: 0.00 M/s, 最高分辨率: None, 平均帧率: 未知, 视频编解码器: 未知, 音频编解码器: 未知
分类: 🇨🇳新疆频道, 名称: 兵团五师双河新闻综合, 有效: 0, IPv4: 2, IPv6: 0, 最小延迟: 1113 ms, 最高速率: 0.16 M/s, 平均速率: 0.00 M/s, 最高分辨率: 720x576, 平均帧率: 25.00, 视频编解码器: h264, 音频编解码器: aac
分类: 🇨🇳甘肃频道, 名称: 西峰综合, 有效: 1, IPv4: 1, IPv6: 0, 最小延迟: 2923 ms, 最高速率: 1.06 M/s, 平均速率: 1.06 M/s, 最高分辨率: 1280x720, 平均帧率: 30.00, 视频编解码器: h264, 音频编解码器: aac
分类: 🇨🇳山西频道, 名称: 大宁综合, 有效: 0, IPv4: 1, IPv6: 0, 最小延迟: -1 ms, 最高速率: 0.00 M/s, 平均速率: 0.00 M/s, 最高分辨率: None, 平均帧率: 未知, 视频编解码器: 未知, 音频编解码器: 未知
分类: 🇨🇳新疆频道, 名称: 奎屯汉语综合, 有效: 0, IPv4: 1, IPv6: 0, 最小延迟: 1984 ms, 最高速率: 0.07 M/s, 平均速率: 0.00 M/s, 最高分辨率: None, 平均帧率: 未知, 视频编解码器: h264, 音频编解码器: aac
分类: 🇨🇳山西频道, 名称: 万荣综合, 有效: 0, IPv4: 1, IPv6: 0, 最小延迟: 2470 ms, 最高速率: 0.13 M/s, 平均速率: 0.00 M/s, 最高分辨率: 720x404, 平均帧率: 25.00, 视频编解码器: h264, 音频编解码器: aac
分类: 🇨🇳新疆频道, 名称: 伊犁哈萨克, 有效: 1, IPv4: 2, IPv6: 0, 最小延迟: 10376 ms, 最高速率: 0.51 M/s, 平均速率: 0.51 M/s, 最高分辨率: 1920x1080, 平均帧率: 25.00, 视频编解码器: h264, 音频编解码器: aac
分类: 🇨🇳新疆频道, 名称: 可克达拉综合, 有效: 0, IPv4: 2, IPv6: 0, 最小延迟: 1381 ms, 最高速率: 0.11 M/s, 平均速率: 0.00 M/s, 最高分辨率: 1920x1080, 平均帧率: 25.00, 视频编解码器: h264, 音频编解码器: aac
分类: 🇨🇳新疆频道, 名称: 伊犁经济法制, 有效: 2, IPv4: 2, IPv6: 0, 最小延迟: 5659 ms, 最高速率: 0.86 M/s, 平均速率: 0.81 M/s, 最高分辨率: 1920x1080, 平均帧率: 25.00, 视频编解码器: h264, 音频编解码器: aac
分类: 🇨🇳山西频道, 名称: 山西影视, 有效: 0, IPv4: 1, IPv6: 0, 最小延迟: -1 ms, 最高速率: 0.00 M/s, 平均速率: 0.00 M/s, 最高分辨率: None, 平均帧率: 未知, 视频编解码器: 未知, 音频编解码器: 未知
分类: 🇨🇳山西频道, 名称: 山西文体生活, 有效: 0, IPv4: 1, IPv6: 0, 最小延迟: -1 ms, 最高速率: 0.00 M/s, 平均速率: 0.00 M/s, 最高分辨率: None, 平均帧率: 未知, 视频编解码器: 未知, 音频编解码器: 未知
分类: 🇨🇳山西频道, 名称: 山西社会与法治, 有效: 0, IPv4: 1, IPv6: 0, 最小延迟: -1 ms, 最高速率: 0.00 M/s, 平均速率: 0.00 M/s, 最高分辨率: None, 平均帧率: 未知, 视频编解码器: 未知, 音频编解码器: 未知
分类: 🇨🇳山西频道, 名称: 山西经济与科技, 有效: 0, IPv4: 1, IPv6: 0, 最小延迟: -1 ms, 最高速率: 0.00 M/s, 平均速率: 0.00 M/s, 最高分辨率: None, 平均帧率: 未知, 视频编解码器: 未知, 音频编解码器: 未知
分类: 🇨🇳新疆频道, 名称: 玛纳斯综合, 有效: 0, IPv4: 3, IPv6: 0, 最小延迟: 2717 ms, 最高速率: 0.16 M/s, 平均速率: 0.00 M/s, 最高分辨率: 1920x1080, 平均帧率: 25.00, 视频编解码器: h264, 音频编解码器: aac
分类: 🇨🇳山西频道, 名称: 太谷新闻综合, 有效: 0, IPv4: 3, IPv6: 0, 最小延迟: 460 ms, 最高速率: 1.81 M/s, 平均速率: 0.00 M/s, 最高分辨率: 1024x768, 平均帧率: 25.00, 视频编解码器: h264, 音频编解码器: aac
分类: 🇨🇳山西频道, 名称: 黄河电视台, 有效: 0, IPv4: 1, IPv6: 0, 最小延迟: -1 ms, 最高速率: 0.00 M/s, 平均速率: 0.00 M/s, 最高分辨率: None, 平均帧率: 未知, 视频编解码器: 未知, 音频编解码器: 未知
分类: 🇨🇳山西频道, 名称: 平遥新闻综合, 有效: 0, IPv4: 1, IPv6: 0, 最小延迟: -1 ms, 最高速率: 0.00 M/s, 平均速率: 0.00 M/s, 最高分辨率: None, 平均帧率: 未知, 视频编解码器: 未知, 音频编解码器: 未知
分类: 🇨🇳山西频道, 名称: 黎城综合, 有效: 0, IPv4: 2, IPv6: 0, 最小延迟: -1 ms, 最高速率: 0.00 M/s, 平均速率: 0.00 M/s, 最高分辨率: None, 平均帧率: 未知, 视频编解码器: 未知, 音频编解码器: 未知
分类: 🇨🇳山西频道, 名称: 武乡新闻综合, 有效: 0, IPv4: 1, IPv6: 0, 最小延迟: -1 ms, 最高速率: 0.00 M/s, 平均速率: 0.00 M/s, 最高分辨率: None, 平均帧率: 未知, 视频编解码器: 未知, 音频编解码器: 未知
分类: 🇨🇳山西频道, 名称: 汾西综合, 有效: 0, IPv4: 1, IPv6: 0, 最小延迟: -1 ms, 最高速率: 0.00 M/s, 平均速率: 0.00 M/s, 最高分辨率: None, 平均帧率: 未知, 视频编解码器: 未知, 音频编解码器: 未知
分类: 🇨🇳安徽频道, 名称: 安徽国际, 有效: 0, IPv4: 4, IPv6: 0, 最小延迟: -1 ms, 最高速率: 0.00 M/s, 平均速率: 0.00 M/s, 最高分辨率: None, 平均帧率: 未知, 视频编解码器: 未知, 音频编解码器: 未知
分类: 🇨🇳山西频道, 名称: 祁县新闻综合, 有效: 0, IPv4: 1, IPv6: 0, 最小延迟: -1 ms, 最高速率: 0.00 M/s, 平均速率: 0.00 M/s, 最高分辨率: None, 平均帧率: 未知, 视频编解码器: 未知, 音频编解码器: 未知
分类: 🇨🇳安徽频道, 名称: 祁门综合, 有效: 0, IPv4: 2, IPv6: 0, 最小延迟: -1 ms, 最高速率: 0.00 M/s, 平均速率: 0.00 M/s, 最高分辨率: None, 平均帧率: 未知, 视频编解码器: 未知, 音频编解码器: 未知
分类: 🇨🇳安徽频道, 名称: 合肥新闻, 有效: 0, IPv4: 1, IPv6: 0, 最小延迟: -1 ms, 最高速率: 0.00 M/s, 平均速率: 0.00 M/s, 最高分辨率: None, 平均帧率: 未知, 视频编解码器: 未知, 音频编解码器: 未知
分类: 🇨🇳安徽频道, 名称: 安徽影视, 有效: 0, IPv4: 4, IPv6: 0, 最小延迟: -1 ms, 最高速率: 0.00 M/s, 平均速率: 0.00 M/s, 最高分辨率: None, 平均帧率: 未知, 视频编解码器: 未知, 音频编解码器: 未知
分类: 🇨🇳安徽频道, 名称: 安徽经济生活, 有效: 0, IPv4: 1, IPv6: 0, 最小延迟: -1 ms, 最高速率: 0.00 M/s, 平均速率: 0.00 M/s, 最高分辨率: None, 平均帧率: 未知, 视频编解码器: 未知, 音频编解码器: 未知
分类: 🇨🇳安徽频道, 名称: 岳西综合, 有效: 0, IPv4: 1, IPv6: 0, 最小延迟: -1 ms, 最高速率: 0.00 M/s, 平均速率: 0.00 M/s, 最高分辨率: None, 平均帧率: 未知, 视频编解码器: 未知, 音频编解码器: 未知
分类: 🇨🇳山西频道, 名称: 定襄综合, 有效: 0, IPv4: 1, IPv6: 0, 最小延迟: 1346 ms, 最高速率: 0.12 M/s, 平均速率: 0.00 M/s, 最高分辨率: 1280x720, 平均帧率: 30.00, 视频编解码器: h264, 音频编解码器: aac
分类: 🇨🇳山西频道, 名称: 古县综合, 有效: 0, IPv4: 1, IPv6: 0, 最小延迟: 1276 ms, 最高速率: 0.17 M/s, 平均速率: 0.00 M/s, 最高分辨率: 720x480, 平均帧率: 29.97, 视频编解码器: h264, 音频编解码器: aac
分类: 🇨🇳安徽频道, 名称: 安徽导视, 有效: 0, IPv4: 2, IPv6: 0, 最小延迟: 1644 ms, 最高速率: 0.35 M/s, 平均速率: 0.00 M/s, 最高分辨率: 1920x1080, 平均帧率: 30.00, 视频编解码器: h264, 音频编解码器: aac
分类: 🇨🇳宁夏频道, 名称: 宁夏公共, 有效: 0, IPv4: 1, IPv6: 0, 最小延迟: -1 ms, 最高速率: 0.00 M/s, 平均速率: 0.00 M/s, 最高分辨率: None, 平均帧率: 未知, 视频编解码器: 未知, 音频编解码器: 未知
分类: 🇨🇳宁夏频道, 名称: 宁夏经济, 有效: 0, IPv4: 1, IPv6: 0, 最小延迟: -1 ms, 最高速率: 0.00 M/s, 平均速率: 0.00 M/s, 最高分辨率: None, 平均帧率: 未知, 视频编解码器: 未知, 音频编解码器: 未知
分类: 🇨🇳山西频道, 名称: 怀仁综合, 有效: 0, IPv4: 1, IPv6: 0, 最小延迟: 1256 ms, 最高速率: 0.12 M/s, 平均速率: 0.00 M/s, 最高分辨率: 1920x1080, 平均帧率: 未知, 视频编解码器: h264, 音频编解码器: aac
分类: 🇨🇳宁夏频道, 名称: 宁夏少儿, 有效: 0, IPv4: 1, IPv6: 0, 最小延迟: -1 ms, 最高速率: 0.00 M/s, 平均速率: 0.00 M/s, 最高分辨率: None, 平均帧率: 未知, 视频编解码器: 未知, 音频编解码器: 未知
分类: 🇨🇳安徽频道, 名称: 涡阳新闻综合, 有效: 0, IPv4: 1, IPv6: 0, 最小延迟: 1498 ms, 最高速率: 0.12 M/s, 平均速率: 0.00 M/s, 最高分辨率: 544x480, 平均帧率: 25.00, 视频编解码器: h264, 音频编解码器: aac
分类: 🇨🇳安徽频道, 名称: 固镇新闻, 有效: 0, IPv4: 2, IPv6: 0, 最小延迟: 2360 ms, 最高速率: 0.44 M/s, 平均速率: 0.00 M/s, 最高分辨率: 1920x1080, 平均帧率: 25.00, 视频编解码器: h264, 音频编解码器: aac
分类: 🇨🇳安徽频道, 名称: 灵璧综合, 有效: 0, IPv4: 2, IPv6: 0, 最小延迟: 2930 ms, 最高速率: 0.22 M/s, 平均速率: 0.00 M/s, 最高分辨率: 640x480, 平均帧率: 25.00, 视频编解码器: h264, 音频编解码器: aac
分类: 🇨🇳宁夏频道, 名称: 吴忠综合, 有效: 0, IPv4: 2, IPv6: 0, 最小延迟: -1 ms, 最高速率: 0.00 M/s, 平均速率: 0.00 M/s, 最高分辨率: None, 平均帧率: 未知, 视频编解码器: 未知, 音频编解码器: 未知
分类: 🇨🇳宁夏频道, 名称: 吴忠公共, 有效: 0, IPv4: 2, IPv6: 0, 最小延迟: -1 ms, 最高速率: 0.00 M/s, 平均速率: 0.00 M/s, 最高分辨率: None, 平均帧率: 未知, 视频编解码器: 未知, 音频编解码器: 未知
分类: 🇨🇳宁夏频道, 名称: 石嘴山综合, 有效: 0, IPv4: 1, IPv6: 0, 最小延迟: -1 ms, 最高速率: 0.00 M/s, 平均速率: 0.00 M/s, 最高分辨率: None, 平均帧率: 未知, 视频编解码器: 未知, 音频编解码器: 未知
分类: 🇨🇳安徽频道, 名称: 广德生活, 有效: 0, IPv4: 1, IPv6: 0, 最小延迟: 1323 ms, 最高速率: 0.17 M/s, 平均速率: 0.00 M/s, 最高分辨率: 1920x1080, 平均帧率: 30.00, 视频编解码器: h264, 音频编解码器: aac
分类: 🇨🇳吉林频道, 名称: 吉林乡村, 有效: 0, IPv4: 1, IPv6: 0, 最小延迟: 11 ms, 最高速率: 10.79 M/s, 平均速率: 0.00 M/s, 最高分辨率: None, 平均帧率: 未知, 视频编解码器: 未知, 音频编解码器: aac
分类: 🇨🇳吉林频道, 名称: 长白山电视台, 有效: 0, IPv4: 1, IPv6: 0, 最小延迟: 938 ms, 最高速率: 0.09 M/s, 平均速率: 0.00 M/s, 最高分辨率: 320x240, 平均帧率: 25.00, 视频编解码器: h264, 音频编解码器: aac
分类: 🇨🇳吉林频道, 名称: 德惠综合, 有效: 0, IPv4: 3, IPv6: 0, 最小延迟: 879 ms, 最高速率: 0.10 M/s, 平均速率: 0.00 M/s, 最高分辨率: 720x576, 平均帧率: 25.00, 视频编解码器: h264, 音频编解码器: aac
分类: 🇨🇳吉林频道, 名称: 九台综合, 有效: 0, IPv4: 3, IPv6: 0, 最小延迟: 1415 ms, 最高速率: 0.25 M/s, 平均速率: 0.00 M/s, 最高分辨率: 720x576, 平均帧率: 25.00, 视频编解码器: h264, 音频编解码器: aac
分类: 🇨🇳吉林频道, 名称: 靖宇综合, 有效: 0, IPv4: 2, IPv6: 0, 最小延迟: 619 ms, 最高速率: 0.13 M/s, 平均速率: 0.00 M/s, 最高分辨率: 720x576, 平均帧率: 25.00, 视频编解码器: h264, 音频编解码器: aac
分类: 🇨🇳山西频道, 名称: 长子综合, 有效: 0, IPv4: 1, IPv6: 0, 最小延迟: 10072 ms, 最高速率: 0.45 M/s, 平均速率: 0.00 M/s, 最高分辨率: 1920x1080, 平均帧率: 50.00, 视频编解码器: h264, 音频编解码器: aac
分类: 🇨🇳吉林频道, 名称: 敦化一套, 有效: 0, IPv4: 2, IPv6: 0, 最小延迟: 888 ms, 最高速率: 0.10 M/s, 平均速率: 0.00 M/s, 最高分辨率: 320x240, 平均帧率: 25.00, 视频编解码器: h264, 音频编解码器: aac
分类: 🇨🇳吉林频道, 名称: 龙井综合, 有效: 0, IPv4: 2, IPv6: 0, 最小延迟: 615 ms, 最高速率: 0.22 M/s, 平均速率: 0.00 M/s, 最高分辨率: 720x576, 平均帧率: 25.00, 视频编解码器: h264, 音频编解码器: aac
分类: 🇨🇳吉林频道, 名称: 梅河口综合, 有效: 0, IPv4: 1, IPv6: 0, 最小延迟: 608 ms, 最高速率: 0.06 M/s, 平均速率: 0.00 M/s, 最高分辨率: None, 平均帧率: 未知, 视频编解码器: 未知, 音频编解码器: aac
分类: 🇨🇳吉林频道, 名称: 舒兰新闻综合, 有效: 0, IPv4: 2, IPv6: 0, 最小延迟: 1384 ms, 最高速率: 0.23 M/s, 平均速率: 0.00 M/s, 最高分辨率: 720x576, 平均帧率: 25.00, 视频编解码器: h264, 音频编解码器: aac
分类: 🇨🇳吉林频道, 名称: 桦甸综合, 有效: 0, IPv4: 2, IPv6: 0, 最小延迟: 650 ms, 最高速率: 0.16 M/s, 平均速率: 0.00 M/s, 最高分辨率: 720x576, 平均帧率: 25.00, 视频编解码器: h264, 音频编解码器: aac
分类: 🇨🇳吉林频道, 名称: 磐石综合, 有效: 0, IPv4: 2, IPv6: 0, 最小延迟: 601 ms, 最高速率: 0.29 M/s, 平均速率: 0.00 M/s, 最高分辨率: 720x576, 平均帧率: 25.00, 视频编解码器: h264, 音频编解码器: aac
分类: 🇨🇳吉林频道, 名称: 东丰综合, 有效: 0, IPv4: 3, IPv6: 0, 最小延迟: 616 ms, 最高速率: 0.23 M/s, 平均速率: 0.00 M/s, 最高分辨率: 720x576, 平均帧率: 25.00, 视频编解码器: h264, 音频编解码器: aac
分类: 🇨🇳吉林频道, 名称: 双辽综合, 有效: 0, IPv4: 2, IPv6: 0, 最小延迟: 585 ms, 最高速率: 0.10 M/s, 平均速率: 0.00 M/s, 最高分辨率: 320x240, 平均帧率: 25.00, 视频编解码器: h264, 音频编解码器: aac
分类: 🇨🇳云南频道, 名称: 施甸综合, 有效: 0, IPv4: 1, IPv6: 0, 最小延迟: -1 ms, 最高速率: 0.00 M/s, 平均速率: 0.00 M/s, 最高分辨率: None, 平均帧率: 未知, 视频编解码器: 未知, 音频编解码器: 未知
分类: 🇨🇳云南频道, 名称: 瑞丽综合, 有效: 0, IPv4: 1, IPv6: 0, 最小延迟: -1 ms, 最高速率: 0.00 M/s, 平均速率: 0.00 M/s, 最高分辨率: None, 平均帧率: 未知, 视频编解码器: 未知, 音频编解码器: 未知
分类: 🇨🇳吉林频道, 名称: 辉南新闻综合, 有效: 0, IPv4: 3, IPv6: 0, 最小延迟: 1621 ms, 最高速率: 0.25 M/s, 平均速率: 0.00 M/s, 最高分辨率: 720x576, 平均帧率: 25.00, 视频编解码器: h264, 音频编解码器: aac
分类: 🇨🇳吉林频道, 名称: 柳河综合, 有效: 0, IPv4: 2, IPv6: 0, 最小延迟: 624 ms, 最高速率: 0.16 M/s, 平均速率: 0.00 M/s, 最高分辨率: 720x576, 平均帧率: 25.00, 视频编解码器: h264, 音频编解码器: aac
分类: 🇨🇳吉林频道, 名称: 通化县综合, 有效: 0, IPv4: 2, IPv6: 0, 最小延迟: 573 ms, 最高速率: 0.09 M/s, 平均速率: 0.00 M/s, 最高分辨率: 320x240, 平均帧率: 25.00, 视频编解码器: h264, 音频编解码器: aac
分类: 🇨🇳吉林频道, 名称: 汪清综合, 有效: 0, IPv4: 4, IPv6: 0, 最小延迟: 821 ms, 最高速率: 0.10 M/s, 平均速率: 0.00 M/s, 最高分辨率: 320x240, 平均帧率: 25.00, 视频编解码器: h264, 音频编解码器: aac
分类: 🇨🇳云南频道, 名称: 陇川综合, 有效: 0, IPv4: 1, IPv6: 0, 最小延迟: -1 ms, 最高速率: 0.00 M/s, 平均速率: 0.00 M/s, 最高分辨率: None, 平均帧率: 未知, 视频编解码器: 未知, 音频编解码器: 未知
分类: 🇨🇳云南频道, 名称: 麻栗坡电视台, 有效: 0, IPv4: 1, IPv6: 0, 最小延迟: -1 ms, 最高速率: 0.00 M/s, 平均速率: 0.00 M/s, 最高分辨率: None, 平均帧率: 未知, 视频编解码器: 未知, 音频编解码器: 未知
分类: 🇨🇳青海频道, 名称: 青海都市, 有效: 0, IPv4: 1, IPv6: 0, 最小延迟: -1 ms, 最高速率: 0.00 M/s, 平均速率: 0.00 M/s, 最高分辨率: None, 平均帧率: 未知, 视频编解码器: 未知, 音频编解码器: 未知
分类: 🇨🇳黑龙江频道, 名称: 黑龙江文体, 有效: 0, IPv4: 1, IPv6: 0, 最小延迟: -1 ms, 最高速率: 0.00 M/s, 平均速率: 0.00 M/s, 最高分辨率: None, 平均帧率: 未知, 视频编解码器: 未知, 音频编解码器: 未知
分类: 🇨🇳黑龙江频道, 名称: 黑龙江新闻法治, 有效: 0, IPv4: 1, IPv6: 0, 最小延迟: -1 ms, 最高速率: 0.00 M/s, 平均速率: 0.00 M/s, 最高分辨率: None, 平均帧率: 未知, 视频编解码器: 未知, 音频编解码器: 未知
分类: 🇨🇳青海频道, 名称: 青海经视, 有效: 0, IPv4: 1, IPv6: 0, 最小延迟: -1 ms, 最高速率: 0.00 M/s, 平均速率: 0.00 M/s, 最高分辨率: None, 平均帧率: 未知, 视频编解码器: 未知, 音频编解码器: 未知
分类: 🇨🇳黑龙江频道, 名称: 黑龙江影视, 有效: 0, IPv4: 1, IPv6: 0, 最小延迟: -1 ms, 最高速率: 0.00 M/s, 平均速率: 0.00 M/s, 最高分辨率: None, 平均帧率: 未知, 视频编解码器: 未知, 音频编解码器: 未知
分类: 🇨🇳黑龙江频道, 名称: 黑龙江都市, 有效: 0, IPv4: 1, IPv6: 0, 最小延迟: -1 ms, 最高速率: 0.00 M/s, 平均速率: 0.00 M/s, 最高分辨率: None, 平均帧率: 未知, 视频编解码器: 未知, 音频编解码器: 未知
分类: 🇨🇳青海频道, 名称: 西宁新闻综合, 有效: 0, IPv4: 1, IPv6: 0, 最小延迟: -1 ms, 最高速率: 0.00 M/s, 平均速率: 0.00 M/s, 最高分辨率: None, 平均帧率: 未知, 视频编解码器: 未知, 音频编解码器: 未知
分类: 🇨🇳青海频道, 名称: 门源综合, 有效: 0, IPv4: 1, IPv6: 0, 最小延迟: -1 ms, 最高速率: 0.00 M/s, 平均速率: 0.00 M/s, 最高分辨率: None, 平均帧率: 未知, 视频编解码器: 未知, 音频编解码器: 未知
分类: 🇨🇳青海频道, 名称: 贵南综合, 有效: 0, IPv4: 1, IPv6: 0, 最小延迟: -1 ms, 最高速率: 0.00 M/s, 平均速率: 0.00 M/s, 最高分辨率: None, 平均帧率: 未知, 视频编解码器: 未知, 音频编解码器: 未知
分类: 🇨🇳青海频道, 名称: 化隆综合, 有效: 0, IPv4: 1, IPv6: 0, 最小延迟: -1 ms, 最高速率: 0.00 M/s, 平均速率: 0.00 M/s, 最高分辨率: None, 平均帧率: 未知, 视频编解码器: 未知, 音频编解码器: 未知
分类: 🇨🇳青海频道, 名称: 民和综合, 有效: 0, IPv4: 1, IPv6: 0, 最小延迟: -1 ms, 最高速率: 0.00 M/s, 平均速率: 0.00 M/s, 最高分辨率: None, 平均帧率: 未知, 视频编解码器: 未知, 音频编解码器: 未知
分类: 🇨🇳青海频道, 名称: 兴海综合, 有效: 0, IPv4: 1, IPv6: 0, 最小延迟: -1 ms, 最高速率: 0.00 M/s, 平均速率: 0.00 M/s, 最高分辨率: None, 平均帧率: 未知, 视频编解码器: 未知, 音频编解码器: 未知
分类: 🇨🇳云南频道, 名称: 通海电视台, 有效: 0, IPv4: 1, IPv6: 0, 最小延迟: 1721 ms, 最高速率: 0.11 M/s, 平均速率: 0.00 M/s, 最高分辨率: 1920x1080, 平均帧率: 25.00, 视频编解码器: h264, 音频编解码器: aac
分类: 🇨🇳云南频道, 名称: 易门综合, 有效: 0, IPv4: 1, IPv6: 0, 最小延迟: 1770 ms, 最高速率: 0.13 M/s, 平均速率: 0.00 M/s, 最高分辨率: 1920x1080, 平均帧率: 30.00, 视频编解码器: h264, 音频编解码器: aac
分类: 🇨🇳云南频道, 名称: 云南都市, 有效: 1, IPv4: 2, IPv6: 0, 最小延迟: 1910 ms, 最高速率: 0.31 M/s, 平均速率: 0.31 M/s, 最高分辨率: 1280x720, 平均帧率: 25.00, 视频编解码器: h264, 音频编解码器: aac
分类: 🇨🇳云南频道, 名称: 云南娱乐, 有效: 1, IPv4: 2, IPv6: 0, 最小延迟: 1666 ms, 最高速率: 0.27 M/s, 平均速率: 0.27 M/s, 最高分辨率: 1280x720, 平均帧率: 25.00, 视频编解码器: h264, 音频编解码器: aac
分类: 🇨🇳黑龙江频道, 名称: 哈尔滨资讯, 有效: 0, IPv4: 2, IPv6: 0, 最小延迟: 1087 ms, 最高速率: 0.02 M/s, 平均速率: 0.00 M/s, 最高分辨率: 640x480, 平均帧率: 25.00, 视频编解码器: h264, 音频编解码器: aac
分类: 🇨🇳黑龙江频道, 名称: 哈尔滨新闻综合, 有效: 0, IPv4: 2, IPv6: 0, 最小延迟: 9311 ms, 最高速率: 0.05 M/s, 平均速率: 0.00 M/s, 最高分辨率: 640x480, 平均帧率: 25.00, 视频编解码器: h264, 音频编解码器: aac
分类: 🇨🇳黑龙江频道, 名称: 佳木斯新闻综合, 有效: 0, IPv4: 1, IPv6: 0, 最小延迟: -1 ms, 最高速率: 0.00 M/s, 平均速率: 0.00 M/s, 最高分辨率: None, 平均帧率: 未知, 视频编解码器: 未知, 音频编解码器: 未知
分类: 🇨🇳黑龙江频道, 名称: 哈尔滨影视, 有效: 0, IPv4: 6, IPv6: 0, 最小延迟: 2761 ms, 最高速率: 0.18 M/s, 平均速率: 0.00 M/s, 最高分辨率: 640x480, 平均帧率: 25.00, 视频编解码器: h264, 音频编解码器: aac
分类: 🇨🇳黑龙江频道, 名称: 七台河民生社教, 有效: 0, IPv4: 1, IPv6: 0, 最小延迟: -1 ms, 最高速率: 0.00 M/s, 平均速率: 0.00 M/s, 最高分辨率: None, 平均帧率: 未知, 视频编解码器: 未知, 音频编解码器: 未知
分类: 🇨🇳黑龙江频道, 名称: 双鸭山综合, 有效: 0, IPv4: 2, IPv6: 0, 最小延迟: -1 ms, 最高速率: 0.00 M/s, 平均速率: 0.00 M/s, 最高分辨率: None, 平均帧率: 未知, 视频编解码器: 未知, 音频编解码器: 未知
分类: 🇨🇳黑龙江频道, 名称: 哈尔滨生活, 有效: 0, IPv4: 6, IPv6: 0, 最小延迟: 2806 ms, 最高速率: 0.19 M/s, 平均速率: 0.00 M/s, 最高分辨率: 640x480, 平均帧率: 25.00, 视频编解码器: h264, 音频编解码器: aac
分类: 🇨🇳黑龙江频道, 名称: 七台河新闻综合, 有效: 1, IPv4: 1, IPv6: 0, 最小延迟: 2523 ms, 最高速率: 0.31 M/s, 平均速率: 0.31 M/s, 最高分辨率: 1280x720, 平均帧率: 30.00, 视频编解码器: h264, 音频编解码器: aac
分类: 🇨🇳黑龙江频道, 名称: 甘南县综合, 有效: 0, IPv4: 1, IPv6: 0, 最小延迟: 1468 ms, 最高速率: 0.02 M/s, 平均速率: 0.00 M/s, 最高分辨率: 640x480, 平均帧率: 25.00, 视频编解码器: h264, 音频编解码器: aac
分类: 🇨🇳黑龙江频道, 名称: 哈尔滨都市咨询, 有效: 0, IPv4: 1, IPv6: 0, 最小延迟: 10054 ms, 最高速率: 0.00 M/s, 平均速率: 0.00 M/s, 最高分辨率: 640x480, 平均帧率: 25.00, 视频编解码器: h264, 音频编解码器: aac
分类: 🇨🇳黑龙江频道, 名称: 哈尔滨娱乐, 有效: 0, IPv4: 4, IPv6: 0, 最小延迟: 814 ms, 最高速率: 0.03 M/s, 平均速率: 0.00 M/s, 最高分辨率: 640x480, 平均帧率: 25.00, 视频编解码器: h264, 音频编解码器: aac
