CCTV4K真4K,http://vip1.xinketongxun.fun:8082/tsfile/live/1026_1.m3u8
直播中国,https://gcalic.v.myalicdn.com/gc/wgw05_1/index.m3u8?contentid=2820180516001
熊猫直播,https://gcwbndali.v.myalicdn.com/gcwbnd/ipanda1000_2/index.m3u8
上视纪实人文,http://t.061899.xyz/tl/tl.php?id=shjsrw
珠江卫视,http://qjrhc.jydjd.top:2911/udp/224.1.100.24:11111
上海卫视,http://112.27.235.94:8000/hls/28/index.m3u8
CETV-01,https://zby.130519.xyz/PLTV/11/224/3221225775/index.m3u8
CETV-04,https://zby.130519.xyz/PLTV/11/224/3221226153/index.m3u8
黑龙江视,https://zby.130519.xyz/PLTV/11/224/3221225722/index.m3u8
睛彩广场,https://zby.130519.xyz/PLTV/11/224/3221226139/index.m3u8
纪实科教8K,https://gdcucc.v1.mk/gdcucc/brtv8k.m3u8
搜狐剧场,https://hdl-vip-ws.qf.56.com/live/lc_11730.flv
新纪实,http://bp-resource-dfl.bestv.cn/155/3/video.m3u8
华丽翡翠台,http://r.jdshipin.com/thuYX
HOY TV,http://r.jdshipin.com/sFw4S
咪咕视频4K,http://r.jdshipin.com/ln4xk
咪咕视频4K-2,http://r.jdshipin.com/Lqdwf
凤凰卫视,http://api.kkitv.itv888.vip:8080/streams/vny1wblsnch/index.m3u8
翡翠台 backup,http://api.kkitv.itv888.vip:8080/streams/jutaw8wu0j9/index.m3u8
iNews新闻台,http://api.kkitv.itv888.vip:8080/streams/o0ey7z1y0y/index.m3u8
HOY资讯台,http://api.kkitv.itv888.vip:8080/streams/o6fp2zqodp/index.m3u8
RHK 31,http://api.kkitv.itv888.vip:8080/streams/au9u4ktua3t/index.m3u8
RHK 32,http://api.kkitv.itv888.vip:8080/streams/emzampd6m1i/index.m3u8
VIUTV1,http://api.kkitv.itv888.vip:8080/streams/i76tznm59xp/index.m3u8
Viu6,http://api.kkitv.itv888.vip:8080/streams/bvdslcl5cts/index.m3u8
珠江卫视,http://iptv.4666888.xyz/iptv2A.php?id=19
星空国际,http://iot-mqqt.111yao.cn:8080/live/diyp_starmovies.m3u8
华丽翡翠台,http://cdn9.163189.xyz/smt1.1.php?id=Tvbjade
星空卫视,http://iot-mqqt.111yao.cn:8080/live/diyp_xingkong.m3u8
环球电视,http://utv1.hqtvzb.com:9999/hls/world.m3u8
中天娱乐,https://gdfire2.67890123.cn:8088/live/ztxw201.m3u8
三立综合,http://live4play.uk/livehttpplay?channel_id=12038
三立都会,http://live4play.uk/livehttpplay?channel_id=20100
年代新闻,http://198.16.100.186:8278/niandainews_twn/playlist.m3u8?tid=MBCB9184423891844238&ct=19249&tsum=ac0331d98099429b19c53fe6d20972ec
东森戏剧,http://live4play.uk/livehttpplay?channel_id=20072
纬来精采,http://61.221.215.25:8800/hls/48/index.m3u8
大立电视台,http://www.dalitv.com.tw:4568/live/dali/index.m3u8
人间卫视,http://61.216.67.119:1935/bltvhd/bltv1/chunklist_w1266569526.m3u
CAT电影,http://litv.zapi.us.kg/?id=4gtv-4gtv076
HOY78,http://cdn.163189.xyz/live/hoy/stream.m3u8
DAZN体育1,rtmp://f13h.mine.nu/sat/tv731
ELEVEN体育1,https://stream1.freetv.fun/eltaai-er-da-ti-yu--1--wj-1.ctv
ELEVEN体育2,https://stream1.freetv.fun/eltaai-er-da-ti-yu--2--wj-1.ctv
ELEVEN体育3,https://stream1.freetv.fun/eltaai-er-da-ti-yu--3--wj-1.ctv
半岛新闻,#http://live-hls-web-aje.getaj.net/AJE/01.m3u8
韩国电影1,https://stream.ads.ottera.tv/playlist.m3u8?network_id=595
韩国电影2,https://stream.ads.ottera.tv/playlist.m3u8?network_id=743
凤凰卫视台,http://php.jdshipin.com/TVOD/iptv.php?id=fhzw
HOY TV,http://php.jdshipin.com/TVOD/iptv.php?id=hoytv
爱奇艺,http://php.jdshipin.com/smt.php?id=Qiyi
Astro欢喜台,http://php.jdshipin.com/smt.php?id=Huahee
华丽翡翠台,http://php.jdshipin.com/TVOD/iptv.php?id=huali2
TVB生活台,http://php.jdshipin.com/TVOD/iptv.php?id=tvbsh
NOW NEWS,http://cdn.163189.xyz/163189/now
iHOT 爱幼教,http://111.22.153.159:35455/itv/2000000004000000049.m3u8?cdn=hnbblive
NewTV 魅力潇湘,http://[2409:8087:5e00:24::2d]:6610/000000001000/1/1000000001000006197/index.m3u8?channel-id=ystenlive&Contentid=1000000001000006197&livemode=1&stbId=YanG-1989
NewTV 动作电影,http://39.134.182.166/hwltc.tv.cdn.zj.chinamobile.com/PLTV/88888888/224/3221236183/index.m3u8
NewTV 惊悚悬疑,http://[2409:8087:5e00:24::2d]:6610/000000001000/1/1000000004000024282/index.m3u8?channel-id=ystenlive&Contentid=1000000004000024282&livemode=1&stbId=YanG-1989
NewTV 精品记录,http://[2409:8087:5e00:24::2d]:6610/000000001000/1/1000000004000013730/index.m3u8?channel-id=ystenlive&Contentid=1000000004000013730&livemode=1&stbId=YanG-1989
咪咕赛事4k-1,http://vip.lqcc.xyz:35455/itv/3000000010000005180.m3u8?cdn=FifastbLive
咪咕赛事4k-2,http://vip.lqcc.xyz:35455/itv/3000000010000015686.m3u8?cdn=FifastbLive
咪咕赛事播01,http://vip.lqcc.xyz:35455/itv/3000000001000005308.m3u8?cdn=FifastbLive
咪咕赛事播02,http://vip.lqcc.xyz:35455/itv/3000000001000005969.m3u8?cdn=FifastbLive
咪咕赛事播03,http://vip.lqcc.xyz:35455/itv/3000000001000007218.m3u8?cdn=FifastbLive
咪咕赛事播04,http://vip.lqcc.xyz:35455/itv/3000000001000008001.m3u8?cdn=FifastbLive
咪咕赛事播05,http://vip.lqcc.xyz:35455/itv/3000000001000008176.m3u8?cdn=FifastbLive
咪咕赛事播06,http://vip.lqcc.xyz:35455/itv/3000000001000008379.m3u8?cdn=FifastbLive
咪咕赛事播07,http://vip.lqcc.xyz:35455/itv/3000000001000010129.m3u8?cdn=FifastbLive
咪咕赛事播08,http://vip.lqcc.xyz:35455/itv/3000000001000010948.m3u8?cdn=FifastbLive
咪咕赛事播09,http://vip.lqcc.xyz:35455/itv/3000000001000026778.m3u8?cdn=FifastbLive
咪咕赛事播10,http://vip.lqcc.xyz:35455/itv/3000000001000028638.m3u8?cdn=FifastbLive
咪咕赛事播11,http://vip.lqcc.xyz:35455/itv/3000000001000031494.m3u8?cdn=FifastbLive
咪咕赛事播12,http://vip.lqcc.xyz:35455/itv/3000000010000000097.m3u8?cdn=FifastbLive
咪咕赛事播13,http://vip.lqcc.xyz:35455/itv/3000000010000002019.m3u8?cdn=FifastbLive
咪咕赛事播14,http://vip.lqcc.xyz:35455/itv/3000000010000002032.m3u8?cdn=FifastbLive
咪咕赛事播15,http://vip.lqcc.xyz:35455/itv/3000000010000002809.m3u8?cdn=FifastbLive
咪咕赛事播16,http://vip.lqcc.xyz:35455/itv/3000000010000003915.m3u8?cdn=FifastbLive
咪咕赛事播17,http://vip.lqcc.xyz:35455/itv/3000000010000004193.m3u8?cdn=FifastbLive
咪咕赛事播18,http://vip.lqcc.xyz:35455/itv/3000000010000004464.m3u8?cdn=FifastbLive
咪咕赛事播19,http://vip.lqcc.xyz:35455/itv/3000000010000005837.m3u8?cdn=FifastbLive
咪咕赛事播20,http://vip.lqcc.xyz:35455/itv/3000000010000006077.m3u8?cdn=FifastbLive
咪咕赛事播21,http://vip.lqcc.xyz:35455/itv/3000000010000006658.m3u8?cdn=FifastbLive
咪咕赛事播22,http://vip.lqcc.xyz:35455/itv/3000000010000006944.m3u8?cdn=FifastbLive
咪咕赛事播23,http://vip.lqcc.xyz:35455/itv/3000000010000007692.m3u8?cdn=FifastbLive
咪咕赛事播24,http://vip.lqcc.xyz:35455/itv/3000000010000009788.m3u8?cdn=FifastbLive
咪咕赛事播25,http://vip.lqcc.xyz:35455/itv/3000000010000010833.m3u8?cdn=FifastbLive
咪咕赛事播26,http://vip.lqcc.xyz:35455/itv/3000000010000011112.m3u8?cdn=FifastbLive
咪咕赛事播27,http://vip.lqcc.xyz:35455/itv/3000000010000011297.m3u8?cdn=FifastbLive
咪咕赛事播28,http://vip.lqcc.xyz:35455/itv/3000000010000011518.m3u8?cdn=FifastbLive
咪咕赛事播29,http://vip.lqcc.xyz:35455/itv/3000000010000011763.m3u8?cdn=FifastbLive
咪咕赛事播30,http://vip.lqcc.xyz:35455/itv/3000000010000011873.m3u8?cdn=FifastbLive
咪咕赛事播31,http://vip.lqcc.xyz:35455/itv/3000000010000012398.m3u8?cdn=FifastbLive
咪咕赛事播32,http://vip.lqcc.xyz:35455/itv/3000000010000012450.m3u8?cdn=FifastbLive
咪咕赛事播33,http://vip.lqcc.xyz:35455/itv/3000000010000012558.m3u8?cdn=FifastbLive
咪咕赛事播34,http://vip.lqcc.xyz:35455/itv/3000000010000012616.m3u8?cdn=FifastbLive
咪咕赛事播35,http://vip.lqcc.xyz:35455/itv/3000000010000015470.m3u8?cdn=FifastbLive
咪咕赛事播36,http://vip.lqcc.xyz:35455/itv/3000000010000015560.m3u8?cdn=FifastbLive
咪咕赛事播37,http://vip.lqcc.xyz:35455/itv/3000000010000017389.m3u8?cdn=FifastbLive
咪咕赛事播38,http://vip.lqcc.xyz:35455/itv/3000000010000017678.m3u8?cdn=FifastbLive
咪咕赛事播39,http://vip.lqcc.xyz:35455/itv/3000000010000017997.m3u8?cdn=FifastbLive
咪咕赛事播40,http://vip.lqcc.xyz:35455/itv/3000000010000019380.m3u8?cdn=FifastbLive
咪咕赛事播41,http://vip.lqcc.xyz:35455/itv/3000000010000019839.m3u8?cdn=FifastbLive
咪咕赛事播42,http://vip.lqcc.xyz:35455/itv/3000000010000020168.m3u8?cdn=FifastbLive
咪咕赛事播43,http://vip.lqcc.xyz:35455/itv/3000000010000021904.m3u8?cdn=FifastbLive
咪咕赛事播44,http://vip.lqcc.xyz:35455/itv/3000000010000023434.m3u8?cdn=FifastbLive
咪咕赛事播45,http://vip.lqcc.xyz:35455/itv/3000000010000024205.m3u8?cdn=FifastbLive
咪咕赛事播46,http://vip.lqcc.xyz:35455/itv/3000000010000024691.m3u8?cdn=FifastbLive
咪咕赛事播47,http://vip.lqcc.xyz:35455/itv/3000000010000025380.m3u8?cdn=FifastbLive
咪咕赛事播48,http://vip.lqcc.xyz:35455/itv/3000000010000025943.m3u8?cdn=FifastbLive
咪咕赛事播49,http://vip.lqcc.xyz:35455/itv/3000000010000027318.m3u8?cdn=FifastbLive
咪咕赛事播50,http://vip.lqcc.xyz:35455/itv/3000000010000027638.m3u8?cdn=FifastbLive
咪咕赛事播51,http://vip.lqcc.xyz:35455/itv/3000000010000027691.m3u8?cdn=FifastbLive
咪咕赛事播52,http://vip.lqcc.xyz:35455/itv/3000000010000031669.m3u8?cdn=FifastbLive
咪咕赛事播53,http://vip.lqcc.xyz:35455/itv/3000000010000032106.m3u8?cdn=FifastbLive
喜羊羊与灰太狼,https://live.ottiptv.cc/huya/23865080
精灵宝可梦,https://live.ottiptv.cc/huya/23749096
名侦探柯南,https://live.ottiptv.cc/huya/30080236
周星驰电影,https://live.metshop.top/huya/11342412
林正英电影,https://live.metshop.top/huya/11342421
刘德华电影,https://live.metshop.top/huya/11342424
古天乐电影,https://live.metshop.top/huya/29982675
成龙电影,https://live.metshop.top/huya/11342386
李连杰电影,https://live.metshop.top/huya/11342390
甄子丹电影,https://live.metshop.top/huya/11352935
沈腾电影,https://live.metshop.top/huya/11601968
黄渤电影,https://live.metshop.top/huya/11352876
强森电影,https://live.metshop.top/huya/21059581
王晶电影,https://live.metshop.top/huya/11602058
金庸武侠,https://live.metshop.top/huya/11342435
功夫电影,https://live.metshop.top/huya/11352941
贺岁电影,https://live.metshop.top/huya/11601986
怪兽电影,https://live.metshop.top/huya/21059577
武侠电影,https://live.metshop.top/huya/11342427
玄幻电影,https://live.metshop.top/huya/11342414
罪犯电影,https://live.metshop.top/huya/11352962
战争电影,https://live.metshop.top/huya/21059574
谍战电影,https://live.metshop.top/huya/21059585
枪战电影,https://live.metshop.top/huya/21059579
狄仁杰电影,https://live.metshop.top/huya/30080229
末日电影合集,https://live.ottiptv.cc/yy/1354889019
宇宙科幻合集,https://live.metshop.top/huya/11342428
古装武侠,http://www.goodiptv.club/douyu/2793084
邵氏影院,http://www.goodiptv.club/douyu/4246519
冰冰影剧,http://www.goodiptv.club/douyu/74374
刀刀影院,http://www.goodiptv.club/douyu/747764
华语影视,http://www.goodiptv.club/douyu/3928
斗鱼港剧,http://www.goodiptv.club/douyu/5061550
橙记港剧,http://www.goodiptv.club/douyu/4549169
经典剧集,http://www.goodiptv.club/douyu/6863367
热门港剧,http://www.goodiptv.club/douyu/5522351
贝爷求生,http://www.goodiptv.club/douyu/9661369
延禧攻略,https://live.ottiptv.cc/huya/26355864
琅琊榜,#http://zby.xjqxz.top/lyb/live.m3u8
新三国,https://live.ottiptv.cc/huya/11352944
新水浒传,https://live.ottiptv.cc/huya/11342384
新三国（斗鱼）,https://live.ottiptv.cc/douyu/5908256
少年包青天第一部,https://live.ottiptv.cc/yy/1356043677
少年包青天第一部,https://live.ottiptv.cc/huya/11352958
少年包青天第二部,https://live.ottiptv.cc/huya/11342425
少年包青天第三部,https://live.ottiptv.cc/yy/1382736814
神探狄仁杰第一部,https://live.ottiptv.cc/yy/1354930934
神探狄仁杰第二部,https://live.ottiptv.cc/douyu/12655359
神探狄仁杰第三部,https://live.ottiptv.cc/douyu/6027991
爱情公寓,https://live.ottiptv.cc/huya/11336726
爱情公寓（斗鱼）,https://live.ottiptv.cc/douyu/4105989
亮剑,https://live.ottiptv.cc/huya/30080238
雪豹,https://live.ottiptv.cc/huya/29580970
特种兵之火凤凰,https://live.ottiptv.cc/huya/29982636
士兵突击,https://live.ottiptv.cc/huya/11342430
笑傲江湖,https://live.ottiptv.cc/huya/26355790
神雕侠侣,https://live.ottiptv.cc/huya/11352964
天龙八部,https://live.ottiptv.cc/huya/20985816
倚天屠龙记,https://live.ottiptv.cc/huya/11342403
铁齿铜牙纪晓岚,https://live.ottiptv.cc/huya/11342396
康熙王朝,https://live.ottiptv.cc/huya/11352940
陈情令,https://live.ottiptv.cc/huya/29465862
庆余年,https://live.ottiptv.cc/huya/11352960
鬼吹灯之精绝古城,https://live.ottiptv.cc/huya/11352871
鬼吹灯之怒晴湘西,https://live.ottiptv.cc/huya/11602075
鬼吹灯之龙岭迷窟,https://live.ottiptv.cc/huya/29465863
鬼吹灯之云南虫谷,https://live.ottiptv.cc/huya/11352898
伪装者,https://live.ottiptv.cc/yy/1354936244
西游记后传,https://live.ottiptv.cc/yy/1353392400
隋唐英雄传,https://live.ottiptv.cc/yy/1352475619
仙剑奇侠传,https://live.ottiptv.cc/yy/1382749903
西游记续集,https://live.ottiptv.cc/douyu/3113309
我是特种兵之利刃出鞘,https://live.ottiptv.cc/yy/37999586
狂飙,https://live.ottiptv.cc/yy/1355142167
三国演义,https://live.ottiptv.cc/huya/11602081
西游记,https://live.ottiptv.cc/huya/26355861
新白娘子传奇,https://live.ottiptv.cc/yy/1354490667
乌龙闯情关,https://live.ottiptv.cc/huya/26355767
柳舟计,https://live.ottiptv.cc/huya/23860039
与凤行,https://live.ottiptv.cc/huya/26355866
大秦赋,https://live.ottiptv.cc/huya/23903130
永夜星河,https://live.ottiptv.cc/huya/23734169
流水迢迢,https://live.ottiptv.cc/huya/23865036
唐诡之西行,https://live.ottiptv.cc/huya/26355763
玫瑰的故事,https://live.ottiptv.cc/huya/23865142
梦中的那片海,https://live.ottiptv.cc/huya/26355765
知否知否,https://live.ottiptv.cc/yy/21881901
父母爱情,https://live.ottiptv.cc/yy/1354926650
欢乐颂,https://live.ottiptv.cc/yy/1382735624
康熙微服私访记,https://live.ottiptv.cc/huya/11342418
如懿传,https://live.ottiptv.cc/huya/29465868
芈月传,https://live.ottiptv.cc/huya/11352975
楚汉骄雄,https://live.metshop.top/huya/29465854
寻秦记,https://live.metshop.top/huya/29465848
封神榜,https://live.metshop.top/huya/29465849
西游记2,https://live.metshop.top/huya/29465859
鹿鼎记,https://live.ottiptv.cc/yy/28265277
大唐双龙传,https://live.metshop.top/huya/29465850
神雕侠侣,http://live.ottiptv.cc/yy/1351762426
天龙八部,https://live.ottiptv.cc/yy/1351814644
射雕英雄传,https://live.metshop.top/huya/23824164
倚天屠龙记,https://live.metshop.top/huya/23734246
笑傲江湖,https://live.metshop.top/huya/23865142
活佛济公3,https://live.metshop.top/huya/23903123
无心法师,https://live.metshop.top/huya/30080233
谈判专家,https://live.ottiptv.cc/yy/1382735560
刑事侦缉档案,https://live.metshop.top/huya/29465856
法政先锋,https://live.metshop.top/huya/23863804
洗冤录,https://live.metshop.top/huya/29465851
陀枪师姐,https://live.metshop.top/huya/29465857
使徒行者,https://live.metshop.top/huya/23734256
鉴证实录,https://live.metshop.top/huya/23903183
金枝欲孽,https://live.metshop.top/huya/29465847
扫黄先锋,https://live.metshop.top/huya/29465855
创世纪,https://live.metshop.top/huya/29465852
妙手仁心,https://live.metshop.top/huya/29465853
大时代,https://live.metshop.top/huya/23865161
野蛮亲家,https://live.metshop.top/huya/23863796
笑看风云,https://live.metshop.top/huya/29465858
倩女幽魂妖魔道,http://jsmov2.a.yximgs.com/bs3/video-hls/5232901391302199073_hlsb.m3u8
倩女幽魂人间道,http://jsmov2.a.yximgs.com/bs3/video-hls/5250634317044855747_hlsb.m3u8
倩女幽魂道道道,http://jsmov2.a.yximgs.com/bs3/video-hls/5216294367991385255_hlsb.m3u8
人在囧途,https://vip.ffzy-play.com/20221018/1953_2d6ba500/index.m3u8
人在囧途之泰囧,https://vip.ffzy-play.com/20221018/1951_47e1adc8/index.m3u8
人在囧途之港囧,https://vip.ffzy-play7.com/20230112/11082_fde1a94d/index.m3u8
拆弹专家1,https://vip.ffzy-online.com/20221015/719_80ff87c2/index.m3u8
拆弹专家2,https://vip.ffzy-online.com/20221015/722_e32c42bc/index.m3u8
寒战,https://vip.ffzy-play6.com/20221019/157_bf0740ee/index.m3u8
我不是药神,https://vip.ffzy-play1.com/20221018/478_c3afed66/index.m3u8
让子弹飞,https://vip.ffzy-play7.com/20230116/11563_b9f44814/index.m3u8
龙门飞甲,http://jsmov2.a.yximgs.com/bs3/video-hls/5203346449046555193_hlsb.m3u8
BRTV纪实科教,http://120.76.248.139/live/bfgd/4200000113.m3u8
BRTV卡酷少儿,http://rrs01.hw.gmcc.net:8088/PLTV/81/224/3221226677/1.m3u8
BRTV新闻,http://[2409:8087:1:20:20::2a]/otttv.bj.chinamobile.com/PLTV/88888888/224/3221226437/1.m3u8?GuardEncType=2&accountinfo=%7E%7EV2.0%7EncK5uEAdYwWMsf8WJWI1mQ%7E_eNUbgU9sJGUcVVduOMKhafLvQUgE_zlz_7pvDimJNO_LSIQh_h2P54Cz-MqgJqC%2CEND
BRTV影视,https://hsplay-360.v.btime.com/live_btime/btv_sn_20170706_s4/index.m3u8?time=1742954511&sign=5241ba5667bd08639fd195ea9db6da5a
BRTV文艺,https://hsplay-360.v.btime.com/live_btime/btv_sn_20170706_s2/index.m3u8?time=1742954441&sign=36eca1b00f7de9e79ecc4449bcaa35d5
BRTV财经,http://[2409:8087:1:20:20::2a]/otttv.bj.chinamobile.com/PLTV/88888888/224/3221226516/1.m3u8?GuardEncType=2&accountinfo=%7E%7EV2.0%7Eh9_SEkmWeMdS1TMnIILZgg%7E_eNUbgU9sJGUcVVduOMKhafLvQUgE_zlz_7pvDimJNPIiicEW7OIvk1s-X-PXHqO%2CEND
BRTV生活,http://[2409:8087:1:20:20::2a]/otttv.bj.chinamobile.com/PLTV/88888888/224/3221226514/1.m3u8?GuardEncType=2&accountinfo=%7E%7EV2.0%7Es-PVNcPJsjr_oBdcXGT40g%7E_eNUbgU9sJGUcVVduOMKhafLvQUgE_zlz_7pvDimJNMWvZ0r6eMXcXJOGrCpJiq1%2CEND
BRTV体育休闲,http://smjdenny.eu.org:35455/bptv/10000100000000050000000003870779.m3u8
BRTV国际频道,http://[2409:8087:1:20:20::2a]/otttv.bj.chinamobile.com/PLTV/88888888/224/3221226510/1.m3u8?GuardEncType=2&accountinfo=%7E%7EV2.0%7EIfgL7tTUNqHAIdgvKuwj8A%7E_eNUbgU9sJGUcVVduOMKhafLvQUgE_zlz_7pvDimJNPr9j5nfyiWS_jEXD6m401A%2CEND
北京4K超清,http://[2409:8087:1:20:20::26]/otttv.bj.chinamobile.com/PLTV/88888888/224/3221226550/1.m3u8?GuardEncType=2&accountinfo=~~V2.0~e2qS8h6u-xp3gd50vNr1sw~_eNUbgU9sJGUcVVduOMKhafLvQUgE_zlz_7pvDimJNPPFD3HVWEytEVyliOxehfe%2CEND
优优宝贝,http://120.76.248.139/live/bfgd/4200000153.m3u8
中华特产,http://120.76.248.139/live/bfgd/4200000158.m3u8
生态环境,http://120.76.248.139/live/bfgd/4200000149.m3u8
车迷频道,http://120.76.248.139/live/bfgd/4200000146.m3u8
纪实人文,http://8.138.7.223/tv/shtv.php?id=xjs
萧山综合,http://l.cztvcloud.com/channels/lantian/SXxiaoshan1/720p.m3u8
长沙女性,http://tvbox6.icu/tv/mgtv.php?id=230
四川新闻,http://wouu.net:9977/udp/239.93.0.47:5140
峨眉电影,http://wouu.net:9977/udp/239.93.1.54:5140
四川妇女儿童,http://wouu.net:9977/udp/239.93.0.219:5140
沙湾融媒,http://tvfile.swrmt.com:80/nmip-media/channellive/channel100064/playlist.m3u8
辽宁公共,http://dassby.qqff.top:99/live/辽宁公共/index.m3u8
辽宁影视,http://dassby.qqff.top:99/live/辽宁影视剧/index.m3u8
辽宁青少,http://dassby.qqff.top:99/live/辽宁教育青少/index.m3u8
辽宁公共,http://120.76.248.139/live/bfgd/4200000077.m3u8
辽宁公共,http://120.76.248.139/live/bfgd/4200000481.m3u8
广东大湾区,http://222.128.55.152:9080/live/dwq.m3u8
番禺综合,http://video.epaper.pybtv.cn:8080/live/rtmp_live_demo.flv
河源公共,http://tmpstream.hyrtv.cn/hygg/sd/live.m3u8
江苏新闻,http://20240504.shunyue1809.com:6321/udp/239.49.8.120:8000
文物宝库,http://www.lizhinas.top:1009/rtp/239.252.220.158:5140
河南乡村,http://www.cdnstv.com:6398/hls/1116/index.m3u8
河南戏曲,http://www.cdnstv.com:6398/hls/1119/index.m3u8
河南法治,http://www.cdnstv.com:6398/hls/1112/index.m3u8
收藏天下,http://www.cdnstv.com:6398/hls/1118/index.m3u8
中华功夫,http://www.cdnstv.com:6398/hls/1120/index.m3u
河南法治,http://1.94.31.214/php/hntv.php?id=hmfz
河南乡村,http://1.94.31.214/php/hntv.php?id=hnxc
河南国际,http://1.94.31.214/php/hntv.php?id=hngj
河南梨园,http://1.94.31.214/php/hntv.php?id=hnly
文物宝库,http://1.94.31.214/php/hntv.php?id=wwbk
睛彩中原,http://1.94.31.214/php/hntv.php?id=jczy
移动戏曲,http://1.94.31.214/php/hntv.php?id=ydxj
象视界,http://1.94.31.214/php/hntv.php?id=xsj
河北杂技,http://vip.lqcc.xyz:15511/rtp/239.254.201.139:7203
邢台生活,https://jwcdnqx.hebyun.com.cn/live/xtcsshpd/1500k/tzwj_video.m3u8
石家庄城市服务,http://nn.7x9d.cn/石家庄.php?id=5
石家庄文化娱乐,http://nn.7x9d.cn/石家庄.php?id=6
邯郸公共频道,https://jwcdnqx.hebyun.com.cn/live/hdgg/1500k/tzwj_video.m3u8
鹿泉二套,https://jwcdnqx.hebyun.com.cn/live/luquaner/1500k/tzwj_video.m3u8
西部电影,http://112.46.105.20:8009/hls/62/index.m3u8
新闻咨询,http://112.46.105.20:8009/hls/18/index.m3u8
都市青春,http://112.46.105.20:8009/hls/19/index.m3u8
陕西银龄,http://112.46.105.20:8009/hls/20/index.m3u8
陕西秦腔,http://112.46.105.20:8009/hls/22/index.m3u8
乐家购物,http://112.46.105.20:8009/hls/23/index.m3u8
西安新闻,http://112.46.105.20:8009/hls/28/index.m3u8
西安都市,http://112.46.105.20:8009/hls/29/index.m3u8
长影频道,http://tpc.x3322.net:9901/tsfile/live/1010_1.m3u8
武汉电视剧,http://stream.appwuhan.com/2tzb/sd/live.m3u8
武汉科技生活,http://stream.appwuhan.com/3tzb/sd/live.m3u8
福建乡村振兴公共,http://8.138.7.223/tv/fjtv1.php?id=fjxc
福州新闻综合,http://8.138.7.223/tv/fjtv1.php?id=fz1
泉州新闻综合,http://8.138.7.223/tv/fjtv1.php?id=qz1
三明综合,http://8.138.7.223/tv/fjtv1.php?id=sm1
莆田综合,http://8.138.7.223/tv/fjtv1.php?id=pt1
南平综合,http://8.138.7.223/tv/fjtv1.php?id=np1
宁德新闻综合,http://8.138.7.223/tv/fjtv1.php?id=nd1
平潭综合,http://8.138.7.223/tv/fjtv1.php?id=pttv
黑龙江公共农村,http://ottrrs.hl.chinamobile.com/PLTV/88888888/224/3221225994/index.m3u8
宁夏文旅,https://hls.ningxiahuangheyun.com/live/nxwl1M.m3u8
甘肃公共应急,https://hls.gstv.com.cn/49048r/3t5xyc.m3u8
甘肃文化影视,https://hls.gstv.com.cn/49048r/w1l6d5.m3u8
赣州新闻,https://pili-live-hls-sjxgz2024.sobeylive.com/jxgz2024/396_q_live172526329228525.m3u8
赣州新闻综合,http://play-live-hls.jxtvcn.com.cn/live/tv_ganzhou.m3u8
赣州公共,https://pili-live-hls-sjxgz2024.sobeylive.com/jxgz2024/396_q_live172526334096251.m3u8
赣州教育,https://pili-live-hls-sjxgz2024.sobeylive.com/jxgz2024/396_q_live172526335287668.m3u8
1983年春晚,http://txmov2.a.kwimgs.com/bs3/video-hls/5207287136834522947_hlshd15.m3u8
1984年春晚,https://txmov2.a.kwimgs.com/bs3/video-hls/5229242184269609742_hlshd15.m3u8
1985年春晚,http://txmov2.a.kwimgs.com/bs3/video-hls/5227271857652377954_hlshd15.m3u8
1986年春晚,https://txmov2.a.kwimgs.com/bs3/video-hls/5231493982164619599_hlshd15.m3u8
1987年春晚,https://txmov2.a.kwimgs.com/bs3/video-hls/5195746663405928031_hlsb.m3u8
1988年春晚,https://txmov2.a.kwimgs.com/bs3/video-hls/5216575810935394655_hlsb.m3u8
1989年春晚,https://txmov2.a.kwimgs.com/bs3/video-hls/5194620763762726260_hlsb.m3u8
1992年春晚,https://txmov2.a.kwimgs.com/bs3/video-hls/5256826755663896297_hlshd15.m3u8
1993年春晚,https://alimov2.a.kwimgs.com/upic/2023/01/13/22/BMjAyMzAxMTMyMjEwMDNfNDAzMDAxOTlfOTM1MTIzMzYwODJfMF8z_b_B647d10e431b4cc5e48e6c77347d69021.mp4
1994年春晚,https://alimov2.a.kwimgs.com/upic/2023/01/13/22/BMjAyMzAxMTMyMjEwMDNfNDAzMDAxOTlfOTM1MTIzMzYxMjNfMF8z_b_B3dde97f36273f04403d4dc5eec611a35.mp4
1995年春晚,https://alimov2.a.kwimgs.com/upic/2023/01/13/20/BMjAyMzAxMTMyMDA5MjJfNDAzMDAxOTlfOTM0OTkwNDQwNzVfMF8z_b_B811c0dec6b9a3d3074a18522c185010a.mp4
1996年春晚,https://alimov2.a.kwimgs.com/upic/2023/01/13/22/BMjAyMzAxMTMyMjEwMDNfNDAzMDAxOTlfOTM1MTIzMzYxNTJfMF8z_b_Bd841eae10ab1c9955ef55fbedfae6c45.mp4
1997年春晚,https://txmov2.a.kwimgs.com/bs3/video-hls/5230649583590411879_hlshd15.m3u8
1998年春晚,https://txmov2.a.kwimgs.com/bs3/video-hls/5225864507896315430_hlshd15.m3u8
1999年春晚,https://txmov2.a.kwimgs.com/bs3/video-hls/5258234133675308186_hlshd15.m3u8
2000年春晚,https://alimov2.a.kwimgs.com/upic/2023/01/13/21/BMjAyMzAxMTMyMTE4MzRfNDAzMDAxOTlfOTM1MDY4ODIxMTNfMF8z_b_Bdddf4e7ef0ff6cfd477857bb40e78419.mp4
2001年春晚,https://alimov2.a.kwimgs.com/upic/2023/01/13/20/BMjAyMzAxMTMyMDA5MjJfNDAzMDAxOTlfOTM0OTkwNDQyMDFfMF8z_b_B70592cb7c4054e9cabb675e849bbf4bd.mp4
2002年春晚,https://alimov2.a.kwimgs.com/upic/2023/01/13/21/BMjAyMzAxMTMyMTE4MzRfNDAzMDAxOTlfOTM1MDY4ODIxNDdfMF8z_b_Ba6271d10b7e6cfae83759033a091f257.mp4
2003年春晚,https://alimov2.a.kwimgs.com/upic/2023/01/14/23/BMjAyMzAxMTQyMzQxNDdfNDAzMDAxOTlfOTM2MTU0MTk1NDFfMF8z_b_B182749d2cd2ea9323639254af385f24b.mp4
2004年春晚,https://alimov2.a.kwimgs.com/upic/2023/01/13/21/BMjAyMzAxMTMyMTE4MzRfNDAzMDAxOTlfOTM1MDY4ODIxOTVfMF8z_b_B86c4430b82ff5a7f4e8132f6ee558536.mp4
2005年春晚,https://alimov2.a.kwimgs.com/upic/2023/01/13/20/BMjAyMzAxMTMyMDA5MjJfNDAzMDAxOTlfOTM0OTkwNDQyMzhfMF8z_b_B35ad7cc86aec8fc9e5ddfb31fc7bed63.mp4
2006年春晚,https://alimov2.a.kwimgs.com/upic/2023/01/13/20/BMjAyMzAxMTMyMDA5MjJfNDAzMDAxOTlfOTM0OTkwNDQyNzlfMF8z_b_Bbc3703fc331dc994c50859c19aad28ff.mp4
2007年春晚,https://alimov2.a.kwimgs.com/upic/2023/01/13/20/BMjAyMzAxMTMyMDA5MjJfNDAzMDAxOTlfOTM0OTkwNDQzMjNfMF8z_b_B00b069c7899976459ceeaa99353dfefe.mp4
2008年春晚,https://txmov2.a.kwimgs.com/bs3/video-hls/5210946337266019890_hlshd15.m3u8
2009年春晚,https://alimov2.a.kwimgs.com/upic/2023/01/13/20/BMjAyMzAxMTMyMDA5MjJfNDAzMDAxOTlfOTM0OTkwNDQzOTBfMF8z_b_B29a36a85e0277f6c2a1f033ef7c10708.mp4
2010年春晚,https://alimov2.a.kwimgs.com/upic/2023/01/13/20/BMjAyMzAxMTMyMDA5MjJfNDAzMDAxOTlfOTM0OTkwNDQ0MjlfMF8z_b_B8818807a00eed329a69fb494f405bd43.mp4
2011年春晚,https://txmov2.a.kwimgs.com/bs3/video-hls/5243597434070590481_hlshd15.m3u8
2012年春晚,https://txmov2.a.kwimgs.com/bs3/video-hls/5219953534755647343_hlshd15.m3u8
2013年春晚,https://alimov2.a.kwimgs.com/upic/2023/01/13/20/BMjAyMzAxMTMyMDA5MjJfNDAzMDAxOTlfOTM0OTkwNDQ1NjNfMF8z_b_B4fea55408dca4471a68a963ae096be59.mp4
2014年春晚,https://alimov2.a.kwimgs.com/upic/2023/01/06/16/BMjAyMzAxMDYxNjMxMTNfNDAzMDAxOTlfOTI4OTY2ODAzNjlfMF8z_b_Bdee65c77f9e7b2120a185c919dad81d2.mp4
2015年春晚,https://txmov2.a.kwimgs.com/bs3/video-hls/5248101009010430183_hlshd15.m3u8
2016年春晚,https://txmov2.a.kwimgs.com/bs3/video-hls/5238530884094441260_hlshd15.m3u8
2017年春晚,https://txmov2.a.kwimgs.com/bs3/video-hls/5191524564569524830_hlshd15.m3u8
2018年春晚,https://alimov2.a.kwimgs.com/upic/2023/01/06/16/BMjAyMzAxMDYxNjMxMTRfNDAzMDAxOTlfOTI4OTY2ODE2MTBfMF8z_b_B11a778e34390a21de42d407e94f45b91.mp4
2019年春晚,https://alimov2.a.kwimgs.com/upic/2023/01/06/16/BMjAyMzAxMDYxNjMxMTRfNDAzMDAxOTlfOTI4OTY2ODE2MTBfMF8z_b_B11a778e34390a21de42d407e94f45b91.mp4
2020年春晚,https://txmov2.a.kwimgs.com/bs3/video-hls/5222205336887088723_hlshd15.m3u8
2021年春晚,https://txmov2.a.kwimgs.com/bs3/video-hls/5255700831151909807_hlshd15.m3u8
2022年春晚,https://txmov2.a.kwimgs.com/bs3/video-hls/5224457109297710655_hlshd15.m3u8
2023年春晚,https://txmov2.a.kwimgs.com/bs3/video-hls/5251197255879398624_hlshd15.m3u8
2024年春晚,https://p2.bdstatic.com/rtmp.liveshow.lss-user.baidubce.com/live/stream_bduid_6488563992_8982723413/merged_1707497046297_88536_25144_41936.m3u8
2025年春晚,https://svipsvip.ffzyread1.com/20250129/35458_c988286f/index.m3u8
2025年春晚 4K,https://svip.high24-playback.com/20250129/17159_7bca93c4/2000k/hls/mixed.m3u8
BBC,http://fl2.moveonjoy.com/BBC_WORLD_NEWS/index.m3u8
CNN,https://jmp2.uk/sam-GBBD8000016N.m3u8
CBC News,https://dbrb49pjoymg4.cloudfront.net/v1/master/3fec3e5cac39a52b2132f9c66c83dae043dc17d4/prod_default_xumo-ams-aws/master.m3u8?ads.xumo_channelId=99991276
Sky News,https://i.mjh.nz/SamsungTVPlus/USBB52000022Q.m3u8
TRT World,https://tv-trtworld.live.trt.com.tr/master_1080.m3u8
Bloomberg Asia,https://epg.pw/stream/d2edf469b9079064a283f4b0811cbf6f2597ebbb3d08dcf77036a4b5a791b7cf.m3u8
Bloomberg Originals,https://i.mjh.nz/SamsungTVPlus/GBBC900012J9.m3u8
SKY,http://streamsy.online:2999/coachj88/N93DPKS9pJ/330
KBS world,https://kbsworld-ott.akamaized.net/hls/live/2002341/kbsworld/master.m3u8
FIFA+,https://i.mjh.nz/SamsungTVPlus/USBD12000255B.m3u8
Dubai One,http://dminnvll.cdn.mangomolo.com/dubaione/smil:dubaione.stream.smil/chunklist_b1800000.m3u8
GB News,https://i.mjh.nz/SamsungTVPlus/GBBB1600008R3.m3u8
ION,https://i.mjh.nz/SamsungTVPlus/USBD300002TU.m3u8
Disney International,http://sansat.net:88/HhPRf2nAlsVeRU9/AnzgPldGC8OHsyY/96284
&Flix HD,http://89.187.177.137:8081/&FLIX/index.m3u8
Wild Planet,https://i.mjh.nz/SamsungTVPlus/GBBB5000002PL.m3u8
Clarity 4K,https://i.mjh.nz/SamsungTVPlus/USBA3800005NI.m3u8
Stadium,https://i.mjh.nz/SamsungTVPlus/USAJ3504705A.m3u8
Pop,http://streamsy.online:2999/coachj88/N93DPKS9pJ/226
Tastemade,https://i.mjh.nz/SamsungTVPlus/CABD1200002T9.m3u8
MovieSphere,https://i.mjh.nz/SamsungTVPlus/USBD17000117B.m3u8
The Lego Channel,https://i.mjh.nz/SamsungTVPlus/GBBC4300005AL.m3u8
NextUp Live Comedy,https://i.mjh.nz/SamsungTVPlus/GBBD1100012JB.m3u8
ABN China (720p),https://mediaserver.abnvideos.com/streams/abnchina.m3u8
春晚1983,https://alimov2.a.kwimgs.com/upic/2022/01/31/15/BMjAyMjAxMzExNTU5MTRfNDAzMDAxOTlfNjYyNzMxNjcwMjBfMF8z_b_Beb3bda599f76c60c463c433ca7460153.mp4
Ando TV (1080p),http://play.kankanlive.com/live/1711956137852982.m3u8
春晚1984,https://alimov2.a.kwimgs.com/upic/2022/01/31/15/BMjAyMjAxMzExNTU5NTRfNDAzMDAxOTlfNjYyNzMyMzg3MTRfMF8z_b_B192356dadbc90d207ba16964d4c2914c.mp4
Angel TV Chinese (720p),https://janya-digimix.akamaized.net/vglive-sk-999451/chinese/ngrp:angelchinese_all/playlist.m3u8
春晚1985,https://alimov2.a.kwimgs.com/upic/2022/01/31/16/BMjAyMjAxMzExNjAwMDFfNDAzMDAxOTlfNjYyNzMyNTAwMzJfMF8z_b_Be73c5abcbc0eeb2ec9fce6842e1362a4.mp4
Anhui TV,https://restream.pdtvhd.com/memfs/c1cd2ed0-3b2b-4c25-af98-a7fb0b1eb130.m3u8
春晚1986,https://alimov2.a.kwimgs.com/upic/2022/01/31/16/BMjAyMjAxMzExNjAwMDRfNDAzMDAxOTlfNjYyNzMyNTU0OTRfMF8z_b_B24f7d19f1132fa5d7f502f8377ad5567.mp4
Anshun Comprehensive News Channel,https://hplayer1.juyun.tv/camera/154379194.m3u8
春晚1987,https://alimov2.a.kwimgs.com/upic/2022/01/31/16/BMjAyMjAxMzExNjAwMDhfNDAzMDAxOTlfNjYyNzMyNjMyMDNfMF8z_b_B570493ed8f7200d4013a66b2d21b2de9.mp4
熊猫直播,https://gcwbndali.v.myalicdn.com/gcwbnd/ipanda1000_2/index.m3u8
Baicheng TV [Geo-blocked],https://stream2.jlntv.cn/baicheng1/sd/live.m3u8
春晚1988,https://alimov2.a.kwimgs.com/upic/2022/01/31/16/BMjAyMjAxMzExNjAwMTJfNDAzMDAxOTlfNjYyNzMyNjkxNjBfMF8z_b_B8c835b83a92d25bde81ba22c5cd9521e.mp4
支持作者,https://vd2.bdstatic.com/mda-sctj0f96cn79js4n/1080p/cae_h264/1774710384405617311/mda-sctj0f96cn79js4n.mp4
Beijing Satellite TV [Not 24/7],http://ivi.bupt.edu.cn/hls/btv1.m3u8
春晚1989,https://alimov2.a.kwimgs.com/upic/2022/01/31/16/BMjAyMjAxMzExNjAwMTVfNDAzMDAxOTlfNjYyNzMyNzQ2OTlfMF8z_b_Be477b27b9ce655d2372df56a5a3d96ef.mp4
春晚1990,https://cdn8.yzzy-online.com/20220704/597_e0d90c37/1000k/hls/index.m3u8
人间卫视,https://5ddce30eb4b55.streamlock.net/bltvhd/bltv1/chunklist_w511254805.m3u8
Beijing Satellite TV HD (1080p),http://go.bkpcp.top/mg/bjws
春晚1991,https://alimov2.a.kwimgs.com/upic/2022/01/31/16/BMjAyMjAxMzExNjI2MTVfNDAzMDAxOTlfNjYyNzYwNjUxNjVfMF8z_b_B8feb7b85888678d71bf37a259c6850f6.mp4
八段锦,https://vd2.bdstatic.com/mda-qdhpe2b03dwh8czp/720p_frame30/h264_cae_acd/1713471112274818510/mda-qdhpe2b03dwh8czp.mp4
人间卫视,http://61.216.67.119:1935/bltvhd/bltv1/chunklist_w1266569526.m3u
Bingtuan Satellite TV (540p) [Not 24/7],http://112.25.48.68/live/program/live/btws/1300000/mnf.m3u8
春晚1992,https://txmov2.a.kwimgs.com/bs3/video-hls/5256826755663896297_hlshd15.m3u8
奥林匹克,http://198.204.228.26/live/cctv16hd.m3u8
CHC电影,http://183.237.95.108:9901/tsfile/live/1008_1.m3u8?key=txiptv&playlive=0&authid=0
Bread TV (720p),https://video.bread-tv.com:8091/hls-live24/online/index.m3u8
春晚1993,https://alimov2.a.kwimgs.com/upic/2023/01/13/22/BMjAyMzAxMTMyMjEwMDNfNDAzMDAxOTlfOTM1MTIzMzYwODJfMF8z_b_B647d10e431b4cc5e48e6c77347d69021.mp4
奥林匹克,http://38.75.136.137:98/gslb/dsdqbv/cctv16hd.m3u8?auth=test20251009
人在囧途,https://vip.ffzy-play.com/20221018/1953_2d6ba500/index.m3u8
BRTV Kaku Childrens Channel,http://223.111.191.105/downflv.brtvcloud.com/kkkkasd/winfr.m3u8
春晚1994,https://alimov2.a.kwimgs.com/upic/2023/01/13/22/BMjAyMzAxMTMyMjEwMDNfNDAzMDAxOTlfOTM1MTIzMzYxMjNfMF8z_b_B3dde97f36273f04403d4dc5eec611a35.mp4
奥林匹克,http://192.151.150.154/live/cctv16hd.m3u8
人在囧途之泰囧,https://vip.ffzy-play.com/20221018/1951_47e1adc8/index.m3u8
CCTV+ 1 (600p) [Not 24/7],https://cd-live-stream.news.cctvplus.com/live/smil:CHANNEL1.smil/playlist.m3u8
春晚1995,https://alimov2.a.kwimgs.com/upic/2023/01/13/20/BMjAyMzAxMTMyMDA5MjJfNDAzMDAxOTlfOTM0OTkwNDQwNzVfMF8z_b_B811c0dec6b9a3d3074a18522c185010a.mp4
高尔网球,http://192.151.150.154/live/gefwq.m3u8
人在囧途之港囧,https://vip.ffzy-play7.com/20230112/11082_fde1a94d/index.m3u8
CCTV4K真4K,http://vip1.xinketongxun.fun:8082/tsfile/live/1026_1.m3u8
CCTV+ 2 (600p) [Not 24/7],https://cd-live-stream.news.cctvplus.com/live/smil:CHANNEL2.smil/playlist.m3u8
春晚1996,https://alimov2.a.kwimgs.com/upic/2023/01/13/22/BMjAyMzAxMTMyMjEwMDNfNDAzMDAxOTlfOTM1MTIzMzYxNTJfMF8z_b_Bd841eae10ab1c9955ef55fbedfae6c45.mp4
高尔网球,http://38.75.136.137:98/gslb/dsdqpub/gefwq.m3u8?auth=testpub
倚天屠龙记,https://live.metshop.top/huya/23734246
直播中国,https://gcalic.v.myalicdn.com/gc/wgw05_1/index.m3u8?contentid=2820180516001
CCTV-Billiards (1080p),http://38.75.136.137:98/gslb/dsdqpub/ystq.m3u8?auth=testpub
春晚1997,https://txmov2.a.kwimgs.com/bs3/video-hls/5230649583590411879_hlshd15.m3u8
高尔网球,http://www.qfly9236.cn:8888/rtp/239.253.92.117:8062
倩女幽魂人间道,http://jsmov2.a.yximgs.com/bs3/video-hls/5250634317044855747_hlsb.m3u8
熊猫直播,https://gcwbndali.v.myalicdn.com/gcwbnd/ipanda1000_2/index.m3u8
CCTV-Culture of Quality SD (1080p),http://38.75.136.137:98/gslb/dsdqpub/ysjp.m3u8?auth=testpub
春晚1998,https://txmov2.a.kwimgs.com/bs3/video-hls/5225864507896315430_hlshd15.m3u8
江西陶瓷,http://192.151.150.154/live/jxtv10.m3u8
倩女幽魂妖魔道,http://jsmov2.a.yximgs.com/bs3/video-hls/5232901391302199073_hlsb.m3u8
上视纪实人文,http://t.061899.xyz/tl/tl.php?id=shjsrw
CCTV-Golf & Tennis (1080p),http://38.75.136.137:98/gslb/dsdqpub/gefwq.m3u8?auth=testpub
春晚1999,https://alimov2.a.kwimgs.com/upic/2023/01/13/20/BMjAyMzAxMTMyMDA5MjJfNDAzMDAxOTlfOTM0OTkwNDQxNTRfMF8z_b_B0b5e52bc003285ef66ec0cbb2be08556.mp4
文物宝库,http://124.236.93.22:2380/hw1live.rxip.sc96655.com.huan.tv/live/wwbk_4000.m3u8
倩女幽魂道道道,http://jsmov2.a.yximgs.com/bs3/video-hls/5216294367991385255_hlsb.m3u8
珠江卫视,http://qjrhc.jydjd.top:2911/udp/224.1.100.24:11111
CCTV-Health (1080p),http://38.75.136.137:98/gslb/dsdqpub/wsjk.m3u8?auth=testpub
春晚2000,https://alimov2.a.kwimgs.com/upic/2023/01/13/21/BMjAyMzAxMTMyMTE4MzRfNDAzMDAxOTlfOTM1MDY4ODIxMTNfMF8z_b_Bdddf4e7ef0ff6cfd477857bb40e78419.mp4
文物宝库,http://home.scanflove.com:7788/rtp/235.254.199.132:7980
刑事侦缉档案,https://live.metshop.top/huya/29465856
上海卫视,http://112.27.235.94:8000/hls/28/index.m3u8
CCTV-Nostalgia Theater (1080p),http://38.75.136.137:98/gslb/dsdqpub/hjjc.m3u8?auth=testpub
春晚2001,https://alimov2.a.kwimgs.com/upic/2023/01/13/20/BMjAyMzAxMTMyMDA5MjJfNDAzMDAxOTlfOTM0OTkwNDQyMDFfMF8z_b_B70592cb7c4054e9cabb675e849bbf4bd.mp4
文物宝库,http://www.qfly9236.cn:8888/rtp/239.253.92.159:8070
刘德华电影,https://live.metshop.top/huya/11342424
Ando TV (1080p),http://play.kankanlive.com/live/1711956137852982.m3u8
CETV-01,https://zby.130519.xyz/PLTV/11/224/3221225775/index.m3u8
CCTV-Storm Football (1080p),http://38.75.136.137:98/gslb/dsdqpub/fyzq.m3u8?auth=testpub
春晚2002,https://alimov2.a.kwimgs.com/upic/2023/01/13/21/BMjAyMzAxMTMyMTE4MzRfNDAzMDAxOTlfOTM1MDY4ODIxNDdfMF8z_b_Ba6271d10b7e6cfae83759033a091f257.mp4
华数电影1,http://home.scanflove.com:7788/rtp/235.254.199.116:7980
创世纪,https://live.metshop.top/huya/29465852
Anhui TV,https://restream.pdtvhd.com/memfs/c1cd2ed0-3b2b-4c25-af98-a7fb0b1eb130.m3u8
CETV-04,https://zby.130519.xyz/PLTV/11/224/3221226153/index.m3u8
CCTV-Storm Music (1080p),http://38.75.136.137:98/gslb/dsdqpub/fyyy.m3u8?auth=testpub
春晚2003,https://alimov2.a.kwimgs.com/upic/2023/01/14/23/BMjAyMzAxMTQyMzQxNDdfNDAzMDAxOTlfOTM2MTU0MTk1NDFfMF8z_b_B182749d2cd2ea9323639254af385f24b.mp4
华数电影2,http://home.scanflove.com:7788/rtp/235.254.199.114:7980
功夫电影,https://live.metshop.top/huya/11352941
Anshun Comprehensive News Channel,https://hplayer1.juyun.tv/camera/154379194.m3u8
黑龙江视,https://zby.130519.xyz/PLTV/11/224/3221225722/index.m3u8
CCTV-Storm Theater (1080p),http://38.75.136.137:98/gslb/dsdqpub/fyjc.m3u8?auth=testpub
春晚2004,https://alimov2.a.kwimgs.com/upic/2023/01/13/21/BMjAyMzAxMTMyMTE4MzRfNDAzMDAxOTlfOTM1MDY4ODIxOTVfMF8z_b_B86c4430b82ff5a7f4e8132f6ee558536.mp4
华数电影3,http://home.scanflove.com:7788/rtp/235.254.199.81:7980
古天乐电影,https://live.metshop.top/huya/29982675
Beijing Traffic Radio TV [Geo-blocked],http://123.56.24.28:1935/live/fm1039/96K/tzwj_video.m3u8
睛彩广场,https://zby.130519.xyz/PLTV/11/224/3221226139/index.m3u8
CCTV-The First Theater (1080p),http://38.75.136.137:98/gslb/dsdqpub/dyjc.m3u8?auth=testpub
春晚2005,https://alimov2.a.kwimgs.com/upic/2023/01/13/20/BMjAyMzAxMTMyMDA5MjJfNDAzMDAxOTlfOTM0OTkwNDQyMzhfMF8z_b_B35ad7cc86aec8fc9e5ddfb31fc7bed63.mp4
华数电影4,http://home.scanflove.com:7788/rtp/235.254.199.98:7980
周星驰电影,https://live.metshop.top/huya/11342412
Beijing Youth Radio [Geo-blocked],http://audiolive.rbc.cn:1935/live/am927/96K/tzwj_video.m3u8
纪实科教8K,https://gdcucc.v1.mk/gdcucc/brtv8k.m3u8
CCTV-Weapon & Technology (1080p),http://38.75.136.137:98/gslb/dsdqpub/gfjs.m3u8?auth=testpub
春晚2006,https://alimov2.a.kwimgs.com/upic/2023/01/13/20/BMjAyMzAxMTMyMDA5MjJfNDAzMDAxOTlfOTM0OTkwNDQyNzlfMF8z_b_Bbc3703fc331dc994c50859c19aad28ff.mp4
华数电影5,http://home.scanflove.com:7788/rtp/235.254.199.99:7980
大唐双龙传,https://live.metshop.top/huya/29465850
Bread TV面包台 (720p),https://video.bread-tv.com:8091/hls-live24/online/index.m3u8
搜狐剧场,https://hdl-vip-ws.qf.56.com/live/lc_11730.flv
CCTV-Women's Fashion SD (1080p),http://38.75.136.137:98/gslb/dsdqpub/nxss.m3u8?auth=testpub
春晚2007,https://alimov2.a.kwimgs.com/upic/2023/01/13/20/BMjAyMzAxMTMyMDA5MjJfNDAzMDAxOTlfOTM0OTkwNDQzMjNfMF8z_b_B00b069c7899976459ceeaa99353dfefe.mp4
华数电影6,http://home.scanflove.com:7788/rtp/235.254.199.100:7980
大时代,https://live.metshop.top/huya/23865161
BRTV Kaku Childrens Channel,http://223.111.191.105/downflv.brtvcloud.com/kkkkasd/winfr.m3u8
新纪实,http://bp-resource-dfl.bestv.cn/155/3/video.m3u8
CCTV-World Geography SD (1080p),http://38.75.136.137:98/gslb/dsdqpub/sjdl.m3u8?auth=testpub
春晚2008,https://alimov2.a.kwimgs.com/upic/2023/01/13/20/BMjAyMzAxMTMyMDA5MjJfNDAzMDAxOTlfOTM0OTkwNDQzNTNfMF8z_b_Bd7346962e61bd7b84e11a1fa6e4616f9.mp4
华数电影7,http://home.scanflove.com:7788/rtp/235.254.199.101:7980
妙手仁心,https://live.metshop.top/huya/29465853
CETV1 (576p),http://117.161.133.51:81/gitv_live/G_CETV-1/G_CETV-1.m3u8?p=GITV
华丽翡翠台,http://r.jdshipin.com/thuYX
CETV-1 (576p),http://117.161.133.51:81/gitv_live/G_CETV-1/G_CETV-1.m3u8?p=GITV
春晚2009,https://alimov2.a.kwimgs.com/upic/2023/01/13/20/BMjAyMzAxMTMyMDA5MjJfNDAzMDAxOTlfOTM0OTkwNDQzOTBfMF8z_b_B29a36a85e0277f6c2a1f033ef7c10708.mp4
华数电视剧1,http://home.scanflove.com:7788/rtp/235.254.199.115:7980
宇宙科幻合集,https://live.metshop.top/huya/11342428
CETV2 (576p),http://117.161.133.51:81/gitv_live/G_CETV-2/G_CETV-2.m3u8?p=GITV
HOY TV,http://r.jdshipin.com/sFw4S
CETV-2 (576p),http://117.161.133.51:81/gitv_live/G_CETV-2/G_CETV-2.m3u8?p=GITV
春晚2010,https://alimov2.a.kwimgs.com/upic/2023/01/13/20/BMjAyMzAxMTMyMDA5MjJfNDAzMDAxOTlfOTM0OTkwNDQ0MjlfMF8z_b_B8818807a00eed329a69fb494f405bd43.mp4
华数电视剧2,http://home.scanflove.com:7788/rtp/235.254.199.16:7980
寒战,https://vip.ffzy-play6.com/20221019/157_bf0740ee/index.m3u8
CGTN (1080p),https://amg00405-rakutentv-cgtn-rakuten-i9tar.amagi.tv/master.m3u8
咪咕视频4K,http://r.jdshipin.com/ln4xk
Chaozhou Public Channel,http://113.64.146.48:1688/hls/4/index.m3u8
春晚2011,https://alimov2.a.kwimgs.com/upic/2023/01/16/11/BMjAyMzAxMTYxMTA3MjFfNDAzMDAxOTlfOTM3MjcyMjA3ODhfMF8z_b_B8214200efc869dc6fcf99dad619fa4c1.mp4
华数电视剧3,http://home.scanflove.com:7788/rtp/235.254.199.117:7980
寻秦记,https://live.metshop.top/huya/29465848
CGTN (1080p),https://english-livebkali.cgtn.com/live/encgtn.m3u8
咪咕视频4K-2,http://r.jdshipin.com/Lqdwf
CHC Action (1080p),http://39.134.19.68/dbiptv.sn.chinamobile.com/PLTV/88888888/224/3221226465/index.m3u8
春晚2012,https://cdn8.yzzy-online.com/20220704/591_82b72f82/1000k/hls/index.m3u8
华数电视剧4,http://home.scanflove.com:7788/rtp/235.254.199.113:7980
封神榜,https://live.metshop.top/huya/29465849
CGTN (720p),https://0472.org/hls/cgtn.m3u8
凤凰卫视,http://api.kkitv.itv888.vip:8080/streams/vny1wblsnch/index.m3u8
CHC Home Theater (1080p),http://39.134.19.153/dbiptv.sn.chinamobile.com/PLTV/88888888/224/3221226462/index.m3u8
春晚2013,https://alimov2.a.kwimgs.com/upic/2023/01/13/20/BMjAyMzAxMTMyMDA5MjJfNDAzMDAxOTlfOTM0OTkwNDQ1NjNfMF8z_b_B4fea55408dca4471a68a963ae096be59.mp4
华数电视剧5,http://home.scanflove.com:7788/rtp/235.254.199.75:7980
射雕英雄传,https://live.metshop.top/huya/23824164
CGTN Documentary (1080p),https://amg00405-rakutentv-cgtndocumentary-rakuten-0ql8j.amagi.tv/master.m3u8
翡翠台 backup,http://api.kkitv.itv888.vip:8080/streams/jutaw8wu0j9/index.m3u8
Chifeng Comprehensive News Chanel,http://play1-qk.nmtv.cn/live/1735546697341033.m3u8
春晚2014,https://alimov2.a.kwimgs.com/upic/2023/01/06/16/BMjAyMzAxMDYxNjMxMTNfNDAzMDAxOTlfOTI4OTY2ODAzNjlfMF8z_b_Bdee65c77f9e7b2120a185c919dad81d2.mp4
华数电视剧6,http://home.scanflove.com:7788/rtp/235.254.199.76:7980
强森电影,https://live.metshop.top/huya/21059581
CGTN French (1080p),http://145.239.5.177/214/index.m3u8
iNews新闻台,http://api.kkitv.itv888.vip:8080/streams/o0ey7z1y0y/index.m3u8
China Weather Channel (576p) [Not 24/7],http://hls.weathertv.cn/tslslive/qCFIfHB/hls/live_sd.m3u8
春晚2015,https://alimov2.a.kwimgs.com/upic/2023/01/13/20/BMjAyMzAxMTMyMDA5MjJfNDAzMDAxOTlfOTM0OTkwNDQ2MTZfMF8z_b_B4851f43f5a2bc2871a9b0ec87294a6e7.mp4
华数电视剧7,http://home.scanflove.com:7788/rtp/235.254.199.91:7980
怪兽电影,https://live.metshop.top/huya/21059577
CGTN Spanish (720p),http://45.165.82.19/test/index.m3u8
HOY资讯台,http://api.kkitv.itv888.vip:8080/streams/o6fp2zqodp/index.m3u8
Chuxiong News Channel [Not 24/7],http://hwapi.yntv.net/ew265l/848y54.m3u8
春晚2016,https://cdn8.yzzy-online.com/20220704/577_cda9c8d1/1000k/hls/index.m3u8
华数电视剧8,http://home.scanflove.com:7788/rtp/235.254.199.97:7980
成龙电影,https://live.metshop.top/huya/11342386
Chifeng Comprehensive News Chanel,http://play1-qk.nmtv.cn/live/1735546697341033.m3u8
RHK 31,http://api.kkitv.itv888.vip:8080/streams/au9u4ktua3t/index.m3u8
Chuzhou News Channel (1080p),http://live.cztv.cc:85/live/xwpd.m3u8
春晚2017,https://alimov2.a.kwimgs.com/upic/2023/01/13/20/BMjAyMzAxMTMyMDA5MjJfNDAzMDAxOTlfOTM0OTkwNDQ2NDhfMF8z_b_B6527b0c2ce3dda1d9b3f34edd4fdb9aa.mp4
大家剧场,http://lvbaiducdnct.inter.ptqy.gitv.tv/tslive/c58_fast_975_1080P_t10/c58_fast_975_1080P_t10.m3u8?d
我不是药神,https://vip.ffzy-play1.com/20221018/478_c3afed66/index.m3u8
CND Film Middle School Channel,http://live2.rxip.sc96655.com/live/zxs_4000.m3u8?A=&E=&K=&P=&S=&U=
RHK 32,http://api.kkitv.itv888.vip:8080/streams/emzampd6m1i/index.m3u8
Chuzhou Public Channel (400p),http://live.cztv.cc:85/live/ggpd.m3u8
春晚2018,https://alimov2.a.kwimgs.com/upic/2023/01/06/16/BMjAyMzAxMDYxNjMxMTRfNDAzMDAxOTlfOTI4OTY2ODE2MTBfMF8z_b_B11a778e34390a21de42d407e94f45b91.mp4
爱情生活,http://lvbaiducdnct.inter.ptqy.gitv.tv/tslive/c59_fast_967_1080P_t10/c59_fast_967_1080P_t10.m3u8?d
战争电影,https://live.metshop.top/huya/21059574
CND Film Middle School Channel,http://live-play.zxstv.com.cn/zhongxuesheng/zhongxuesheng.m3u8
VIUTV1,http://api.kkitv.itv888.vip:8080/streams/i76tznm59xp/index.m3u8
Chuzhou Science & Education Channel (400p),http://live.cztv.cc:85/live/sjpd.m3u8
春晚2019,https://alimov2.a.kwimgs.com/upic/2023/01/06/16/BMjAyMzAxMDYxNjMxMTRfNDAzMDAxOTlfOTI4OTY2ODE2MTBfMF8z_b_B11a778e34390a21de42d407e94f45b91.mp4
米饭8种神仙做法,https://vd2.bdstatic.com/mda-qcg131ixp7n2b6g4/720p_frame30/h264_cae_acd/1710637153135042962/mda-qcg131ixp7n2b6g4.mp4
扫黄先锋,https://live.metshop.top/huya/29465855
Foshan News TV,http://dslive.grtn.cn/fszh/sd/live.m3u8
Viu6,http://api.kkitv.itv888.vip:8080/streams/bvdslcl5cts/index.m3u8
CND Film Discovery Channel (576p),http://125.210.152.18:9090/live/FXZL_750.m3u8
春晚2020,https://alimov2.a.kwimgs.com/upic/2022/01/30/17/BMjAyMjAxMzAxNzA5NDdfNDAzMDAxOTlfNjYxNzQ2MDAyMTFfMF8z_b_B5d51d9564c5670dc66faeba20aa7af3f.mp4
米饭8道花式做法,https://vd3.bdstatic.com/mda-qcd0v5uhzddmt7tv/720p_frame30/h264_cae_acd/1710377548774148185/mda-qcd0v5uhzddmt7tv.mp4
拆弹专家1,https://vip.ffzy-online.com/20221015/719_80ff87c2/index.m3u8
Guangzhou TV,https://tencentplaybusiness.gztv.com/live/zonghes.m3u8
◆◆◆　https://fy.188766.xyz/?ip=home.kuaidi521.com
◆◆◆　https://raw.githubusercontent.com/Guovin/iptv-api/gd/output/result.txt
2026-08-27 14:06:22,http://63.141.230.178:82/gslb/zbdq5.m3u8?id=cctv1hd
珠江卫视,http://iptv.4666888.xyz/iptv2A.php?id=19
CND Film Middle School Channel,http://live2.rxip.sc96655.com/live/zxs_4000.m3u8?A=&E=&K=&P=&S=&U=
春晚2021,https://alimov2.a.kwimgs.com/upic/2022/01/30/17/BMjAyMjAxMzAxNzE4NTJfNDAzMDAxOTlfNjYxNzUzOTg3NjlfMF8z_b_Be41d9503181d7b0608a839ed401e02c2.mp4
早餐12种做法,https://vd2.bdstatic.com/mda-qhmchriravpm16hr/720p_frame30/h264_cae_acd/1724317969961142800/mda-qhmchriravpm16hr.mp4
拆弹专家2,https://vip.ffzy-online.com/20221015/722_e32c42bc/index.m3u8
Harbin Comprehensive News Channel,https://stream.hrbtv.net/xwzh/playlist.m3u8?_upt=ef41dd531755913594
浙江休闲,http://ali-m-l.cztv.com/channels/lantian/channel006/720p.m3u8
星空国际,http://iot-mqqt.111yao.cn:8080/live/diyp_starmovies.m3u8
Documentary Humanities Channel (1080p),http://39.135.138.59:18890/PLTV/88888910/224/3221225655/index.m3u8
春晚2022,https://alimov2.a.kwimgs.com/upic/2022/02/01/11/BMjAyMjAyMDExMTEwMjNfNDAzMDAxOTlfNjYzNzA4MTk4NzNfMF8z_b_B898cc7ddd0025bf54ddb18ec1f723c84.mp4
早餐5种做法,https://vd3.bdstatic.com/mda-qir7wx8nj0ut8uup/720p/mv_cae264_backtrack_720p_normal/1729149657292208298/mda-qir7wx8nj0ut8uup.mp4
无心法师,https://live.metshop.top/huya/30080233
Harbin Movie Channel,https://stream.hrbtv.net/yspd/playlist.m3u8
普陀电视,http://l.cztvcloud.com/channels/lantian/SXputuo1/720p.m3u8
华丽翡翠台,http://cdn9.163189.xyz/smt1.1.php?id=Tvbjade
Dongguan Comprehensive News Channel,https://stream.sun0769.com/dgrtv1/mp4tv1_800/index.m3u8
春晚2023,https://txmov2.a.kwimgs.com/bs3/video-hls/5251197255879398624_hlshd15.m3u8
早餐10种做法,https://vd4.bdstatic.com/mda-qjh7csqx9bwei7py/sc/cae_h264/1729265801939805597/mda-qjh7csqx9bwei7py.mp4
李连杰电影,https://live.metshop.top/huya/11342390
Hebei TV (2160p),https://event.pull.hebtv.com/live/live101.m3u8
崇明电视,https://pili-live-hls.wdit.com.cn/wditlive/c038f4fafbdf4f97ba74c74ad67259b931ee.m3u8
星空卫视,http://iot-mqqt.111yao.cn:8080/live/diyp_xingkong.m3u8
Dunhuang TV (1080p),http://117.156.28.119/270000001111/1110000028/index.m3u8
春晚2024,https://p2.bdstatic.com/rtmp.liveshow.lss-user.baidubce.com/live/stream_bduid_6488563992_8982723413/merged_1707497046297_88536_25144_41936.m3u8
征服胃口的10道小炒菜,https://vd3.bdstatic.com/mda-qk5dp2q1g86r6xa6/720p/mv_cae264_backtrack_720p_normal/1730886307368420865/mda-qk5dp2q1g86r6xa6.mp4
林正英电影,https://live.metshop.top/huya/11342421
Hebei TV,https://restream.pdtvhd.com/memfs/1db8c005-9365-4b32-94a4-3736987b5646.m3u8
纪实人文,http://ottrrs.hl.chinamobile.com/PLTV/88888888/224/3221225738/index.m3u8
环球电视,http://utv1.hqtvzb.com:9999/hls/world.m3u8
Fengshang Shopping Channel (1080p),http://183.207.248.71/cntv/live1/fengshanggw/fengshanggw
春晚2025,https://res.cctvnews.cctv.com/video/3005/record/cctv/merge1/133396667284143308839013005/8fbd6180bdef4da19f6155cf6b4652e1-4.m3u8
征服胃口的8道小炒菜,https://vd2.bdstatic.com/mda-qk47tz6kt8902q3j/720p/mv_cae264_backtrack_720p_normal/1730882863840036809/mda-qk47tz6kt8902q3j.mp4
枪战电影,https://live.metshop.top/huya/21059579
Hunan TV (2160p),http://hlsal-ldvt.qing.mgtv.com/nn_live/nn_x64/dWlwPTEyNy4wLjAuMSZ1aWQ9cWluZy1jbXMmbm5fdGltZXpvbmU9OCZjZG5leF9pZD1hbF9obHNfbGR2dCZ1dWlkPTliODY4NmU5ZTM2YzYwMmMmZT02OTE0NjA0JnY9MSZpZD1ITldTWkdTVCZzPTcwN2RiYTc2YzJjNmJmMTQ4MmUyZGYzOWU2NWM3YWFi/HNWSZGST.m3u8
纪实人文,https://stream1.freetv.fun/ipv6-ji-shi-ren-wen-12.m3u8
中天娱乐,https://gdfire2.67890123.cn:8088/live/ztxw201.m3u8
Fujian Comprehensive Channel,http://120.39.52.202:5140/%E7%A6%8F%E5%BB%BA%E7%BB%BC%E5%90%88
春晚2026,https://v.lzcdn28.com/20260217/8616_1de9f6e5/index.m3u8
特色家常10道菜,https://vd4.bdstatic.com/mda-qjde2q42rue8u30x/720p/mv_cae264_backtrack_720p_normal/1728901200489793099/mda-qjde2q42rue8u30x.mp4
楚汉骄雄,https://live.metshop.top/huya/29465854
Jiangsu Public & News Channel,https://jiangning-tv-playing-t.cm.jstv.com/jiangning-tv/jnxwzh.m3u8
徐州新闻综合,https://live.chinacert.cftest5.cn/cnmg/live/639731747
三立综合,http://live4play.uk/livehttpplay?channel_id=12038
Golden Eagle Cartoon (576p),http://223.110.245.145/ott.js.chinamobile.com/PLTV/3/224/3221226303/index.m3u8
经典家常10道菜,https://vd2.bdstatic.com/mda-qjf76vd3tmt6itdr/720p/mv_cae264_backtrack_720p_normal/1729116886152120996/mda-qjf76vd3tmt6itdr.mp4
武侠电影,https://live.metshop.top/huya/11342427
Jiangxi Children's Channel,https://play-live-hls.jxtvcn.com.cn/live-city/tv_jxtv6.m3u8
三立都会,http://live4play.uk/livehttpplay?channel_id=20100
营山电视,http://file.ysxtv.cn/cms/videos/nmip-media/channellive/channel4/playlist.m3u8
Guangdong Satellite TV,https://h5cul1yar48um3t.wcetv.com/hls/gdsatellite.m3u8
招待贵客有面子10道菜,https://vd2.bdstatic.com/mda-qjamk3ww02swvtvg/540p/mv_cae264_backtrack_540p_normal/1728771745779332069/mda-qjamk3ww02swvtvg.mp4
沈腾电影,https://live.metshop.top/huya/11601968
Jiangxi City Channel,https://play-live-hls.jxtvcn.com.cn/live-city/tv_jxtv2.m3u8
年代新闻,http://198.16.100.186:8278/niandainews_twn/playlist.m3u8?tid=MBCB9184423891844238&ct=19249&tsum=ac0331d98099429b19c53fe6d20972ec
新乡县电视,http://tvpull.dxhmt.cn:9081/tv/10721-1.m3u8?%E5%85%B3%E6%B3%A8%E5%BE%AE%E4%BF%A1%E5%85%AC%E4%BC%97%E5%8F%B7[%E6%99%B4%E5%9B%AD]
Guangxi Variety & Travel Channel,http://111.59.24.227:8181/tsfile/live/1001_1.m3u8?key=txiptv&playlive=1&authid=0
10道特色美食,https://vd4.bdstatic.com/mda-qmfe62jv0kwan2dx/720p/mv_cae264_backtrack_720p_normal/1734344111633378494/mda-qmfe62jv0kwan2dx.mp4
法政先锋,https://live.metshop.top/huya/23863804
Jiangxi Economy & Life Channel,https://play-live-hls.jxtvcn.com.cn/live-city/tv_jxtv3.m3u8
东森戏剧,http://live4play.uk/livehttpplay?channel_id=20072
Guangzhou TV,https://tencentplaybusiness.gztv.com/live/zonghes.m3u8
10道花样美食,https://vd2.bdstatic.com/mda-qk8pmh5hqykz4iz5/720p/mv_cae264_backtrack_720p_normal/1731232285199870579/mda-qk8pmh5hqykz4iz5.mp4
通海电视,https://zb-live.ynurl.com/tonghai/3bfe3a9e-48e6-4c1e-8770-1df66447cc6c.m3u8
洗冤录,https://live.metshop.top/huya/29465851
Jiangxi Movie Channel,https://play-live-hls.jxtvcn.com.cn/live-city/tv_jxtv4.m3u8
纬来精采,http://61.221.215.25:8800/hls/48/index.m3u8
Guizhou TV (576p),http://183.207.248.71/gitv/live1/G_GUIZHOU/G_GUIZHOU
10种鱼肉做法,https://vd2.bdstatic.com/mda-qjn7bbt6815rt1s3/720p/mv_cae264_backtrack_720p_normal/1729660528703116890/mda-qjn7bbt6815rt1s3.mp4
西游记,http://173.208.234.146/live/vlxyj.m3u8
活佛济公3,https://live.metshop.top/huya/23903123
Jiangxi Public & Agriculture Channel,https://play-live-hls.jxtvcn.com.cn/live-city/tv_jxtv5.m3u8
大立电视台,http://www.dalitv.com.tw:4568/live/dali/index.m3u8
Harbin Comprehensive News Channel,https://stream.hrbtv.net/xwzh/playlist.m3u8?_upt=ef41dd531755913594
10种排骨做法,https://vd4.bdstatic.com/mda-pmfn65eymaf93yr8/720p_frame30/h264_cae_acd/1702742800698571456/mda-pmfn65eymaf93yr8.mp4
西游记,https://live.ottiptv.cc/huya/26355861
狄仁杰电影,https://live.metshop.top/huya/30080229
Jilin City Channel,https://lsfb.avap.jilintv.cn/zqvk7vpj/channel/7e8474e6daea44ccaa5aa2300191439e/index.m3u8
人间卫视,http://61.216.67.119:1935/bltvhd/bltv1/chunklist_w1266569526.m3u
Harbin Movie Channel,https://stream.hrbtv.net/yspd/playlist.m3u8
15道经典素菜1,https://vd2.bdstatic.com/mda-qmmf7ahg73eu3v8y/720p/mv_cae264_backtrack_720p_normal/1734905402677117865/mda-qmmf7ahg73eu3v8y.mp4
西游记,http://live.ottiptv.cc/huya/20985836
玄幻电影,https://live.metshop.top/huya/11342414
Jilin Lifestyle Channel,https://lsfb.avap.jilintv.cn/zqvk7vpj/channel/0a76740c72b74fabae611845aa21e06a/index.m3u8
CAT电影,http://litv.zapi.us.kg/?id=4gtv-4gtv076
Hebei TV (2160p),https://event.pull.hebtv.com/live/live101.m3u8
15道经典素菜2,https://vd2.bdstatic.com/mda-qdjg4ky2avn57njf/720p_frame30/h264_cae_acd/1713614482052348110/mda-qdjg4ky2avn57njf.mp4
水浒传,http://173.208.234.146/live/vlshz.m3u8
王晶电影,https://live.metshop.top/huya/11602058
Jilin Movie Channel,https://lsfb.avap.jilintv.cn/zqvk7vpj/channel/906341e6f19b4c4bacdc89941eb85d12/index.m3u8
HOY78,http://cdn.163189.xyz/live/hoy/stream.m3u8
Hebi News Channel (480p) [Not 24/7],http://pili-live-hls.hebitv.com/hebi/hebi.m3u8
东坡肘子,https://vd3.bdstatic.com/mda-jj4j1ftrb23g9bm0/sc/mda-jj4j1ftrb23g9bm0.mp4
水浒传,http://live.ottiptv.cc/huya/26355860
甄子丹电影,https://live.metshop.top/huya/11352935
Jilin Rural Channel,https://lsfb.avap.jilintv.cn/zqvk7vpj/channel/3ffc4824dce54b92be185555923ce382/index.m3u8
DAZN体育1,rtmp://f13h.mine.nu/sat/tv731
Heilongjiang TV (1080p),http://223.110.245.161/ott.js.chinamobile.com/PLTV/3/224/3221227492/index.m3u8
炖红烧肉,https://vd3.bdstatic.com/mda-jmij2puznds3zjwj/sc/mda-jmij2puznds3zjwj.mp4
水浒传,https://live.ottiptv.cc/yy/1353873252
电影八点档,http://live.metshop.top/huya/880261?cdn=alicdn
Lanzhou Comprehensive News Channel,https://liveplus.lzr.com.cn/xwzh/HD/live.m3u8
ELEVEN体育1,https://stream1.freetv.fun/eltaai-er-da-ti-yu--1--wj-1.ctv
Hezheng TV,http://117.156.28.119/270000001111/1110000149/index.m3u8
炒猪蹄,https://vd3.bdstatic.com/mda-jjhrpfzyggfw57uc/sc/mda-jjhrpfzyggfw57uc.mp4
闯关东,http://173.208.234.146/live/lbchuangguandong.m3u8
电影嫣然影厅,http://live.metshop.top/huya/11601977?cdn=alicdn
Lanzhou Culture & Tourism Channel,https://liveplus.lzr.com.cn/wlpd/HD/live.m3u8
ELEVEN体育2,https://stream1.freetv.fun/eltaai-er-da-ti-yu--2--wj-1.ctv
High Channel TV (1080p),http://117.156.28.119/270000001111/1110000146/index.m3u8
花开富贵肉,https://vd3.bdstatic.com/mda-ja2y1x2u279g55u9/sc/mda-ja2y1x2u279g55u9.mp4
电影蜘蛛侠,http://live.metshop.top/huya/21059599?cdn=alicdn
◆◆◆　https://raw.githubusercontent.com/fleung49/star/refs/heads/main/mit
无线新闻,https://h5cdn3.kylintv.tv/live/tvbnews_iphone.m3u8
Liangshan TV [Not 24/7],http://118.122.2.29:9999/hls/47/index.m3u8
ELEVEN体育3,https://stream1.freetv.fun/eltaai-er-da-ti-yu--3--wj-1.ctv
HomePlus,https://homeplushls.wns.live/hls/stream.m3u8
酱骨头,https://vd3.bdstatic.com/mda-jese0pwy3mu3xbhz/sc/mda-jese0pwy3mu3xbhz.mp4
电影高分动作,http://live.metshop.top/huya/11352884?cdn=alicdn
凤凰卫视美洲,https://7612-5516-affc-d88b.kylintv.tv/live/pxnaus_iphone.m3u8
Nanchang News & Generalist Channel,https://play-live-hls.jxtvcn.com.cn/live-city/tv_nanchang.m3u8
半岛新闻,#http://live-hls-web-aje.getaj.net/AJE/01.m3u8
Hunan News Channel [Geo-blocked],http://35848.hlsplay.aodianyun.com/guangdianyun_35848/tv_channel_346.m3u8
五花肉烧大骨,https://vd3.bdstatic.com/mda-jf5i4t7mpjrcuryt/sc/mda-jf5i4t7mpjrcuryt.mp4
笑傲江湖,https://live.metshop.top/huya/23865142
北美焦点新闻,https://7612-5516-affc-d88b.kylintv.tv/live/qljdhd_iphone.m3u8
Nei Monggol TV (1080i) [Not 24/7],http://play1-qk.nmtv.cn/live/1769652018126032.m3u8
韩国电影1,https://stream.ads.ottera.tv/playlist.m3u8?network_id=595
Hunan Politics & Law Channel [Geo-blocked],http://35848.hlsplay.aodianyun.com/guangdianyun_35848/tv_channel_348.m3u8
小炒肉,https://vd3.bdstatic.com/mda-jmixjt8fwxqrx6u1/v1-cae/sc/mda-jmixjt8fwxqrx6u1.mp4
罪犯电影,https://live.metshop.top/huya/11352962
北美美食播客,https://0832-1dbe-95df-5158.kylintv.tv/live/bmmssp_iphone.m3u8
Nei Monggol TV,http://1.24.190.98:10080/hls/39/index.m3u8
韩国电影2,https://stream.ads.ottera.tv/playlist.m3u8?network_id=743
Hunan TV (2160p),http://hlsal-ldvt.qing.mgtv.com/nn_live/nn_x64/dWlwPTEyNy4wLjAuMSZ1aWQ9cWluZy1jbXMmbm5fdGltZXpvbmU9OCZjZG5leF9pZD1hbF9obHNfbGR2dCZ1dWlkPTliODY4NmU5ZTM2YzYwMmMmZT02OTE0NjA0JnY9MSZpZD1ITldTWkdTVCZzPTcwN2RiYTc2YzJjNmJmMTQ4MmUyZGYzOWU2NWM3YWFi/HNWSZGST.m3u8
回锅肉,https://vd3.bdstatic.com/mda-jc2jm7fszzb4upua/sc/mda-jc2jm7fszzb4upua.mp4
西游记2,https://live.metshop.top/huya/29465859
北美生活视频,https://0832-1dbe-95df-5158.kylintv.tv/live/bmshsp_iphone.m3u8
Nei Monggol TV,http://110.19.156.172:9901/tsfile/live/1003_1.m3u8
凤凰卫视台,http://php.jdshipin.com/TVOD/iptv.php?id=fhzw
Hunan Womens Channel [Geo-blocked],http://35848.hlsplay.aodianyun.com/guangdianyun_35848/tv_channel_349.m3u8
啫啫排骨煲,https://vd3.bdstatic.com/mda-jjvqdp5hjm0q1dtm/sc/mda-jjvqdp5hjm0q1dtm.mp4
让子弹飞,https://vip.ffzy-play7.com/20230116/11563_b9f44814/index.m3u8
好消息2,https://7612-5516-affc-d88b.kylintv.tv/live/gdtv2_iphone.m3u8
Nei Monggol TV 2 Mongolian Culture Channel (1080i) [Not 24/7],http://play1-qk.nmtv.cn/live/1769652109096027.m3u8
HOY TV,http://php.jdshipin.com/TVOD/iptv.php?id=hoytv
Jiangsu City Channel (576p),http://183.207.248.71/gitv/live1/G_JSCS/G_JSCS
粉蒸排骨,https://vd3.bdstatic.com/mda-jkamnfkg36i24817/sc/mda-jkamnfkg36i24817.mp4
谍战电影,https://live.metshop.top/huya/21059585
澜湄国际,https://0832-1dbe-95df-5158.kylintv.tv/live/yntv_iphone.m3u8
Nei Monggol TV 2 Mongolian Culture Channel,http://1.24.190.98:10080/hls/40/index.m3u8
爱奇艺,http://php.jdshipin.com/smt.php?id=Qiyi
Jiangsu Educational Channel (576p),http://223.110.245.151/ott.js.chinamobile.com/PLTV/3/224/3221225923/index.m3u8
炖牛腩,https://vd3.bdstatic.com/mda-jktu3wf8fbu8ju9t/sc/mda-jktu3wf8fbu8ju9t.mp4
贺岁电影,https://live.metshop.top/huya/11601986
昆仑剧场,https://7612-5516-affc-d88b.kylintv.tv/live/kunlunhd_iphone.m3u8
Qinghai TV,https://hls-qhmh.lanzhousobey.cn/qhmh/mhds.m3u8
Astro欢喜台,http://php.jdshipin.com/smt.php?id=Huahee
Jiangsu Movie Channel (576p),http://223.110.243.134/PLTV/4/224/3221225937/index.m3u8
台式红烧牛腩,https://vd3.bdstatic.com/mda-jcr0fg77zxdzwrmt/sc/mda-jcr0fg77zxdzwrmt.mp4
野蛮亲家,https://live.metshop.top/huya/23863796
长江剧场,https://7612-5516-affc-d88b.kylintv.tv/live/yangtse_iphone.m3u8
QTV-1,http://video10.qtv.com.cn/drm/qtv1at/manifest.m3u8
华丽翡翠台,http://php.jdshipin.com/TVOD/iptv.php?id=huali2
Jiangsu Public & News Channel (576p),http://183.207.248.71/gitv/live1/G_JSGG/G_JSGG
小炒牛肉,https://vd3.bdstatic.com/mda-je6wgqnr3awjn4nm/sc/mda-je6wgqnr3awjn4nm.mp4
金庸武侠,https://live.metshop.top/huya/11342435
叶丽仪45年香港情演唱会,https://h5vod.kylintv.tv/vod/vol26/hd/20150901/hdyly45nxgq0qt/hdyly45nxgq0qt.mp4/hdyly45nxgq0qt_1_1600_ipad.mp4.m3u8
QTV-2,http://video10.qtv.com.cn/drm/qtv2at/manifest.m3u8
TVB生活台,http://php.jdshipin.com/TVOD/iptv.php?id=tvbsh
Jiangsu Satellite TV (1080p),http://39.134.24.166/dbiptv.sn.chinamobile.com/PLTV/88888890/224/3221226200/index.m3u8
水煮牛肉,https://vd3.bdstatic.com/mda-jgbxc66hzx0h03mi/sc/mda-jgbxc66hzx0h03mi.mp4
金枝欲孽,https://live.metshop.top/huya/29465847
辛晓琪人生若只如初见演唱会,https://h5vod.kylintv.tv/vod/vol28/hd/20201001/hdxxqrsych0qt/hdxxqrsych0qt.mp4
QTV-3,http://video10.qtv.com.cn/drm/qtv3at/manifest.m3u8
NOW NEWS,http://cdn.163189.xyz/163189/now
Jiangsu Sports & Leisure Channel (576p),http://183.207.248.71/gitv/live1/G_JSTY/G_JSTY
小炒香菜牛肉,https://vd3.bdstatic.com/mda-jdfy12szm0wczqet/sc/mda-jdfy12szm0wczqet.mp4
鉴证实录,https://live.metshop.top/huya/23903183
1314容祖儿演唱会,https://h5vod.kylintv.tv/vod/vol25/hd/20141115/hd1314rzeych0qt/hd1314rzeych0qt.mp4/hd1314rzeych0qt_1_2500_ipad.mp4.m3u8
QTV-4,http://video10.qtv.com.cn/drm/qtv4at/manifest.m3u8
iHOT 爱幼教,http://111.22.153.159:35455/itv/2000000004000000049.m3u8?cdn=hnbblive
Jiangsu Variety Channel (576p) [Not 24/7],http://183.207.248.71/gitv/live1/G_JSZY/G_JSZY
蜜汁蒜香煎鸡胸,https://vd3.bdstatic.com/mda-jeneb5mbmk26atj9/sc/mda-jeneb5mbmk26atj9.mp4
陀枪师姐,https://live.metshop.top/huya/29465857
张学友醒着做梦音乐会,https://h5vod.kylintv.tv/vod/vol27/hd/20190201/hdzxyxzzm0qt/hdzxyxzzm0qt.mp4/hdzxyxzzm0qt_1_2500_ipad.mp4.m3u8
QTV-5,http://video10.qtv.com.cn/drm/qtv5at/manifest.m3u8
NewTV 魅力潇湘,http://[2409:8087:5e00:24::2d]:6610/000000001000/1/1000000001000006197/index.m3u8?channel-id=ystenlive&Contentid=1000000001000006197&livemode=1&stbId=YanG-1989
Jiangxi Children's Channel,https://play-live-hls.jxtvcn.com.cn/live-city/tv_jxtv6.m3u8
照烧鸡腿,https://vd4.bdstatic.com/mda-qj7cgwta5yktv3yc/sc/cae_h264/1728380355391475922/mda-qj7cgwta5yktv3yc.mp4
韩国电影1,https://stream.ads.ottera.tv/playlist.m3u8?network_id=595
CGTN DOCUMENTARY,video://http://wcetv.com/videos/view/liv/2
QTV-6,http://video10.qtv.com.cn/drm/qtv6at/manifest.m3u8
NewTV 动作电影,http://39.134.182.166/hwltc.tv.cdn.zj.chinamobile.com/PLTV/88888888/224/3221236183/index.m3u8
Jiangxi City Channel,https://play-live-hls.jxtvcn.com.cn/live-city/tv_jxtv2.m3u8
干锅鸡翅,https://vd3.bdstatic.com/mda-mbqmby5fizzk0nfq/cae_h264_nowatermark/1614238365/mda-mbqmby5fizzk0nfq.mp4
韩国电影2,https://stream.ads.ottera.tv/playlist.m3u8?network_id=743
广东国际美洲,video://http://wcetv.com/videos/view/liv/3
Shenzhen Satellite TV (2160p),https://livepull-tcms.sztv.com.cn/live/sz4Kpgm.m3u8
NewTV 惊悚悬疑,http://[2409:8087:5e00:24::2d]:6610/000000001000/1/1000000004000024282/index.m3u8?channel-id=ystenlive&Contentid=1000000004000024282&livemode=1&stbId=YanG-1989
Jiangxi Economy & Life Channel,https://play-live-hls.jxtvcn.com.cn/live-city/tv_jxtv3.m3u8
辣子鸡丁,https://vd3.bdstatic.com/mda-jigxget85fft8hn9/sc/mda-jigxget85fft8hn9.mp4
黄渤电影,https://live.metshop.top/huya/11352876
CGTN-E,video://http://wcetv.com/videos/view/liv/4
Siping TV,http://stream2.jlntv.cn/sptv/sd/live.m3u8?_upt=f27750421743154598
NewTV 精品记录,http://[2409:8087:5e00:24::2d]:6610/000000001000/1/1000000004000013730/index.m3u8?channel-id=ystenlive&Contentid=1000000004000013730&livemode=1&stbId=YanG-1989
Jiangxi Movie Channel,https://play-live-hls.jxtvcn.com.cn/live-city/tv_jxtv4.m3u8
辣子鸡,https://vd3.bdstatic.com/mda-jjcfgxhu1y0nim45/sc/mda-jjcfgxhu1y0nim45.mp4
龙门飞甲,http://jsmov2.a.yximgs.com/bs3/video-hls/5203346449046555193_hlsb.m3u8
CGTN-F,video://http://wcetv.com/videos/view/liv/5
Tonghua TV (1080p),http://lsfb.avap.jilintv.cn/zqvk7vpj/channel/43ea5771aa44421591f9dfd2b71f1b9b/index.m3u8
咪咕赛事4k-1,http://vip.lqcc.xyz:35455/itv/3000000010000005180.m3u8?cdn=FifastbLive
Jiangxi Public & Agriculture Channel,https://play-live-hls.jxtvcn.com.cn/live-city/tv_jxtv5.m3u8
口水鸡,https://vd3.bdstatic.com/mda-jk2rmqb9d9ygawaw/sc/mda-jk2rmqb9d9ygawaw.mp4
客家电视,video://http://wcetv.com/videos/view/liv/7
延边2,http://stream5.jlntv.cn/wq/playlist.m3u8
Tonghua TV (1080p),https://lsfb.avap.jilintv.cn/zqvk7vpj/channel/43ea5771aa44421591f9dfd2b71f1b9b/index.m3u8
咪咕赛事4k-2,http://vip.lqcc.xyz:35455/itv/3000000010000015686.m3u8?cdn=FifastbLive
Jiangxi TV (1080p),http://39.134.115.163:8080/PLTV/88888910/224/3221225705/index.m3u8
蒸鸡,https://vd3.bdstatic.com/mda-jb0iknwis2xnsiq7/sc/mda-jb0iknwis2xnsiq7.mp4
原住民电视,video://http://wcetv.com/videos/view/liv/8
VOA美国之音 (1080p),https://voa-ingest.akamaized.net/hls/live/2033878/tvmc08/playlist.m3u8
河源公共,http://tmpstream.hyrtv.cn/hygg/sd/live.m3u8
咪咕赛事播01,http://vip.lqcc.xyz:35455/itv/3000000001000005308.m3u8?cdn=FifastbLive
Jilin City Channel,https://lsfb.avap.jilintv.cn/zqvk7vpj/channel/7e8474e6daea44ccaa5aa2300191439e/index.m3u8
生爆甲鱼,https://vd3.bdstatic.com/mda-ka7n7gm2wjgvsx88/sc/mda-ka7n7gm2wjgvsx88.mp4
凤凰美洲,video://https://m.italkbbtv.com/live/62cc96a74725b5305843c0d5
Xinjiang TV 1,https://klmysjtzb.rcsxzx.com/hls/klmy2.m3u8
浙江钱江频道,http://ali-m-l.cztv.com/channels/lantian/channel02/1080p.m3u8
咪咕赛事播02,http://vip.lqcc.xyz:35455/itv/3000000001000005969.m3u8?cdn=FifastbLive
Jilin Lifestyle Channel,https://lsfb.avap.jilintv.cn/zqvk7vpj/channel/0a76740c72b74fabae611845aa21e06a/index.m3u8
干锅带鱼,https://vd3.bdstatic.com/mda-jccfjr2wk92ev39d/sc/mda-jccfjr2wk92ev39d.mp4
翡翠综合台 TVBJ1,video://https://tvbanywherena.com/cantonese/live/tvb-j1
Xinjiang TV 2,http://110.153.180.106:55555/out_3/index.m3u8
番禺综合,http://video.epaper.pybtv.cn:8080/live/rtmp_live_demo.flv
咪咕赛事播03,http://vip.lqcc.xyz:35455/itv/3000000001000007218.m3u8?cdn=FifastbLive
Jilin Movie Channel,https://lsfb.avap.jilintv.cn/zqvk7vpj/channel/906341e6f19b4c4bacdc89941eb85d12/index.m3u8
葱烧带鱼,https://vd3.bdstatic.com/mda-ka8pbfq07hy0th3w/sc/mda-ka8pbfq07hy0th3w.mp4
CGTN DOCUMENTARY,video://https://m.italkbbtv.com/live/6a17e7af3368ef058c28b47a
Xinjiang TV 2,http://222.80.13.33:4022/udp/238.125.3.175:5140
萧山综合,http://l.cztvcloud.com/channels/lantian/SXxiaoshan1/720p.m3u8
咪咕赛事播04,http://vip.lqcc.xyz:35455/itv/3000000001000008001.m3u8?cdn=FifastbLive
Jilin Rural Channel,https://lsfb.avap.jilintv.cn/zqvk7vpj/channel/3ffc4824dce54b92be185555923ce382/index.m3u8
清蒸鳜鱼,https://vd3.bdstatic.com/mda-jgdja3fxcyb5u5ew/sc/mda-jgdja3fxcyb5u5ew.mp4
长城精品,video://https://m.italkbbtv.com/live/62cbb0944725b530583c1b04
Xinjiang TV 2,https://hls.quklive.com/live/play-sh-21.quklive.com/1777511615189085.m3u8?auth_key=2092871636-a39d8614688744d0b170b856b086ba80-0-33900446b83fa0b5befeb6bedbcd51a0
西安新闻,http://112.46.105.20:8009/hls/28/index.m3u8
咪咕赛事播05,http://vip.lqcc.xyz:35455/itv/3000000001000008176.m3u8?cdn=FifastbLive
Jiuquan TV News Comprehensive Channel (576p),http://117.156.28.119/270000001111/1110000001/index.m3u8
清蒸鱼,https://vd3.bdstatic.com/mda-jjwqmp78hhuiadcg/sc/mda-jjwqmp78hhuiadcg.mp4
中国电影北美,video://https://m.italkbbtv.com/live/6a27b9babcd12719750308fd
Xinjiang TV 3,http://110.153.180.106:55555/out_2/index.m3u8
西安都市,http://112.46.105.20:8009/hls/29/index.m3u8
咪咕赛事播06,http://vip.lqcc.xyz:35455/itv/3000000001000008379.m3u8?cdn=FifastbLive
Kangba TV,http://110.185.237.164:8888/hls/30/index.m3u8
花开富贵鱼,https://vd3.bdstatic.com/mda-jagts67hpws0np8v/sc/mda-jagts67hpws0np8v.mp4
东方国际,video://https://m.italkbbtv.com/live/6a27b9be820a5849076b0499
Xinjiang TV 3,http://120.70.60.179:9901/tsfile/live/1006_1.m3u8?authid=0&key=txiptv&playlive=1
邢台生活,https://jwcdnqx.hebyun.com.cn/live/xtcsshpd/1500k/tzwj_video.m3u8
咪咕赛事播07,http://vip.lqcc.xyz:35455/itv/3000000001000010129.m3u8?cdn=FifastbLive
Lanzhou Comprehensive News Channel,https://liveplus.lzr.com.cn/xwzh/HD/live.m3u8
沸腾鱼,https://vd3.bdstatic.com/mda-jftf7v5aitvrarai/sc/mda-jftf7v5aitvrarai.mp4
东森美洲电视,video://https://m.italkbbtv.com/live/62cc95e04725b5305843ba86
Xinjiang TV 3,http://218.84.35.38:3000/m3u8/live/tctv-2/index.m3u8
邯郸公共频道,https://jwcdnqx.hebyun.com.cn/live/hdgg/1500k/tzwj_video.m3u8
咪咕赛事播08,http://vip.lqcc.xyz:35455/itv/3000000001000010948.m3u8?cdn=FifastbLive
Lanzhou Culture & Tourism Channel,https://liveplus.lzr.com.cn/wlpd/HD/live.m3u8
香煎草鱼,https://vd3.bdstatic.com/mda-jjmq4gwety1b1vwf/sc/mda-jjmq4gwety1b1vwf.mp4
东森美洲中国,video://https://m.italkbbtv.com/live/62cc93a14725b5305843a8f1
Xinjiang TV 3,https://st-video.xjmty.com/fs/livedit/e55abfa37af26e19/8ce9971c2177b3dd.m3u8
钱江都市,https://ali-m-l.cztv.com/channels/lantian/channel002/1080p.m3u8
咪咕赛事播09,http://vip.lqcc.xyz:35455/itv/3000000001000026778.m3u8?cdn=FifastbLive
Liangshan TV [Not 24/7],http://118.122.2.29:9999/hls/47/index.m3u8
蒜香鱼片,https://vd3.bdstatic.com/mda-qf09ssv85hr907ss/720p/h264/1717224900256381139/mda-qf09ssv85hr907ss.mp4
中旺电视,video://https://m.italkbbtv.com/live/62cc979c4725b5305843c853
Xinjiang TV 8,http://120.70.60.179:9901/tsfile/live/1002_1.m3u8?authid=0&key=txiptv&playlive=1
长影频道,http://tpc.x3322.net:9901/tsfile/live/1010_1.m3u8
咪咕赛事播10,http://vip.lqcc.xyz:35455/itv/3000000001000028638.m3u8?cdn=FifastbLive
Liaoning TV (1080p),http://39.134.39.37/PLTV/88888888/224/3221226209/index.m3u8
砂锅鲈鱼,https://vd2.bdstatic.com/mda-qj109imjmf876e45/sc/cae_h264/1727827971326185108/mda-qj109imjmf876e45.mp4
加拿大600新闻,video://https://m.italkbbtv.com/live/62cb9bbc4725b530583b6b0e
Xizang TV Tibetan (720p) [Not 24/7],http://php.jdshipin.com:8880/xztv.php?id=zy
陕西新闻咨询,http://112.46.105.20:8009/hls/18/index.m3u8
咪咕赛事播11,http://vip.lqcc.xyz:35455/itv/3000000001000031494.m3u8?cdn=FifastbLive
Nanchang News & Generalist Channel,https://play-live-hls.jxtvcn.com.cn/live-city/tv_nanchang.m3u8
口水鱼,https://vd3.bdstatic.com/mda-jfsed4bwzhzs5mki/sc/mda-jfsed4bwzhzs5mki.mp4
南美新闻,video://https://m.italkbbtv.com/live/62cc94444725b5305843ae06
Zhejiang TV International,https://ali-m-l.cztv.com/channels/lantian/channel10/1080p.m3u8
陕西秦腔,http://112.46.105.20:8009/hls/22/index.m3u8
咪咕赛事播12,http://vip.lqcc.xyz:35455/itv/3000000010000000097.m3u8?cdn=FifastbLive
Nei Monggol TV 2 Mongolian Culture Channel,http://1.24.190.98:10080/hls/40/index.m3u8
酸菜鱼,https://vd3.bdstatic.com/mda-jjvrd7pugaugdeyb/sc/mda-jjvrd7pugaugdeyb.mp4
上海电视连续剧,video://https://live.kankanews.com/huikan?id=3
万州三峡移民 (576p) [Not 24/7],http://123.146.162.24:8013/tslslive/PU2vzMI/hls/live_sd.m3u8
陕西银龄,http://112.46.105.20:8009/hls/20/index.m3u8
咪咕赛事播13,http://vip.lqcc.xyz:35455/itv/3000000010000002019.m3u8?cdn=FifastbLive
Ningxia Satellite Channel (576p),http://39.134.115.163:8080/PLTV/88888910/224/3221225726/index.m3u8
鱼头泡饼,https://vd3.bdstatic.com/mda-jh6nsgq82u0v7q95/sc/mda-jh6nsgq82u0v7q95.mp4
魔都眼,video://https://live.kankanews.com/huikan?id=11
万州影视 (576p) [Not 24/7],http://123.146.162.24:8013/tslslive/vWlnEzU/hls/live_sd.m3u8
航拍中国第二季,http://newcntv.qcloudcdn.com/asp/hls/4000/0303000a/3/default/2bdfdad540b342f592f9817cb7f3b79a/4000.m3u8
咪咕赛事播14,http://vip.lqcc.xyz:35455/itv/3000000010000002032.m3u8?cdn=FifastbLive
Pingxiang TV News Channel (576p) [Not 24/7],http://www.pxitv.com:8099/hls-live/livepkgr/_definst_/pxitvevent/pxtv1stream.m3u8
白灼柠檬虾,https://vd3.bdstatic.com/mda-jcef6n7225n0wvcw/sc/mda-jcef6n7225n0wvcw.mp4
人文纪实,video://https://live.kankanews.com/huikan?id=12
万州综合 (576p) [Not 24/7],http://123.146.162.24:8013/tslslive/noEX9SG/hls/live_sd.m3u8
东丰,http://stream5.jlntv.cn/df/sd/live.m3u8?zjild
咪咕赛事播15,http://vip.lqcc.xyz:35455/itv/3000000010000002809.m3u8?cdn=FifastbLive
Qinghai TV (576p),http://39.134.115.163:8080/PLTV/88888910/224/3221225727/index.m3u8
蘑菇酒烧青口贝,https://vd3.bdstatic.com/mda-jcfxfwwnmwyrknwk/sc/mda-jcfxfwwnmwyrknwk.mp4
中旺电视,http://38.64.72.148/hls/modn/list/4010/playlist.m3u8
上虞1新闻综合 (720p) [Not 24/7],https://l.cztvcloud.com/channels/lantian/SXshangyu1/720p.m3u8
中国村庄,http://newcntv.qcloudcdn.com/asp/hls/4000/0303000a/3/default/93fc12dbf14241c18c23da104fbade23/4000.m3u8
咪咕赛事播16,http://vip.lqcc.xyz:35455/itv/3000000010000003915.m3u8?cdn=FifastbLive
QTV-1,http://video10.qtv.com.cn/drm/qtv1at/manifest.m3u8
排档辣炒蚬子皇,https://vd3.bdstatic.com/mda-jcbqrt9frcqa3sgi/sc/mda-jcbqrt9frcqa3sgi.mp4
东森中国,http://38.64.72.148/hls/modn/list/2003/playlist.m3u8
上虞3新商都 (720p) [Not 24/7],https://l.cztvcloud.com/channels/lantian/SXshangyu3/720p.m3u8
九台,http://stream10.jlntv.cn/jiutaitv/sd/live.m3u8?zjild
咪咕赛事播17,http://vip.lqcc.xyz:35455/itv/3000000010000004193.m3u8?cdn=FifastbLive
QTV-2,http://video10.qtv.com.cn/drm/qtv2at/manifest.m3u8
豆豉炒花甲,https://vd3.bdstatic.com/mda-jk0r4c98m03mp9kw/sc/mda-jk0r4c98m03mp9kw.mp4
东森美洲,http://38.64.72.148/hls/modn/list/2016/playlist.m3u8
上虞經濟文化 (720p) [Not 24/7],https://l.cztvcloud.com/channels/lantian/SXshangyu2/720p.m3u8
人与自然,http://newcntv.qcloudcdn.com/asp/hls/1200/0303000a/3/default/1425e1d505654cb48ba82b807b221193/1200.m3u8
咪咕赛事播18,http://vip.lqcc.xyz:35455/itv/3000000010000004464.m3u8?cdn=FifastbLive
QTV-3,http://video10.qtv.com.cn/drm/qtv3at/manifest.m3u8
捞汁花甲,https://vd3.bdstatic.com/mda-jgnj85jx9gcnv5ca/sc/mda-jgnj85jx9gcnv5ca.mp4
长城精品,http://38.64.72.148/hls/modn/list/4008/playlist.m3u8
中国气象 (576p) [Not 24/7],http://hls.weathertv.cn/tslslive/qCFIfHB/hls/live_sd.m3u8
兵团五师双河影,https://liveout.btzx.com.cn/62ds9e/6o77s4.m3u8?zxinjd
咪咕赛事播19,http://vip.lqcc.xyz:35455/itv/3000000010000005837.m3u8?cdn=FifastbLive
QTV-4,http://video10.qtv.com.cn/drm/qtv4at/manifest.m3u8
小鱼吃虾米,https://vd3.bdstatic.com/mda-jm2mi0c9rjqmq0rq/sc/mda-jm2mi0c9rjqmq0rq.mp4
汉天卫视,http://38.64.72.148/hls/modn/list/4025/playlist.m3u8
乐清新闻 [Geo-blocked],http://33809.hlsplay.aodianyun.com/guangdianyun_33809/tv_channel_170.m3u8
双辽,http://stream5.jlntv.cn/sl/sd/live.m3u8?zjild
咪咕赛事播20,http://vip.lqcc.xyz:35455/itv/3000000010000006077.m3u8?cdn=FifastbLive
QTV-5,http://video10.qtv.com.cn/drm/qtv5at/manifest.m3u8
猪肉鸡蛋焖腐竹,https://vd3.bdstatic.com/mda-jjhgubh597xbndc0/sc/mda-jjhgubh597xbndc0.mp4
KTSF26洛杉矶三藩市,http://38.64.72.148/hls/modn/list/4026/playlist.m3u8
乐清生活 [Geo-blocked],http://33809.hlsplay.aodianyun.com/guangdianyun_33809/tv_channel_171.m3u8
地理中国,http://newcntv.qcloudcdn.com/asp/hls/1200/0303000a/3/default/c6baf6f74bb944aeacee1065ea72c798/1200.m3u8
咪咕赛事播21,http://vip.lqcc.xyz:35455/itv/3000000010000006658.m3u8?cdn=FifastbLive
QTV-6,http://video10.qtv.com.cn/drm/qtv6at/manifest.m3u8
蚂蚁上树,https://vd3.bdstatic.com/mda-jdnm6vyr8mr52e8d/sc/mda-jdnm6vyr8mr52e8d.mp4
美国城市卫视,http://38.64.72.148/hls/modn/list/4028/playlist.m3u8
云南 Ⅰ 文山公共台 (1080p),http://tvdrs.wsrtv.com.cn:8100/channellive/ch2.flv
奎屯汉语,http://218.84.12.186:8001/hls/main/playlist.m3u8?zxinjd
咪咕赛事播22,http://vip.lqcc.xyz:35455/itv/3000000010000006944.m3u8?cdn=FifastbLive
Shandong Satellite TV (720p),http://125.210.152.18:9090/live/SDWSHD_H265.m3u8
茶香虾仁滑蛋,https://vd3.bdstatic.com/mda-jepdfbxf1zi2cuyj/sc/mda-jepdfbxf1zi2cuyj.mp4
华语电视一,http://38.64.72.148/hls/modn/list/4001/playlist.m3u8
云南 Ⅰ 文山综合台 (1080p) [Not 24/7],http://tvdrs.wsrtv.com.cn:8100/channellive/ch1.flv
柳河,http://stream5.jlntv.cn/lh/sd/live.m3u8?zjild
咪咕赛事播23,http://vip.lqcc.xyz:35455/itv/3000000010000007692.m3u8?cdn=FifastbLive
Shandong TV (1080p),http://39.134.115.163:8080/PLTV/88888910/224/3221225697/index.m3u8
干煸四季豆,https://vd3.bdstatic.com/mda-jhm33jyyaytkvbrf/sc/mda-jhm33jyyaytkvbrf.mp4
华语电视二,http://38.64.72.148/hls/modn/list/4002/playlist.m3u8
交城電視台 (576p),http://sxjc.chinashadt.com:2036/live/stream:jctv.stream/playlist.m3u8
桦甸,http://stream10.jlntv.cn/huadian/sd/live.m3u8?zjild
咪咕赛事播24,http://vip.lqcc.xyz:35455/itv/3000000010000009788.m3u8?cdn=FifastbLive
Shandong TV Agricultural Science Channel (406p) [Geo-blocked],http://livealone302.iqilu.com/iqilu/nkpd.m3u8
香辣藕片,https://vd3.bdstatic.com/mda-jhnwa6i0dqn086we/sc/mda-jhnwa6i0dqn086we.mp4
华语电视三,http://38.64.72.148/hls/modn/list/4003/playlist.m3u8
京视剧场 (576p),http://223.110.245.143/ott.js.chinamobile.com/PLTV/3/224/3221227040/index.m3u8
江津新闻,http://222.179.155.21:1935/ch1.m3u8?zzhongqd
咪咕赛事播25,http://vip.lqcc.xyz:35455/itv/3000000010000010833.m3u8?cdn=FifastbLive
Shandong TV Children's Channel (406p) [Geo-blocked],http://livealone302.iqilu.com/iqilu/sepd.m3u8
蒜蓉金针菇,https://vd3.bdstatic.com/mda-jhpviscevfkypzus/sc/mda-jhpviscevfkypzus.mp4
南浦大桥,video://https://www.9kds.com/zbzg.php?index=0
亳州农村 (360p),http://220.180.110.101:8083/videos/live/39/13/o4ncrHkSp7q09/o4ncrHkSp7q09.m3u8
汪清,http://stream5.jlntv.cn/wq/sd/live.m3u8?zjild
咪咕赛事播26,http://vip.lqcc.xyz:35455/itv/3000000010000011112.m3u8?cdn=FifastbLive
Shandong TV Life Channel (1080p) [Geo-blocked],http://livealone302.iqilu.com/iqilu/shpd.m3u8
蛋黄焗南瓜,https://vd3.bdstatic.com/mda-jhru6rb3dqk6adtb/sc/mda-jhru6rb3dqk6adtb.mp4
G60新桥收费口,video://https://www.9kds.com/zbzg.php?index=1
亳州新聞頻道 (360p),http://220.180.110.101:8083/videos/live/33/59/NC7XQdEveyncq/NC7XQdEveyncq.m3u8
玛纳斯,http://218.84.127.245:1026/hls/main1/playlist.m3u8?zxinjd
咪咕赛事播27,http://vip.lqcc.xyz:35455/itv/3000000010000011297.m3u8?cdn=FifastbLive
Shandong TV Qilu Channel (1080p) [Geo-blocked],http://livealone302.iqilu.com/iqilu/qlpd.m3u8
口水茄子,https://vd3.bdstatic.com/mda-jg2m78h2yz7pgyc4/sc/mda-jg2m78h2yz7pgyc4.mp4
滴水湖,video://https://www.9kds.com/zbzg.php?index=2
余姚姚江文化 (576p),https://l.cztvcloud.com/channels/lantian/SXyuyao3/720p.m3u8
珲春新闻,http://stream8.jlntv.cn/hctv/sd/live.m3u8?zjild
咪咕赛事播28,http://vip.lqcc.xyz:35455/itv/3000000010000011518.m3u8?cdn=FifastbLive
Shandong TV Sports Channel (1080p) [Geo-blocked],http://livealone302.iqilu.com/iqilu/typd.m3u8
蒜蓉茄子,https://vd3.bdstatic.com/mda-jhuzpquuxg885aqi/sc/mda-jhuzpquuxg885aqi.mp4
上海报业观景点,video://https://www.9kds.com/zbzg.php?index=3
余姚新闻综合 (576p),https://l.cztvcloud.com/channels/lantian/SXyuyao1/720p.m3u8
白山公共,http://stream8.jlntv.cn/baishan2/playlist.m3u8?zjild
咪咕赛事播29,http://vip.lqcc.xyz:35455/itv/3000000010000011763.m3u8?cdn=FifastbLive
Shandong TV Variety Channel (406p) [Geo-blocked],http://livealone302.iqilu.com/iqilu/zypd.m3u8
风味凉拌土豆片,https://vd3.bdstatic.com/mda-jdtm0ws1ckpykki8/sc/mda-jdtm0ws1ckpykki8.mp4
国家会展中心,video://https://www.9kds.com/zbzg.php?index=4
内蒙古 (576p),http://223.110.245.161/ott.js.chinamobile.com/PLTV/3/224/3221225836/index.m3u8
磐石,http://stream5.jlntv.cn/ps/sd/live.m3u8?zjild
咪咕赛事播30,http://vip.lqcc.xyz:35455/itv/3000000010000011873.m3u8?cdn=FifastbLive
Shenzhen Satellite TV (2160p),https://livepull-tcms.sztv.com.cn/live/sz4Kpgm.m3u8
家常豆腐,https://vd3.bdstatic.com/mda-jdvyti1539x3cidp/sc/mda-jdvyti1539x3cidp.mp4
中共一大会址纪念馆,video://https://www.9kds.com/zbzg.php?index=5
农安新闻综合 [Geo-blocked],https://stream2.jlntv.cn/naxw/sd/live.m3u8
舒兰新闻,http://stream8.jlntv.cn/shulan/sd/live.m3u8?zjild
咪咕赛事播31,http://vip.lqcc.xyz:35455/itv/3000000010000012398.m3u8?cdn=FifastbLive
Sichuan Satellite TV (576p),http://39.134.115.163:8080/PLTV/88888910/224/3221225733/index.m3u8
锅塌香椿豆腐,https://vd3.bdstatic.com/mda-jcpustuq9au9t7yu/sc/mda-jcpustuq9au9t7yu.mp4
上海北外滩,video://https://www.9kds.com/zbzg.php?index=6
利川公共 (576p) [Geo-blocked],http://lichuan.live.tempsource.cjyun.org/videotmp/s10093-lcgg.m3u8
辉南新闻,http://stream5.jlntv.cn/hn/sd/live.m3u8?zjild
咪咕赛事播32,http://vip.lqcc.xyz:35455/itv/3000000010000012450.m3u8?cdn=FifastbLive
Sichuan TV Women and Children Channel (720p) [Not 24/7],http://scgctvshow.sctv.com/hdlive/sctv7/index.m3u8
烤豆腐,https://vd3.bdstatic.com/mda-jk6vj6ru04mztq8f/sc/mda-jk6vj6ru04mztq8f.mp4
陆家嘴,video://https://www.9kds.com/zbzg.php?index=7
利川公共 (180p) [Not 24/7],http://uni6rtmp.tulix.tv:1935/vbstv/vbsabr.smil/chunklist_w1847269952_b204800.m3u8
通化县,http://stream5.jlntv.cn/thx/sd/live.m3u8?zjild
咪咕赛事播33,http://vip.lqcc.xyz:35455/itv/3000000010000012558.m3u8?cdn=FifastbLive
Siping TV,http://stream2.jlntv.cn/sptv/sd/live.m3u8?_upt=f27750421743154598
农家蒸豆腐,https://vd3.bdstatic.com/mda-jb8vimj8dqcv0ddk/sc/mda-jb8vimj8dqcv0ddk.mp4
外滩观光平,video://https://www.9kds.com/zbzg.php?index=8
利川新闻综合 (480p) [Not 24/7],http://uni6rtmp.tulix.tv:1935/vbstv/vbsabr.smil/chunklist_w439903609_b1228800.m3u8
靖宇,http://stream8.jlntv.cn/jytv/sd/live.m3u8?zjild
咪咕赛事播34,http://vip.lqcc.xyz:35455/itv/3000000010000012616.m3u8?cdn=FifastbLive
Tianjin TV (1080p),http://39.134.115.163:8080/PLTV/88888910/224/3221225698/index.m3u8
秘制豆腐,https://vd3.bdstatic.com/mda-jk3ru4bdd7m5yhrp/sc/mda-jk3ru4bdd7m5yhrp.mp4
外白渡桥,video://https://www.9kds.com/zbzg.php?index=9
前郭综合 [Geo-blocked],https://stream2.jlntv.cn/qg/sd/live.m3u8
飞碟之谜01,https://hls.cntv.lxdns.com/asp/hls/2000/0303000a/3/default/f0a47e155d32450daa1d36a04fd7d262/2000.m3u8
咪咕赛事播35,http://vip.lqcc.xyz:35455/itv/3000000010000015470.m3u8?cdn=FifastbLive
Tonghua TV (1080p),http://lsfb.avap.jilintv.cn/zqvk7vpj/channel/43ea5771aa44421591f9dfd2b71f1b9b/index.m3u8
猪血炒韭菜,https://vd3.bdstatic.com/mda-kk4q9jhyv6myujcb/v1-cae/sc/mda-kk4q9jhyv6myujcb.mp4
四行仓库抗战纪念馆,video://https://www.9kds.com/zbzg.php?index=10
动画王国 (1080p),http://183.207.248.71/cntv/live1/donghuawg/donghuawg
飞碟之谜02,https://newcntv.qcloudcdn.com/asp/hls/2000/0303000a/3/default/d2454bbb542d4613a9db478dab2addfd/2000.m3u8
咪咕赛事播36,http://vip.lqcc.xyz:35455/itv/3000000010000015560.m3u8?cdn=FifastbLive
TV BRICS Chinese (1080p),https://chibrics.mediacdn.ru/cdn/brics/chinese/playlist.m3u8
酒鬼花生,https://vd3.bdstatic.com/mda-jm7t0i4rvgfg0ia4/sc/mda-jm7t0i4rvgfg0ia4.mp4
上海临港大道东大公路,video://https://www.9kds.com/zbzg.php?index=11
北京紀實 (1080p),http://39.134.115.163:8080/PLTV/88888910/224/3221225675/index.m3u8
龙井,http://stream8.jlntv.cn/ljtv/sd/live.m3u8?zjild
咪咕赛事播37,http://vip.lqcc.xyz:35455/itv/3000000010000017389.m3u8?cdn=FifastbLive
VoA TV China (1080p),https://voa-ingest.akamaized.net/hls/live/2033878/tvmc08/playlist.m3u8
宫保松花蛋,https://vd3.bdstatic.com/mda-jdkk212bkwzjg044/sc/mda-jdkk212bkwzjg044.mp4
北京密云古北水镇,video://https://www.9kds.com/zbzg.php?index=13
北京紀實 (1080p),http://39.134.115.163:8080/PLTV/88888910/224/3221225676/index.m3u8
笑看风云,https://live.metshop.top/huya/29465858
咪咕赛事播38,http://vip.lqcc.xyz:35455/itv/3000000010000017678.m3u8?cdn=FifastbLive
干锅杏鲍菇,https://vd3.bdstatic.com/mda-ka3bgp3y9pnaxfdt/sc/mda-ka3bgp3y9pnaxfdt.mp4
Xi'an Business Information Channel (180p) [Not 24/7],http://stream2.xiancity.cn/xatv3/playlist.m3u8
江苏连云港228省道观鸟点,video://https://www.9kds.com/zbzg.php?index=14
北京财经 [Not 24/7],http://ivi.bupt.edu.cn/hls/btv5.m3u8
AMC音乐,https://AMChls.wns.live/hls/stream.m3u8
咪咕赛事播39,http://vip.lqcc.xyz:35455/itv/3000000010000017997.m3u8?cdn=FifastbLive
平菇炒鸡蛋,https://vd3.bdstatic.com/mda-jmnbdrqmvyjmeyqs/v1-cae/sc/mda-jmnbdrqmvyjmeyqs.mp4
Xi'an Silk Road Channel (404p) [Not 24/7],http://stream2.xiancity.cn/xatv5/playlist.m3u8
江苏盐城东台观鸟点,video://https://www.9kds.com/zbzg.php?index=15
北京青年 [Not 24/7],http://ivi.bupt.edu.cn/hls/btv8.m3u8
音乐欣赏,http://61.221.215.25:8800/hls/49/index.m3u8
咪咕赛事播40,http://vip.lqcc.xyz:35455/itv/3000000010000019380.m3u8?cdn=FifastbLive
湿炒牛河,https://vd3.bdstatic.com/mda-jgekbcvjk7mwtkae/sc/mda-jgekbcvjk7mwtkae.mp4
Xinjiang TV 1,https://klmysjtzb.rcsxzx.com/hls/klmy2.m3u8
山东青岛艾山天文台|看星星,video://https://www.9kds.com/zbzg.php?index=16
北碚综合 (576p) [Not 24/7],http://222.178.181.121:12034/beibei01.m3u8
1987年春晚,https://txmov2.a.kwimgs.com/bs3/video-hls/5195746663405928031_hlsb.m3u8
咪咕赛事播41,http://vip.lqcc.xyz:35455/itv/3000000010000019839.m3u8?cdn=FifastbLive
金针菇豆腐蛋花汤,https://vd3.bdstatic.com/mda-jg1ccbqk185isyua/sc/mda-jg1ccbqk185isyua.mp4
Xinjiang TV 2,http://110.153.180.106:55555/out_3/index.m3u8
安徽黄山妙笔生花,video://https://www.9kds.com/zbzg.php?index=17
华亭电视台 (1080p),http://117.156.28.119/270000001111/1110000148/index.m3u8
1988年春晚,https://txmov2.a.kwimgs.com/bs3/video-hls/5216575810935394655_hlsb.m3u8
咪咕赛事播42,http://vip.lqcc.xyz:35455/itv/3000000010000020168.m3u8?cdn=FifastbLive
安徽黄山始信峰,https://gcalic.v.myalicdn.com/gc/hlwcc_1/index.m3u8
Xinjiang TV 3,http://110.153.180.106:55555/out_2/index.m3u8
安徽黄山始信峰,video://https://www.9kds.com/zbzg.php?index=18
南京十八 (576p),http://183.207.248.71/gitv/live1/G_NJSB/G_NJSB
1989年春晚,https://txmov2.a.kwimgs.com/bs3/video-hls/5194620763762726260_hlsb.m3u8
咪咕赛事播43,http://vip.lqcc.xyz:35455/itv/3000000010000021904.m3u8?cdn=FifastbLive
安徽黄山卧云峰,http://gctxyc.liveplay.myqcloud.com/gc/wgw02_1/index.m3u8
Xinjiang TV 8,http://120.70.60.179:9901/tsfile/live/1002_1.m3u8?authid=0&key=txiptv&playlive=1
安徽黄山始信新道,video://https://www.9kds.com/zbzg.php?index=19
南京教科 (720p) [Not 24/7],https://live.nbs.cn/channels/njtv/jkpd/m3u8:500k/live.m3u8
1993年春晚,https://alimov2.a.kwimgs.com/upic/2023/01/13/22/BMjAyMzAxMTMyMjEwMDNfNDAzMDAxOTlfOTM1MTIzMzYwODJfMF8z_b_B647d10e431b4cc5e48e6c77347d69021.mp4
咪咕赛事播44,http://vip.lqcc.xyz:35455/itv/3000000010000023434.m3u8?cdn=FifastbLive
安徽黄山西海大峡谷,https://gcalic.v.myalicdn.com/gc/yxlcyt_1/index.m3u8
Xizang TV Chinese,https://pili-live-hls-zdzz-tv.zzxwcm.cn/zdzz-tv/nqzh.m3u8
安徽黄山西海大峡谷,video://https://www.9kds.com/zbzg.php?index=20
南京教科 (576p),http://223.110.245.155/ott.js.chinamobile.com/PLTV/3/224/3221227194/index.m3u8
1994年春晚,https://alimov2.a.kwimgs.com/upic/2023/01/13/22/BMjAyMzAxMTMyMjEwMDNfNDAzMDAxOTlfOTM1MTIzMzYxMjNfMF8z_b_B3dde97f36273f04403d4dc5eec611a35.mp4
咪咕赛事播45,http://vip.lqcc.xyz:35455/itv/3000000010000024205.m3u8?cdn=FifastbLive
安徽黄山排云亭,https://gcalic.v.myalicdn.com/gc/yxxdpf_1/index.m3u8
Xizang TV Tibetan (720p) [Not 24/7],http://php.jdshipin.com:8880/xztv.php?id=zy
安徽黄山排云亭,video://https://www.9kds.com/zbzg.php?index=21
南阳新闻 (1080p) [Not 24/7],http://30539.hlsplay.aodianyun.com/lms_30539/tv_channel_142.m3u8
1995年春晚,https://alimov2.a.kwimgs.com/upic/2023/01/13/20/BMjAyMzAxMTMyMDA5MjJfNDAzMDAxOTlfOTM0OTkwNDQwNzVfMF8z_b_B811c0dec6b9a3d3074a18522c185010a.mp4
咪咕赛事播46,http://vip.lqcc.xyz:35455/itv/3000000010000024691.m3u8?cdn=FifastbLive
河北沧州南大港湿地,https://gcalic.v.myalicdn.com/gc/ztn_1/index.m3u8
Xuzhou Economic Life Channel (1080p),http://223.110.245.167/ott.js.chinamobile.com/PLTV/3/224/3221225947/index.m3u8
安徽黄山光明顶,video://https://www.9kds.com/zbzg.php?index=22
南陽公共頻道 (1080p) [Not 24/7],http://30539.hlsplay.aodianyun.com/lms_30539/tv_channel_295.m3u8
1996年春晚,https://alimov2.a.kwimgs.com/upic/2023/01/13/22/BMjAyMzAxMTMyMjEwMDNfNDAzMDAxOTlfOTM1MTIzMzYxNTJfMF8z_b_Bd841eae10ab1c9955ef55fbedfae6c45.mp4
咪咕赛事播47,http://vip.lqcc.xyz:35455/itv/3000000010000025380.m3u8?cdn=FifastbLive
未知景点,https://gcalic.v.myalicdn.com/gc/ljgcwglytylxs_1/index.m3u8
Yanbian Satellite TV (576p),http://223.110.245.139/PLTV/4/224/3221227008/index.m3u8
江苏南京玄武湖景区,video://https://www.9kds.com/zbzg.php?index=23
南陽科教頻道 (1080p) [Not 24/7],http://30539.hlsplay.aodianyun.com/lms_30539/tv_channel_296.m3u8
2000年春晚,https://alimov2.a.kwimgs.com/upic/2023/01/13/21/BMjAyMzAxMTMyMTE4MzRfNDAzMDAxOTlfOTM1MDY4ODIxMTNfMF8z_b_Bdddf4e7ef0ff6cfd477857bb40e78419.mp4
咪咕赛事播48,http://vip.lqcc.xyz:35455/itv/3000000010000025943.m3u8?cdn=FifastbLive
未知景点车,https://gcalic.v.myalicdn.com/gc/ljgcdsc_1/index.m3u8
You Man Cartoon Channel (576p),http://183.207.249.15/PLTV/4/224/3221225933/index.m3u8
江苏连云港228省道观鸟点,video://https://www.9kds.com/zbzg.php?index=24
吉州新聞綜合 (1080p),http://218.204.153.158/10.m3u8
2001年春晚,https://alimov2.a.kwimgs.com/upic/2023/01/13/20/BMjAyMzAxMTMyMDA5MjJfNDAzMDAxOTlfOTM0OTkwNDQyMDFfMF8z_b_B70592cb7c4054e9cabb675e849bbf4bd.mp4
咪咕赛事播49,http://vip.lqcc.xyz:35455/itv/3000000010000027318.m3u8?cdn=FifastbLive
河北沧州运河公园,https://gcalic.v.myalicdn.com/gc/ljgcdyhxgjt_1/index.m3u8
Yunnan Satellite TV (1080p),https://hwapi.yunshicloud.com/8xughf/e0bx15.m3u8
江苏盐城东台观鸟点,video://https://www.9kds.com/zbzg.php?index=25
吉林市新闻综合 [Geo-blocked],https://stream2.jlntv.cn/jilin1/sd/live.m3u8
2002年春晚,https://alimov2.a.kwimgs.com/upic/2023/01/13/21/BMjAyMzAxMTMyMTE4MzRfNDAzMDAxOTlfOTM1MDY4ODIxNDdfMF8z_b_Ba6271d10b7e6cfae83759033a091f257.mp4
咪咕赛事播50,http://vip.lqcc.xyz:35455/itv/3000000010000027638.m3u8?cdn=FifastbLive
河北秦皇岛金梦海湾,https://gcalic.v.myalicdn.com/gc/zjwzblt_1/index.m3u8
Zhejiang International Channel,https://ali-m-l.cztv.com/channels/lantian/channel10/1080p.m3u8
广东深圳福田红树林,video://https://www.9kds.com/zbzg.php?index=26
吴江新闻综合 (720p) [Not 24/7],http://30515.hlsplay.aodianyun.com/lms_30515/tv_channel_239.m3u8
2003年春晚,https://alimov2.a.kwimgs.com/upic/2023/01/14/23/BMjAyMzAxMTQyMzQxNDdfNDAzMDAxOTlfOTM2MTU0MTk1NDFfMF8z_b_B182749d2cd2ea9323639254af385f24b.mp4
咪咕赛事播51,http://vip.lqcc.xyz:35455/itv/3000000010000027691.m3u8?cdn=FifastbLive
未知景点,https://gcalic.v.myalicdn.com/gc/zjwzlyhb_1/index.m3u8
Zhejiang Satellite TV (1080p),http://39.134.115.163:8080/PLTV/88888910/224/3221225703/index.m3u8
河北承德塞罕坝,video://https://www.9kds.com/zbzg.php?index=27
和政电视台,http://117.156.28.119/270000001111/1110000149/index.m3u8
2004年春晚,https://alimov2.a.kwimgs.com/upic/2023/01/13/21/BMjAyMzAxMTMyMTE4MzRfNDAzMDAxOTlfOTM1MDY4ODIxOTVfMF8z_b_B86c4430b82ff5a7f4e8132f6ee558536.mp4
咪咕赛事播52,http://vip.lqcc.xyz:35455/itv/3000000010000031669.m3u8?cdn=FifastbLive
江北秦皇岛老龙头,https://gcalic.v.myalicdn.com/gc/zjwzbblh_1/index.m3u8
河北沧州南川老街,video://https://www.9kds.com/zbzg.php?index=28
四川 Ⅰ 四川影视台 (720p) [Not 24/7],http://scgctvshow.sctv.com/hdlive/sctv5/index.m3u8
2005年春晚,https://alimov2.a.kwimgs.com/upic/2023/01/13/20/BMjAyMzAxMTMyMDA5MjJfNDAzMDAxOTlfOTM0OTkwNDQyMzhfMF8z_b_B35ad7cc86aec8fc9e5ddfb31fc7bed63.mp4
咪咕赛事播53,http://vip.lqcc.xyz:35455/itv/3000000010000032106.m3u8?cdn=FifastbLive
新疆昌吉州天山天池,https://gcalic.v.myalicdn.com/gc/zjwzlxt_1/index.m3u8
河北沧州运河公园,video://https://www.9kds.com/zbzg.php?index=29
四川 Ⅰ 四川新闻台 (720p) [Not 24/7],http://scgctvshow.sctv.com/hdlive/sctv4/index.m3u8
2006年春晚,https://alimov2.a.kwimgs.com/upic/2023/01/13/20/BMjAyMzAxMTMyMDA5MjJfNDAzMDAxOTlfOTM0OTkwNDQyNzlfMF8z_b_Bbc3703fc331dc994c50859c19aad28ff.mp4
喜羊羊与灰太狼,https://live.ottiptv.cc/huya/23865080
甘肃定西漳县贵清山植物园,https://gcalic.v.myalicdn.com/gc/lsdfgfl_1/index.m3u8
河北秦皇岛老龙头,video://https://www.9kds.com/zbzg.php?index=30
四川 Ⅰ 巴中综合台 (1080p) [Not 24/7],http://30814.hlsplay.aodianyun.com/lms_30814/tv_channel_246.flv
2007年春晚,https://alimov2.a.kwimgs.com/upic/2023/01/13/20/BMjAyMzAxMTMyMDA5MjJfNDAzMDAxOTlfOTM0OTkwNDQzMjNfMF8z_b_B00b069c7899976459ceeaa99353dfefe.mp4
精灵宝可梦,https://live.ottiptv.cc/huya/23749096
黑龙江萝北县嘟噜河省级自然保护区,https://gcalic.v.myalicdn.com/gc/hkylxs05_1/index.m3u8
河北秦皇岛金梦海湾,video://https://www.9kds.com/zbzg.php?index=31
四川 Ⅰ 星空购物台 (720p) [Not 24/7],http://scgctvshow.sctv.com/hdlive/sctv6/index.m3u8
2009年春晚,https://alimov2.a.kwimgs.com/upic/2023/01/13/20/BMjAyMzAxMTMyMDA5MjJfNDAzMDAxOTlfOTM0OTkwNDQzOTBfMF8z_b_B29a36a85e0277f6c2a1f033ef7c10708.mp4
名侦探柯南,https://live.ottiptv.cc/huya/30080236
陕西西安大雁塔,https://gcalic.v.myalicdn.com/gc/hkylxs01_1/index.m3u8
河北邯郸京娘湖,video://https://www.9kds.com/zbzg.php?index=32
四川 Ⅰ 达州公共台 (720p) [Not 24/7],http://m3u8.channellive.dzxw.net/cms/videos/nmip-media/channellive/channel36/playlist.m3u8
2010年春晚,https://alimov2.a.kwimgs.com/upic/2023/01/13/20/BMjAyMzAxMTMyMDA5MjJfNDAzMDAxOTlfOTM0OTkwNDQ0MjlfMF8z_b_B8818807a00eed329a69fb494f405bd43.mp4
周星驰电影,https://live.metshop.top/huya/11342412
广东广州绿美白江湖,https://gcalic.v.myalicdn.com/gc/ylxs11_1/index.m3u8
河南焦作云台山红石峡,video://https://www.9kds.com/zbzg.php?index=33
四川 Ⅰ 达州综合台 (720p) [Not 24/7],http://m3u8.channellive.dzxw.net/cms/videos/nmip-media/channellive/channel35/playlist.m3u8
2013年春晚,https://alimov2.a.kwimgs.com/upic/2023/01/13/20/BMjAyMzAxMTMyMDA5MjJfNDAzMDAxOTlfOTM0OTkwNDQ1NjNfMF8z_b_B4fea55408dca4471a68a963ae096be59.mp4
林正英电影,https://live.metshop.top/huya/11342421
未知景点,https://gcalic.v.myalicdn.com/gc/hkylxs06_1/index.m3u8
湖南邵阳崀山八角寨,video://https://www.9kds.com/zbzg.php?index=34
四川妇女儿童 (720p) [Not 24/7],http://scgctvshow.sctv.com/hdlive/sctv7/index.m3u8
2014年春晚,https://alimov2.a.kwimgs.com/upic/2023/01/06/16/BMjAyMzAxMDYxNjMxMTNfNDAzMDAxOTlfOTI4OTY2ODAzNjlfMF8z_b_Bdee65c77f9e7b2120a185c919dad81d2.mp4
刘德华电影,https://live.metshop.top/huya/11342424
云南保山板桥镇青龙街,https://gcalic.v.myalicdn.com/gc/ylxs12_1/index.m3u8
福建南平武夷山玉女峰,video://https://www.9kds.com/zbzg.php?index=35
四平新闻综合 [Geo-blocked],https://stream2.jlntv.cn/sptv/sd/live.m3u8
2018年春晚,https://alimov2.a.kwimgs.com/upic/2023/01/06/16/BMjAyMzAxMDYxNjMxMTRfNDAzMDAxOTlfOTI4OTY2ODE2MTBfMF8z_b_B11a778e34390a21de42d407e94f45b91.mp4
古天乐电影,https://live.metshop.top/huya/29982675
北京密云古北水镇,https://gcalic.v.myalicdn.com/gc/dlst03_1/index.m3u8
福建三明建宁城区,video://https://www.9kds.com/zbzg.php?index=36
大冶一套 [Geo-blocked],http://dayeyun.live.tempsource.cjyun.org/videotmp/s10102-TC1T.m3u8
2024年春晚,https://p2.bdstatic.com/rtmp.liveshow.lss-user.baidubce.com/live/stream_bduid_6488563992_8982723413/merged_1707497046297_88536_25144_41936.m3u8
成龙电影,https://live.metshop.top/huya/11342386
吉林省吉林市北山公园,https://gcalic.v.myalicdn.com/gc/hkylxs03_1/index.m3u8
黑龙江哈尔滨霁虹桥,video://https://www.9kds.com/zbzg.php?index=37
大冶二套 [Geo-blocked],http://dayeyun.live.tempsource.cjyun.org/videotmp/s10102-TC2T.m3u8
2025年春晚,https://svip.high24-playback.com/20250129/17159_7bca93c4/2000k/hls/mixed.m3u8
李连杰电影,https://live.metshop.top/huya/11342390
江苏无锡鼋头渚,https://gcalic.v.myalicdn.com/gc/blg05_1/index.m3u8
黑龙江嘟噜河保护区,video://https://www.9kds.com/zbzg.php?index=38
大悟综合 [Geo-blocked],http://yunshangdawu.live.tempsource.cjyun.org/videotmp/s10129-dwzhpd.m3u8
中央电视塔东,https://gcalic.v.myalicdn.com/gc/ztd_1/index.m3u8
甄子丹电影,https://live.metshop.top/huya/11352935
河北沧州南川老街,https://gcalic.v.myalicdn.com/gc/lpsgmjng01_1/index.m3u8
西湾跨海大桥直播,video://https://www.9kds.com/zbzg.php?index=39
大爱海外 (720p),https://pulltv3.wanfudaluye.com/live/tv3.m3u8
中央电视塔南,https://gcalic.v.myalicdn.com/gc/ztn_1/index.m3u8
沈腾电影,https://live.metshop.top/huya/11601968
南京玄武湖公园,https://gcalic.v.myalicdn.com/gc/xwh01_1/index.m3u8
吉林省吉林市北山公园,video://https://www.9kds.com/zbzg.php?index=40
孟州电视台 (1080p) [Not 24/7],http://live.dxhmt.cn:9081/tv/10883-1.m3u8
丽江古城万古楼遥望玉龙雪山,https://gcalic.v.myalicdn.com/gc/ljgcwglytylxs_1/index.m3u8
黄渤电影,https://live.metshop.top/huya/11352876
甘肃兰州中山桥,https://gcalic.v.myalicdn.com/gc/gly01_1/index.m3u8
新疆天山天池,video://https://www.9kds.com/zbzg.php?index=41
安徽 Ⅰ 郎溪综合台 (1080p),http://117.70.93.210:1935/live/xinwen/playlist.m3u8
丽江古城大水车,https://gcalic.v.myalicdn.com/gc/ljgcdsc_1/index.m3u8
强森电影,https://live.metshop.top/huya/21059581
广东汕尾海丰鸟省级自然保护区,https://gcalic.v.myalicdn.com/gc/sgns02_1/index.m3u8
四姑娘山,video://https://www.9kds.com/zbzg.php?index=42
安徽 Ⅰ 铜陵公共 (720p),http://dstpush1.retalltech.com/app/stream2.m3u8
丽江古城大研花巷观景,https://gcalic.v.myalicdn.com/gc/ljgcdyhxgjt_1/index.m3u8
王晶电影,https://live.metshop.top/huya/11602058
四川峨眉山云海日出,https://gcalic.v.myalicdn.com/gc/emsarm_1/index.m3u8
婆缪峰,video://https://www.9kds.com/zbzg.php?index=43
安徽 Ⅰ 铜陵综合 (720p),http://dstpush1.retalltech.com/app/stream1.m3u8
乌镇全景,https://gcalic.v.myalicdn.com/gc/zjwzblt_1/index.m3u8
金庸武侠,https://live.metshop.top/huya/11342435
青海祁连山野牛沟拉克龙洼,https://gcalic.v.myalicdn.com/gc/emspxps_1/index.m3u8
隆珠措,video://https://www.9kds.com/zbzg.php?index=44
完美游戏 (1080p) [Not 24/7],http://183.207.248.71/cntv/live1/wmyx/wmyx
乌镇蓝印花布,https://gcalic.v.myalicdn.com/gc/zjwzlyhb_1/index.m3u8
功夫电影,https://live.metshop.top/huya/11352941
山西大同古楼,https://gcalic.v.myalicdn.com/gc/emswfs_1/index.m3u8
阿妣山,video://https://www.9kds.com/zbzg.php?index=45
家庭理财 (576p),http://223.110.245.139/PLTV/4/224/3221227011/index.m3u8
乌镇西市河,https://gcalic.v.myalicdn.com/gc/zjwzbblh_1/index.m3u8
贺岁电影,https://live.metshop.top/huya/11601986
浙江舟山嵊泗县中心渔港,https://gcalic.v.myalicdn.com/gc/emsyh_1/index.m3u8
凤凰澳洲,http://kt.hmysapp.cn:222/cdnlive.php?mode=play;id=3cc83ada5a8d350182f34b3515400dbf;token=fRfrVRwByx2YB2HDJeYAgdVDU9tZVSat;machineid=495211d81289c09b;userip=36.231.95.229;useragent=Dalvik%2F2.1.0%20%28Linux%3B%20U%3B%20Android%2012%3B%20V2166A%20Build%2Fd063e58.0%29;source=dl_app
家有购物 (720p) [Not 24/7],http://183.207.248.71/cntv/live1/SD-1500k-576P-jiayougw/SD-1500k-576P-jiayougw
乌镇龙形田,https://gcalic.v.myalicdn.com/gc/zjwzlxt_1/index.m3u8
怪兽电影,https://live.metshop.top/huya/21059577
云南大理云南驿茶马古道,https://gcalic.v.myalicdn.com/gc/tyhjtys_1/index.m3u8
TVB-华丽翡翠,http://kt.hmysapp.cn:222/cdnlive.php?mode=play;id=b654513ab752f7a72e6445fcb756a74f;token=fRfrVRwByx2YB2HDJeYAgdVDU9tZVSat;machineid=495211d81289c09b;userip=36.231.95.229;useragent=Dalvik%2F2.1.0%20%28Linux%3B%20U%3B%20Android%2012%3B%20V2166A%20Build%2Fd063e58.0%29;source=dl_app
宿州公共 (1080p) [Not 24/7],http://live.ahsz.tv/video/s10001-ggpd/index.m3u8
乐山大佛全景,https://gcalic.v.myalicdn.com/gc/lsdfgfl_1/index.m3u8
武侠电影,https://live.metshop.top/huya/11342427
未知景点,https://gcalic.v.myalicdn.com/gc/jhs05_1/index.m3u8
TVB-黄金华剧,http://kt.hmysapp.cn:222/cdnlive.php?mode=play;id=96e0bcab4e9aa165d4c5ef690762e0b0;token=fRfrVRwByx2YB2HDJeYAgdVDU9tZVSat;machineid=495211d81289c09b;userip=36.231.95.229;useragent=Dalvik%2F2.1.0%20%28Linux%3B%20U%3B%20Android%2012%3B%20V2166A%20Build%2Fd063e58.0%29;source=dl_app
宿州新闻综合 (1080p) [Not 24/7],http://live.ahsz.tv/video/s10001-szzh/index.m3u8
云南丽江冰川,https://gcalic.v.myalicdn.com/gc/hkylxs05_1/index.m3u8
玄幻电影,https://live.metshop.top/huya/11342414
河北承德塞罕坝,https://gcalic.v.myalicdn.com/gc/gllj01_1/index.m3u8
TVB-千禧经典,http://kt.hmysapp.cn:222/cdnlive.php?mode=play;id=293ac51056235368be698c698197b3e9;token=fRfrVRwByx2YB2HDJeYAgdVDU9tZVSat;machineid=495211d81289c09b;userip=36.231.95.229;useragent=Dalvik%2F2.1.0%20%28Linux%3B%20U%3B%20Android%2012%3B%20V2166A%20Build%2Fd063e58.0%29;source=dl_app
宿州科教 (1080p) [Not 24/7],http://live.ahsz.tv/video/s10001-kxjy/index.m3u8
云南丽江印象实景,https://gcalic.v.myalicdn.com/gc/hkylxs01_1/index.m3u8
罪犯电影,https://live.metshop.top/huya/11352962
广西玉林大容山莲花山顶,https://gcalic.v.myalicdn.com/gc/drs01_1/index.m3u8
TVB-生活,http://kt.hmysapp.cn:222/cdnlive.php?mode=play;id=98794fafab0c7b0e92896a344adcc2ed;token=fRfrVRwByx2YB2HDJeYAgdVDU9tZVSat;machineid=495211d81289c09b;userip=36.231.95.229;useragent=Dalvik%2F2.1.0%20%28Linux%3B%20U%3B%20Android%2012%3B%20V2166A%20Build%2Fd063e58.0%29;source=dl_app
宿迁公共 (480p),http://223.110.245.153/ott.js.chinamobile.com/PLTV/3/224/3221226939/index.m3u8
云南丽江玉龙雪山,https://gcalic.v.myalicdn.com/gc/ylxs11_1/index.m3u8
战争电影,https://live.metshop.top/huya/21059574
云南保山比顿咖啡产业文华园,https://gcalic.v.myalicdn.com/gc/zyqcdx01_1/index.m3u8
TVB-综艺,http://kt.hmysapp.cn:222/cdnlive.php?mode=play;id=2dae4813e183ec35e6e18dab2c93bcdd;token=fRfrVRwByx2YB2HDJeYAgdVDU9tZVSat;machineid=495211d81289c09b;userip=36.231.95.229;useragent=Dalvik%2F2.1.0%20%28Linux%3B%20U%3B%20Android%2012%3B%20V2166A%20Build%2Fd063e58.0%29;source=dl_app
山东农科 (406p) [Geo-blocked],http://livealone302.iqilu.com/iqilu/nkpd.m3u8
云南丽江玉龙雪山草甸,https://gcalic.v.myalicdn.com/gc/hkylxs06_1/index.m3u8
谍战电影,https://live.metshop.top/huya/21059585
吉林朱雀云顶远眺,https://gcalic.v.myalicdn.com/gc/hsxksqj_1/index.m3u8
TVB-亚洲剧,http://kt.hmysapp.cn:222/cdnlive.php?mode=play;id=db79880374fcfcc4bd727642413a6443;token=fRfrVRwByx2YB2HDJeYAgdVDU9tZVSat;machineid=495211d81289c09b;userip=36.231.95.229;useragent=Dalvik%2F2.1.0%20%28Linux%3B%20U%3B%20Android%2012%3B%20V2166A%20Build%2Fd063e58.0%29;source=dl_app
山东少儿 (406p) [Geo-blocked],http://livealone302.iqilu.com/iqilu/sepd.m3u8
云南丽江蓝月谷,https://gcalic.v.myalicdn.com/gc/ylxs12_1/index.m3u8
枪战电影,https://live.metshop.top/huya/21059579
河北邯郸京娘湖,http://gctxyc.liveplay.myqcloud.com/gc/xjtcdhsz_1/index.m3u8
TVB-华语剧,http://kt.hmysapp.cn:222/cdnlive.php?mode=play;id=6315b61b0ae7756c01210d79d527f53a;token=fRfrVRwByx2YB2HDJeYAgdVDU9tZVSat;machineid=495211d81289c09b;userip=36.231.95.229;useragent=Dalvik%2F2.1.0%20%28Linux%3B%20U%3B%20Android%2012%3B%20V2166A%20Build%2Fd063e58.0%29;source=dl_app
山东居家购物 (360p) [Geo-blocked],http://livealone302.iqilu.com/iqilu/gwpd.m3u8
云南大理崇圣寺三塔中景,https://gcalic.v.myalicdn.com/gc/dlst03_1/index.m3u8
狄仁杰电影,https://live.metshop.top/huya/30080229
河南焦作红石峡,https://gcalic.v.myalicdn.com/gc/pts01_1/index.m3u8
TVB-粤语片,http://kt.hmysapp.cn:222/cdnlive.php?mode=play;id=363b54c3886040017d7fa5bb29ad0335;token=fRfrVRwByx2YB2HDJeYAgdVDU9tZVSat;machineid=495211d81289c09b;userip=36.231.95.229;useragent=Dalvik%2F2.1.0%20%28Linux%3B%20U%3B%20Android%2012%3B%20V2166A%20Build%2Fd063e58.0%29;source=dl_app
山东影视 (406p) [Geo-blocked],http://livealone302.iqilu.com/iqilu/yspd.m3u8
云南大理崇圣寺三塔远景,https://gcalic.v.myalicdn.com/gc/dlst01_1/index.m3u8
末日电影合集,https://live.ottiptv.cc/yy/1354889019
云南德宏了勐焕大金塔,https://gcalic.v.myalicdn.com/gc/dhyyqsm_1/index.m3u8
TVB-粤语片(澳洲),http://kt.hmysapp.cn:222/cdnlive.php?mode=play;id=524b79358dbeca9f89184cbbe2e64720;token=fRfrVRwByx2YB2HDJeYAgdVDU9tZVSat;machineid=495211d81289c09b;userip=36.231.95.229;useragent=Dalvik%2F2.1.0%20%28Linux%3B%20U%3B%20Android%2012%3B%20V2166A%20Build%2Fd063e58.0%29;source=dl_app
山东新闻 (1080p) [Geo-blocked],http://livealone302.iqilu.com/iqilu/ggpd.m3u8
云南白沙远眺玉龙雪山,https://gcalic.v.myalicdn.com/gc/hkylxs03_1/index.m3u8
宇宙科幻合集,https://live.metshop.top/huya/11342428
望乡台,https://gcalic.v.myalicdn.com/gc/hlwxt_1/index.m3u8
TVB-戏曲,http://kt.hmysapp.cn:222/cdnlive.php?mode=play;id=36a506ea249cb8cf3fed56dbf6b21cd7;token=fRfrVRwByx2YB2HDJeYAgdVDU9tZVSat;machineid=495211d81289c09b;userip=36.231.95.229;useragent=Dalvik%2F2.1.0%20%28Linux%3B%20U%3B%20Android%2012%3B%20V2166A%20Build%2Fd063e58.0%29;source=dl_app
山东生活 (1080p) [Geo-blocked],http://livealone302.iqilu.com/iqilu/shpd.m3u8
五彩池,https://gcalic.v.myalicdn.com/gc/hlwcc_1/index.m3u8
古装武侠,http://www.goodiptv.club/douyu/2793084
陕西西安阎良关石川河风景区,https://gcalic.v.myalicdn.com/gc/nss01_1/index.m3u8
TVB-翡翠一,http://kt.hmysapp.cn:222/cdnlive.php?mode=play;id=e9e1fe6c5259651029eda4e899282675;token=fRfrVRwByx2YB2HDJeYAgdVDU9tZVSat;machineid=495211d81289c09b;userip=36.231.95.229;useragent=Dalvik%2F2.1.0%20%28Linux%3B%20U%3B%20Android%2012%3B%20V2166A%20Build%2Fd063e58.0%29;source=dl_app
山东综艺 (406p) [Geo-blocked],http://livealone302.iqilu.com/iqilu/zypd.m3u8
八里沟风景区天界山玻璃栈道,https://gcalic.v.myalicdn.com/gc/blg03_1/index.m3u8
邵氏影院,http://www.goodiptv.club/douyu/4246519
重庆渝中李子坝,https://gcalic.v.myalicdn.com/gc/ylh04_1/index.m3u8
TVB-翡翠娱乐,http://kt.hmysapp.cn:222/cdnlive.php?mode=play;id=8230da2d607ec3e66b388b2366063a9f;token=fRfrVRwByx2YB2HDJeYAgdVDU9tZVSat;machineid=495211d81289c09b;userip=36.231.95.229;useragent=Dalvik%2F2.1.0%20%28Linux%3B%20U%3B%20Android%2012%3B%20V2166A%20Build%2Fd063e58.0%29;source=dl_app
山东齐鲁 (1080p) [Geo-blocked],http://livealone302.iqilu.com/iqilu/qlpd.m3u8
八里沟风景区桃花湾瀑布,https://gcalic.v.myalicdn.com/gc/blg05_1/index.m3u8
冰冰影剧,http://www.goodiptv.club/douyu/74374
云南大理无量山樱花谷,https://gcalic.v.myalicdn.com/gc/taishan01_1/index.m3u8
TVB-翡翠综合,http://kt.hmysapp.cn:222/cdnlive.php?mode=play;id=61022b25a00c6d2ee5e78ad604544308;token=fRfrVRwByx2YB2HDJeYAgdVDU9tZVSat;machineid=495211d81289c09b;userip=36.231.95.229;useragent=Dalvik%2F2.1.0%20%28Linux%3B%20U%3B%20Android%2012%3B%20V2166A%20Build%2Fd063e58.0%29;source=dl_app
岳阳公共 (576p),http://live.hnxttv.com:9601/live/dspd/800K/tzwj_video.m3u8?BVUUID=C236454D-5355-2F5F-FA96-1887C72E55CE&auth=654837809071524@615@2E9A5FD0B225B012E3178551CF3754A8
六盘山红军长征景区,https://gcalic.v.myalicdn.com/gc/lpsgmjng01_1/index.m3u8
刀刀影院,http://www.goodiptv.club/douyu/747764
江苏无锡大剧院,https://gcalic.v.myalicdn.com/gc/taishan05_1/index.m3u8
TVB-星河(国),http://kt.hmysapp.cn:222/cdnlive.php?mode=play;id=baa86b01502cb973558cfabd6a59467b;token=fRfrVRwByx2YB2HDJeYAgdVDU9tZVSat;machineid=495211d81289c09b;userip=36.231.95.229;useragent=Dalvik%2F2.1.0%20%28Linux%3B%20U%3B%20Android%2012%3B%20V2166A%20Build%2Fd063e58.0%29;source=dl_app
岷县电视台 (1080p),http://117.156.28.119/270000001111/1110000130/index.m3u8
南京玄武湖公园,https://gcalic.v.myalicdn.com/gc/xwh01_1/index.m3u8
华语影视,http://www.goodiptv.club/douyu/3928
云南丽江远眺玉龙雪山,https://gcalic.v.myalicdn.com/gc/hkts07_1/index.m3u8
TVB-星河(粤),http://kt.hmysapp.cn:222/cdnlive.php?mode=play;id=e4e7401dba979b89d746e5317393c046;token=fRfrVRwByx2YB2HDJeYAgdVDU9tZVSat;machineid=495211d81289c09b;userip=36.231.95.229;useragent=Dalvik%2F2.1.0%20%28Linux%3B%20U%3B%20Android%2012%3B%20V2166A%20Build%2Fd063e58.0%29;source=dl_app
嵊州综合 (720p) [Not 24/7],https://l.cztvcloud.com/channels/lantian/SXshengzhou1/720p.m3u8
厦门鼓浪屿,https://gcalic.v.myalicdn.com/gc/gly01_1/index.m3u8
斗鱼港剧,http://www.goodiptv.club/douyu/5061550
黑龙江萝北县嘟噜河省级自然保护区,https://gcalic.v.myalicdn.com/gc/taishan03_1/index.m3u8
TVB-武侠(国),http://kt.hmysapp.cn:222/cdnlive.php?mode=play;id=15f9404076895c9e3b6bfd3cbe86dea8;token=fRfrVRwByx2YB2HDJeYAgdVDU9tZVSat;machineid=495211d81289c09b;userip=36.231.95.229;useragent=Dalvik%2F2.1.0%20%28Linux%3B%20U%3B%20Android%2012%3B%20V2166A%20Build%2Fd063e58.0%29;source=dl_app
广东 Ⅰ 韶关公共台 (720p) [Not 24/7],https://www.sgmsw.cn/videos/tv/201805/1308/9P424TC5M000AFO13CXK6GN6BOA889D2/hls/live.m3u8
四川四姑娘山隆珠措,https://gcalic.v.myalicdn.com/gc/sgns02_1/index.m3u8
橙记港剧,http://www.goodiptv.club/douyu/4549169
黑龙江哈尔滨霁虹桥,https://gcalic.v.myalicdn.com/gc/hkts09_1/index.m3u8
TVB-武侠(粤),http://kt.hmysapp.cn:222/cdnlive.php?mode=play;id=5fdc3b112eb50e24679490ade22072ba;token=fRfrVRwByx2YB2HDJeYAgdVDU9tZVSat;machineid=495211d81289c09b;userip=36.231.95.229;useragent=Dalvik%2F2.1.0%20%28Linux%3B%20U%3B%20Android%2012%3B%20V2166A%20Build%2Fd063e58.0%29;source=dl_app
广东 Ⅰ 韶关综合台 (720p) [Not 24/7],https://www.sgmsw.cn/videos/tv/201805/1308/SB05RIYZOU8JR418AUQOF62CAJQ08D0E/hls/live.m3u8
四川峨眉山云海日出,https://gcalic.v.myalicdn.com/gc/emsarm_1/index.m3u8
经典剧集,http://www.goodiptv.club/douyu/6863367
陕西咸阳乾陵景区,https://gcalic.v.myalicdn.com/gc/taishan02_1/index.m3u8
TVB-体育,http://kt.hmysapp.cn:222/cdnlive.php?mode=play;id=d077ab6bac9d0faf01012511d0949390;token=fRfrVRwByx2YB2HDJeYAgdVDU9tZVSat;machineid=495211d81289c09b;userip=36.231.95.229;useragent=Dalvik%2F2.1.0%20%28Linux%3B%20U%3B%20Android%2012%3B%20V2166A%20Build%2Fd063e58.0%29;source=dl_app
广水新闻综合 [Geo-blocked],http://guangshui.live.tempsource.cjyun.org/videotmp/s10146-GSXW.m3u8
四川峨眉山普贤菩萨铜像,https://gcalic.v.myalicdn.com/gc/emspxps_1/index.m3u8
热门港剧,http://www.goodiptv.club/douyu/5522351
内蒙古乌审旗萨拉乌考古遗址公园,https://gcalic.v.myalicdn.com/gc/taishan06_1/index.m3u8
TVB-奖门人,http://kt.hmysapp.cn:222/cdnlive.php?mode=play;id=7d01960720b25de87c9ecb02a949ead4;token=fRfrVRwByx2YB2HDJeYAgdVDU9tZVSat;machineid=495211d81289c09b;userip=36.231.95.229;useragent=Dalvik%2F2.1.0%20%28Linux%3B%20U%3B%20Android%2012%3B%20V2166A%20Build%2Fd063e58.0%29;source=dl_app
延边新闻综合 [Geo-blocked],https://stream2.jlntv.cn/jlyb/sd/live.m3u8
四川峨眉山远眺万佛顶,https://gcalic.v.myalicdn.com/gc/emswfs_1/index.m3u8
贝爷求生,http://www.goodiptv.club/douyu/9661369
湖南邵阳崀山八角寨,,https://gcalic.v.myalicdn.com/gc/hkts02_1/index.m3u8
TVB-识叹,http://kt.hmysapp.cn:222/cdnlive.php?mode=play;id=77b512f52931bcf2e0ec8ff9336059b1;token=fRfrVRwByx2YB2HDJeYAgdVDU9tZVSat;machineid=495211d81289c09b;userip=36.231.95.229;useragent=Dalvik%2F2.1.0%20%28Linux%3B%20U%3B%20Android%2012%3B%20V2166A%20Build%2Fd063e58.0%29;source=dl_app
建安电视台 (1080p) [Not 24/7],http://live.dxhmt.cn:9081/tv/11003-1.m3u8
四川峨眉山远眺贡嘎雪山,https://gcalic.v.myalicdn.com/gc/emsyh_1/index.m3u8
延禧攻略,https://live.ottiptv.cc/huya/26355864
河北承德金山岭长城,https://gcalic.v.myalicdn.com/gc/hkts03_1/index.m3u8
TVB-煲剧,http://kt.hmysapp.cn:222/cdnlive.php?mode=play;id=ca9e2dabb91b4aeefed087b70bc7765a;token=fRfrVRwByx2YB2HDJeYAgdVDU9tZVSat;machineid=495211d81289c09b;userip=36.231.95.229;useragent=Dalvik%2F2.1.0%20%28Linux%3B%20U%3B%20Android%2012%3B%20V2166A%20Build%2Fd063e58.0%29;source=dl_app
弈坛春秋 (576p),http://223.110.245.139/PLTV/4/224/3221227031/index.m3u8
天涯石,https://gcalic.v.myalicdn.com/gc/tyhjtys_1/index.m3u8
琅琊榜,#http://zby.xjqxz.top/lyb/live.m3u8
浙江舟山东极岛,https://gcalic.v.myalicdn.com/gc/djd01_1/index.m3u8
TVB-剧场,http://kt.hmysapp.cn:222/cdnlive.php?mode=play;id=da25ea7ffb5953f952464bd6d4b943f2;token=fRfrVRwByx2YB2HDJeYAgdVDU9tZVSat;machineid=495211d81289c09b;userip=36.231.95.229;useragent=Dalvik%2F2.1.0%20%28Linux%3B%20U%3B%20Android%2012%3B%20V2166A%20Build%2Fd063e58.0%29;source=dl_app
张家界1 (240p) [Not 24/7],http://stream.zjjrtv.com/zjjtv1/hd/live.m3u8
安徽池州九华山风景区九华山,https://gcalic.v.myalicdn.com/gc/jhs05_1/index.m3u8
新三国,https://live.ottiptv.cc/huya/11352944
云南普洱澜沧县景迈山,https://gcalic.v.myalicdn.com/gc/tms05_1/index.m3u8
TVB-话当年,http://kt.hmysapp.cn:222/cdnlive.php?mode=play;id=334ff1e9625df561813dc0a3e67ddedb;token=fRfrVRwByx2YB2HDJeYAgdVDU9tZVSat;machineid=495211d81289c09b;userip=36.231.95.229;useragent=Dalvik%2F2.1.0%20%28Linux%3B%20U%3B%20Android%2012%3B%20V2166A%20Build%2Fd063e58.0%29;source=dl_app
张家界2台 (240p) [Not 24/7],http://stream.zjjrtv.com/zjjtv2/hd/live.m3u8
安徽黟县芦村远眺,https://gcalic.v.myalicdn.com/gc/yxlcyt_1/index.m3u8
新水浒传,https://live.ottiptv.cc/huya/11342384
四川成都环球中心,https://gcalic.v.myalicdn.com/gc/zjjbfh_1/index.m3u8
TVB-金曲,http://kt.hmysapp.cn:222/cdnlive.php?mode=play;id=08df2eb133165241c34fafe3ddbe1a3e;token=fRfrVRwByx2YB2HDJeYAgdVDU9tZVSat;machineid=495211d81289c09b;userip=36.231.95.229;useragent=Dalvik%2F2.1.0%20%28Linux%3B%20U%3B%20Android%2012%3B%20V2166A%20Build%2Fd063e58.0%29;source=dl_app
徐州-1 (1080p),http://183.207.249.15/PLTV/3/224/3221225945/index.m3u8
安徽黟县西递牌坊,https://gcalic.v.myalicdn.com/gc/yxxdpf_1/index.m3u8
新三国（斗鱼）,https://live.ottiptv.cc/douyu/5908256
西藏林芝工布江达县岷山错高民宿,https://gcalic.v.myalicdn.com/gc/zjjybf_1/index.m3u8
TVB-识食,http://kt.hmysapp.cn:222/cdnlive.php?mode=play;id=b1e3d260c95eb4999712bc088a7f0f07;token=fRfrVRwByx2YB2HDJeYAgdVDU9tZVSat;machineid=495211d81289c09b;userip=36.231.95.229;useragent=Dalvik%2F2.1.0%20%28Linux%3B%20U%3B%20Android%2012%3B%20V2166A%20Build%2Fd063e58.0%29;source=dl_app
徐州-3 (1080p),http://183.207.249.7/PLTV/3/224/3221225949/index.m3u8
广西桂林漓江景区,https://gcalic.v.myalicdn.com/gc/gllj01_1/index.m3u8
少年包青天第一部,https://live.ottiptv.cc/yy/1356043677
河北邯郸京娘湖,https://gcalic.v.myalicdn.com/gc/zjjsrsm_1/index.m3u8
TVB-EYT,http://kt.hmysapp.cn:222/cdnlive.php?mode=play;id=461ac1c2e255cdd0c66901d5cd3017b2;token=fRfrVRwByx2YB2HDJeYAgdVDU9tZVSat;machineid=495211d81289c09b;userip=36.231.95.229;useragent=Dalvik%2F2.1.0%20%28Linux%3B%20U%3B%20Android%2012%3B%20V2166A%20Build%2Fd063e58.0%29;source=dl_app
徐州-3 (1080p),http://223.110.245.151/ott.js.chinamobile.com/PLTV/3/224/3221225949/index.m3u8
广西玉林大容山莲花山顶,https://gcalic.v.myalicdn.com/gc/drs01_1/index.m3u8
少年包青天第一部,https://live.ottiptv.cc/huya/11352958
四川成都天府熊猫塔,https://gcalic.v.myalicdn.com/gc/ljgcszsnkgc_1/index.m3u8
TVB-少儿,http://kt.hmysapp.cn:222/cdnlive.php?mode=play;id=4a5b5f50afbb5501aeb01f30a148af93;token=fRfrVRwByx2YB2HDJeYAgdVDU9tZVSat;machineid=495211d81289c09b;userip=36.231.95.229;useragent=Dalvik%2F2.1.0%20%28Linux%3B%20U%3B%20Android%2012%3B%20V2166A%20Build%2Fd063e58.0%29;source=dl_app
徐州-4 (1080p),http://183.207.249.15/PLTV/3/224/3221225951/index.m3u8
张掖七彩丹霞,https://gcalic.v.myalicdn.com/gc/zyqcdx01_1/index.m3u8
少年包青天第二部,https://live.ottiptv.cc/huya/11342425
福建武夷山玉女峰,https://gcalic.v.myalicdn.com/gc/wysynf_1/index.m3u8
TVB-SUPER_FREE,http://kt.hmysapp.cn:222/cdnlive.php?mode=play;id=61d23e294d8038887d8b3ce71aafb810;token=fRfrVRwByx2YB2HDJeYAgdVDU9tZVSat;machineid=495211d81289c09b;userip=36.231.95.229;useragent=Dalvik%2F2.1.0%20%28Linux%3B%20U%3B%20Android%2012%3B%20V2166A%20Build%2Fd063e58.0%29;source=dl_app
徐州公共頻道 (1080p),http://183.207.248.11/PLTV/3/224/3221225951/index.m3u8
恒山悬空寺全景,https://gcalic.v.myalicdn.com/gc/hsxksqj_1/index.m3u8
少年包青天第三部,https://live.ottiptv.cc/yy/1382736814
云南西双版纳千年古寨曼丢,https://gcalic.v.myalicdn.com/gc/fcw03_1/index.m3u8
TVB-Hands Up,http://kt.hmysapp.cn:222/cdnlive.php?mode=play;id=8c9cb00619dd969e675f4a1026aa9bbb;token=fRfrVRwByx2YB2HDJeYAgdVDU9tZVSat;machineid=495211d81289c09b;userip=36.231.95.229;useragent=Dalvik%2F2.1.0%20%28Linux%3B%20U%3B%20Android%2012%3B%20V2166A%20Build%2Fd063e58.0%29;source=dl_app
徐州新聞綜合 (1080p),http://223.110.245.165/ott.js.chinamobile.com/PLTV/3/224/3221225945/index.m3u8
普陀山,https://gcalic.v.myalicdn.com/gc/pts01_1/index.m3u8
神探狄仁杰第一部,https://live.ottiptv.cc/yy/1354930934
安徽黄山妙笔生花,https://gcalic.v.myalicdn.com/gc/xywfl_1/index.m3u8
无线18,http://kt.hmysapp.cn:222/cdnlive.php?mode=play;id=75438d9a1a0cf5c132eff84aa5beaf85;token=fRfrVRwByx2YB2HDJeYAgdVDU9tZVSat;machineid=495211d81289c09b;userip=36.231.95.229;useragent=Dalvik%2F2.1.0%20%28Linux%3B%20U%3B%20Android%2012%3B%20V2166A%20Build%2Fd063e58.0%29;source=dl_app
徐州經濟生活 (1080p),http://223.110.245.167/ott.js.chinamobile.com/PLTV/3/224/3221225947/index.m3u8
月牙泉,https://gcalic.v.myalicdn.com/gc/dhyyqsm_1/index.m3u8
神探狄仁杰第二部,https://live.ottiptv.cc/douyu/12655359
广东深圳福田红树林,https://gcalic.v.myalicdn.com/gc/djyqyl1_1/index.m3u8
有线18,http://kt.hmysapp.cn:222/cdnlive.php?mode=play;id=0dd70c0076bc4b539b888a221ff5fc88;token=fRfrVRwByx2YB2HDJeYAgdVDU9tZVSat;machineid=495211d81289c09b;userip=36.231.95.229;useragent=Dalvik%2F2.1.0%20%28Linux%3B%20U%3B%20Android%2012%3B%20V2166A%20Build%2Fd063e58.0%29;source=dl_app
徐州贾汪旅游 (576p),http://223.110.245.147/ott.js.chinamobile.com/PLTV/3/224/3221227389/index.m3u8
望乡台,https://gcalic.v.myalicdn.com/gc/hlwxt_1/index.m3u8
神探狄仁杰第三部,https://live.ottiptv.cc/douyu/6027991
山西晋城釜山泫水湖,https://gcalic.v.myalicdn.com/gc/zh02_1/index.m3u8
赛马88,http://kt.hmysapp.cn:222/cdnlive.php?mode=play;id=3eb95436e6f717e47fbc779e002480d5;token=fRfrVRwByx2YB2HDJeYAgdVDU9tZVSat;machineid=495211d81289c09b;userip=36.231.95.229;useragent=Dalvik%2F2.1.0%20%28Linux%3B%20U%3B%20Android%2012%3B%20V2166A%20Build%2Fd063e58.0%29;source=dl_app
抚州公共 (270p),http://111.75.179.195:30767/video/live_vide2.m3u8
江苏南京牛首山,https://gcalic.v.myalicdn.com/gc/nss01_1/index.m3u8
爱情公寓,https://live.ottiptv.cc/huya/11336726
仙米,https://gcalic.v.myalicdn.com/gc/mdjxxdsb_1/index.m3u8
ViuTV6,http://kt.hmysapp.cn:222/cdnlive.php?mode=play;id=9c90ad0f35197d9dee6694009f60414a;token=fRfrVRwByx2YB2HDJeYAgdVDU9tZVSat;machineid=495211d81289c09b;userip=36.231.95.229;useragent=Dalvik%2F2.1.0%20%28Linux%3B%20U%3B%20Android%2012%3B%20V2166A%20Build%2Fd063e58.0%29;source=dl_app
撫州綜合頻道 (270p) [Not 24/7],http://111.75.179.195:30767/video/live_vide.m3u8
江苏徐州云龙湖风景区云龙山观景台西,https://gcalic.v.myalicdn.com/gc/ylh04_1/index.m3u8
爱情公寓（斗鱼）,https://live.ottiptv.cc/douyu/4105989
云南昆明寻甸县城区,https://gcalic.v.myalicdn.com/gc/mdjxxmhjyxj_1/index.m3u8
Viu剧集,http://kt.hmysapp.cn:222/cdnlive.php?mode=play;id=8e4592eeaa5212ed3558bd1b24b6d951;token=fRfrVRwByx2YB2HDJeYAgdVDU9tZVSat;machineid=495211d81289c09b;userip=36.231.95.229;useragent=Dalvik%2F2.1.0%20%28Linux%3B%20U%3B%20Android%2012%3B%20V2166A%20Build%2Fd063e58.0%29;source=dl_app
敦煌电视台 (1080p),http://117.156.28.119/270000001111/1110000028/index.m3u8
泰山主峰,https://gcalic.v.myalicdn.com/gc/taishan01_1/index.m3u8
亮剑,https://live.ottiptv.cc/huya/30080238
西藏某地,https://gcalic.v.myalicdn.com/gc/qdls02_1/index.m3u8
HOY76,http://kt.hmysapp.cn:222/cdnlive.php?mode=play;id=67d28b9315325d8881c01ef633a0ad6c;token=fRfrVRwByx2YB2HDJeYAgdVDU9tZVSat;machineid=495211d81289c09b;userip=36.231.95.229;useragent=Dalvik%2F2.1.0%20%28Linux%3B%20U%3B%20Android%2012%3B%20V2166A%20Build%2Fd063e58.0%29;source=dl_app
文山综合 (1080p) [Not 24/7],http://m3u8.channel.wsrtv.com.cn/cms/videos/nmip-media/channellive/channel7/playlist.m3u8
泰山十八盘,https://gcalic.v.myalicdn.com/gc/taishan05_1/index.m3u8
雪豹,https://live.ottiptv.cc/huya/29580970
广州小蛮腰,https://gcalic.v.myalicdn.com/gc/qdls03_1/index.m3u8
HOY78,http://kt.hmysapp.cn:222/cdnlive.php?mode=play;id=dd78890aa3ba16e1143b2eede2303a00;token=fRfrVRwByx2YB2HDJeYAgdVDU9tZVSat;machineid=495211d81289c09b;userip=36.231.95.229;useragent=Dalvik%2F2.1.0%20%28Linux%3B%20U%3B%20Android%2012%3B%20V2166A%20Build%2Fd063e58.0%29;source=dl_app
新昌新聞綜合 (1080p) [Not 24/7],https://l.cztvcloud.com/channels/lantian/SXxinchang1/720p.m3u8
泰山南天门,https://gcalic.v.myalicdn.com/gc/hkts07_1/index.m3u8
特种兵之火凤凰,https://live.ottiptv.cc/huya/29982636
西藏林芝鲁朗色秀拉山,https://gcalic.v.myalicdn.com/gc/dhyyqst_1/index.m3u8
Now-新闻,http://kt.hmysapp.cn:222/cdnlive.php?mode=play;id=13aec09c93a3bc1cf7503a2c2634b271;token=fRfrVRwByx2YB2HDJeYAgdVDU9tZVSat;machineid=495211d81289c09b;userip=36.231.95.229;useragent=Dalvik%2F2.1.0%20%28Linux%3B%20U%3B%20Android%2012%3B%20V2166A%20Build%2Fd063e58.0%29;source=dl_app
新泰乡村党建 (480p) [Not 24/7],http://live.xtgdw.cn:1935/live/xtxc/playlist.m3u8
泰山大观峰,https://gcalic.v.myalicdn.com/gc/taishan03_1/index.m3u8
士兵突击,https://live.ottiptv.cc/huya/11342430
西藏那曲湿地,https://gcalic.v.myalicdn.com/gc/ahhs01_1/index.m3u8
Now-财经,http://kt.hmysapp.cn:222/cdnlive.php?mode=play;id=24439004f10b68b0961ba1adceb2df59;token=fRfrVRwByx2YB2HDJeYAgdVDU9tZVSat;machineid=495211d81289c09b;userip=36.231.95.229;useragent=Dalvik%2F2.1.0%20%28Linux%3B%20U%3B%20Android%2012%3B%20V2166A%20Build%2Fd063e58.0%29;source=dl_app
新泰影視頻道 (480p) [Not 24/7],http://111.17.214.4:1935/live/xtys/playlist.m3u8
泰山太平岭,https://gcalic.v.myalicdn.com/gc/hkts09_1/index.m3u8
笑傲江湖,https://live.ottiptv.cc/huya/26355790
云南红河民民族风情旅游月亮小镇,https://gcalic.v.myalicdn.com/gc/hsyg_1/index.m3u8
Now-Jelli资金国际,http://kt.hmysapp.cn:222/cdnlive.php?mode=play;id=7569632a8a0bde54f2f01310d2d74063;token=fRfrVRwByx2YB2HDJeYAgdVDU9tZVSat;machineid=495211d81289c09b;userip=36.231.95.229;useragent=Dalvik%2F2.1.0%20%28Linux%3B%20U%3B%20Android%2012%3B%20V2166A%20Build%2Fd063e58.0%29;source=dl_app
新泰影視頻道 (480p) [Not 24/7],http://live.xtgdw.cn:1935/live/xtys/playlist.m3u8
泰山望人松,https://gcalic.v.myalicdn.com/gc/taishan02_1/index.m3u8
神雕侠侣,https://live.ottiptv.cc/huya/11352964
江苏徐州之夜,https://gcalic.v.myalicdn.com/gc/hspyt_1/index.m3u8
Now Sports Prime 体育,http://kt.hmysapp.cn:222/cdnlive.php?mode=play;id=64432f39d1ad3c39ef231b4f07ee9b03;token=fRfrVRwByx2YB2HDJeYAgdVDU9tZVSat;machineid=495211d81289c09b;userip=36.231.95.229;useragent=Dalvik%2F2.1.0%20%28Linux%3B%20U%3B%20Android%2012%3B%20V2166A%20Build%2Fd063e58.0%29;source=dl_app
新泰生活 (480p) [Not 24/7],http://111.17.214.4:1935/live/xtsh/playlist.m3u8
泰山玉皇顶,https://gcalic.v.myalicdn.com/gc/taishan06_1/index.m3u8
天龙八部,https://live.ottiptv.cc/huya/20985816
黄山飞来石,https://gcalic.v.myalicdn.com/gc/hsptgy_1/index.m3u8
Now Sports 英超,http://kt.hmysapp.cn:222/cdnlive.php?mode=play;id=85bad99b0e347951fffa247f64f12d2d;token=fRfrVRwByx2YB2HDJeYAgdVDU9tZVSat;machineid=495211d81289c09b;userip=36.231.95.229;useragent=Dalvik%2F2.1.0%20%28Linux%3B%20U%3B%20Android%2012%3B%20V2166A%20Build%2Fd063e58.0%29;source=dl_app
新泰生活 (480p) [Not 24/7],http://live.xtgdw.cn:1935/live/xtsh/playlist.m3u8
泰山白云亭悬崖,https://gcalic.v.myalicdn.com/gc/hkts02_1/index.m3u8
倚天屠龙记,https://live.ottiptv.cc/huya/11342403
河南商丘永城市日月湖景区,https://gcalic.v.myalicdn.com/gc/hgsspzxdpb_1/index.m3u8
Now Sprots 精选,http://kt.hmysapp.cn:222/cdnlive.php?mode=play;id=a105ff130e79ceed8f01630accedceef;token=fRfrVRwByx2YB2HDJeYAgdVDU9tZVSat;machineid=495211d81289c09b;userip=36.231.95.229;useragent=Dalvik%2F2.1.0%20%28Linux%3B%20U%3B%20Android%2012%3B%20V2166A%20Build%2Fd063e58.0%29;source=dl_app
新泰综合 (480p) [Not 24/7],http://111.17.214.4:1935/live/xtzh/playlist.m3u8
泰山碧霞祠,https://gcalic.v.myalicdn.com/gc/hkts03_1/index.m3u8
铁齿铜牙纪晓岚,https://live.ottiptv.cc/huya/11342396
江苏南京玄武湖,https://gcalic.v.myalicdn.com/gc/wgw01_1/index.m3u8
Now Sports 体育精选,http://kt.hmysapp.cn:222/cdnlive.php?mode=play;id=e5c9c36a086ead16e5a98e4f7640e1f6;token=fRfrVRwByx2YB2HDJeYAgdVDU9tZVSat;machineid=495211d81289c09b;userip=36.231.95.229;useragent=Dalvik%2F2.1.0%20%28Linux%3B%20U%3B%20Android%2012%3B%20V2166A%20Build%2Fd063e58.0%29;source=dl_app
新泰综合 (480p) [Not 24/7],http://live.xtgdw.cn:1935/live/xtzh/playlist.m3u8
浙江舟山东极岛,https://gcalic.v.myalicdn.com/gc/djd01_1/index.m3u8
康熙王朝,https://live.ottiptv.cc/huya/11352940
山东济南趵突泉,https://gcalic.v.myalicdn.com/gc/wgw03_1/index.m3u8
Now 668,http://kt.hmysapp.cn:222/cdnlive.php?mode=play;id=d330ae8a7fa51410754bcc3347652feb;token=fRfrVRwByx2YB2HDJeYAgdVDU9tZVSat;machineid=495211d81289c09b;userip=36.231.95.229;useragent=Dalvik%2F2.1.0%20%28Linux%3B%20U%3B%20Android%2012%3B%20V2166A%20Build%2Fd063e58.0%29;source=dl_app
新泰鄉村黨建 (480p) [Not 24/7],http://111.17.214.4:1935/live/xtxc/playlist.m3u8
湖南张家界天门山西线玻璃栈道,https://gcalic.v.myalicdn.com/gc/tms05_1/index.m3u8
陈情令,https://live.ottiptv.cc/huya/29465862
河南鹤壁浚县古城景区北城门,https://gcalic.v.myalicdn.com/gc/hlzycc_1/index.m3u8
MUTV曼联电视频道,http://kt.hmysapp.cn:222/cdnlive.php?mode=play;id=13f4357a78ee73c82fecc0d26d1147ef;token=fRfrVRwByx2YB2HDJeYAgdVDU9tZVSat;machineid=495211d81289c09b;userip=36.231.95.229;useragent=Dalvik%2F2.1.0%20%28Linux%3B%20U%3B%20Android%2012%3B%20V2166A%20Build%2Fd063e58.0%29;source=dl_app
新郑综合 (1080p) [Not 24/7],http://live.dxhmt.cn:9081/tv/10184-1.m3u8
湖南张家界宝峰湖,https://gcalic.v.myalicdn.com/gc/zjjbfh_1/index.m3u8
庆余年,https://live.ottiptv.cc/huya/11352960
mySUPER直播足球2,http://kt.hmysapp.cn:222/cdnlive.php?mode=play;id=a6db06446cc6e78d8d0a5f9b83fad479;token=fRfrVRwByx2YB2HDJeYAgdVDU9tZVSat;machineid=495211d81289c09b;userip=36.231.95.229;useragent=Dalvik%2F2.1.0%20%28Linux%3B%20U%3B%20Android%2012%3B%20V2166A%20Build%2Fd063e58.0%29;source=dl_app
星空衛視 (576p),http://218.202.220.2:5000/nn_live.ts?id=STARTV
湖南张家界御笔峰,https://gcalic.v.myalicdn.com/gc/zjjybf_1/index.m3u8
鬼吹灯之精绝古城,https://live.ottiptv.cc/huya/11352871
mySUPER直播足球3,http://kt.hmysapp.cn:222/cdnlive.php?mode=play;id=430266ab1937cc2fe1d57f6c3aa6a6ba;token=fRfrVRwByx2YB2HDJeYAgdVDU9tZVSat;machineid=495211d81289c09b;userip=36.231.95.229;useragent=Dalvik%2F2.1.0%20%28Linux%3B%20U%3B%20Android%2012%3B%20V2166A%20Build%2Fd063e58.0%29;source=dl_app
晋中公共 (1080p) [Not 24/7],http://jzlive.jztvnews.com:90/live/jzgg.m3u8
湖南张家界水绕四门,https://gcalic.v.myalicdn.com/gc/zjjsrsm_1/index.m3u8
鬼吹灯之怒晴湘西,https://live.ottiptv.cc/huya/11602075
mySUPER直播足球4,http://kt.hmysapp.cn:222/cdnlive.php?mode=play;id=fa92b569e0679a8583ac171a94ea30a0;token=fRfrVRwByx2YB2HDJeYAgdVDU9tZVSat;machineid=495211d81289c09b;userip=36.231.95.229;useragent=Dalvik%2F2.1.0%20%28Linux%3B%20U%3B%20Android%2012%3B%20V2166A%20Build%2Fd063e58.0%29;source=dl_app
景县电视一套 (576p) [Not 24/7],http://hbjx.chinashadt.com:1935/live/jx1.stream/playlist.m3u8
狮子山鸟瞰丽江古城,https://gcalic.v.myalicdn.com/gc/ljgcszsnkgc_1/index.m3u8
鬼吹灯之龙岭迷窟,https://live.ottiptv.cc/huya/29465863
mySUPER直播足球5,http://kt.hmysapp.cn:222/cdnlive.php?mode=play;id=000058a628e9f24810408e1573383ab0;token=fRfrVRwByx2YB2HDJeYAgdVDU9tZVSat;machineid=495211d81289c09b;userip=36.231.95.229;useragent=Dalvik%2F2.1.0%20%28Linux%3B%20U%3B%20Android%2012%3B%20V2166A%20Build%2Fd063e58.0%29;source=dl_app
景县电视一套 (360p) [Not 24/7],http://hbjx.chinashadt.com:1935/live/stream:jx1.stream_360p/playlist.m3u8
直播中国,https://gcalic.v.myalicdn.com/gc/wgw05_1/index.m3u8?contentid=2820180516001
鬼吹灯之云南虫谷,https://live.ottiptv.cc/huya/11352898
mySUPER直播足球6,http://kt.hmysapp.cn:222/cdnlive.php?mode=play;id=3c7d4c54e8234de577b933e388130821;token=fRfrVRwByx2YB2HDJeYAgdVDU9tZVSat;machineid=495211d81289c09b;userip=36.231.95.229;useragent=Dalvik%2F2.1.0%20%28Linux%3B%20U%3B%20Android%2012%3B%20V2166A%20Build%2Fd063e58.0%29;source=dl_app
智慧教育 (576p),http://111.63.117.13:6060/030000001000/G_CETV-4/G_CETV-4.m3u8
直播中国精编直播,https://gcalic.v.myalicdn.com/gc/wgw05_1/index.m3u8
伪装者,https://live.ottiptv.cc/yy/1354936244
爱奇艺,http://kt.hmysapp.cn:222/cdnlive.php?mode=play;id=c9ccbdcefa215dcf80094862d202f7f4;token=fRfrVRwByx2YB2HDJeYAgdVDU9tZVSat;machineid=495211d81289c09b;userip=36.231.95.229;useragent=Dalvik%2F2.1.0%20%28Linux%3B%20U%3B%20Android%2012%3B%20V2166A%20Build%2Fd063e58.0%29;source=dl_app
松原新闻综合 [Geo-blocked],https://stream2.jlntv.cn/sytv/sd/live.m3u8
福建武夷山玉女峰,https://gcalic.v.myalicdn.com/gc/wysynf_1/index.m3u8
西游记后传,https://live.ottiptv.cc/yy/1353392400
邵氏武侠,http://kt.hmysapp.cn:222/cdnlive.php?mode=play;id=6202a49c6896f32efb42821cfa2ba3ce;token=fRfrVRwByx2YB2HDJeYAgdVDU9tZVSat;machineid=495211d81289c09b;userip=36.231.95.229;useragent=Dalvik%2F2.1.0%20%28Linux%3B%20U%3B%20Android%2012%3B%20V2166A%20Build%2Fd063e58.0%29;source=dl_app
武进新闻 (576p) [Not 24/7],https://live.wjyanghu.com/live/CH1.m3u8
福建漳州醉美沙滩翡翠湾,https://gcalic.v.myalicdn.com/gc/fcw03_1/index.m3u8
隋唐英雄传,https://live.ottiptv.cc/yy/1352475619
邵氏电影,http://kt.hmysapp.cn:222/cdnlive.php?mode=play;id=c80cdce50cefc9391211e3c8ac6f8f7f;token=fRfrVRwByx2YB2HDJeYAgdVDU9tZVSat;machineid=495211d81289c09b;userip=36.231.95.229;useragent=Dalvik%2F2.1.0%20%28Linux%3B%20U%3B%20Android%2012%3B%20V2166A%20Build%2Fd063e58.0%29;source=dl_app
武进生活 (576p) [Not 24/7],https://live.wjyanghu.com/live/CH2.m3u8
贵州省兴义市万峰林,https://gcalic.v.myalicdn.com/gc/xywfl_1/index.m3u8
仙剑奇侠传,https://live.ottiptv.cc/yy/1382749903
HBO原创巨献,http://kt.hmysapp.cn:222/cdnlive.php?mode=play;id=3c728c7f54cc6b9fa342949c3a6478db;token=fRfrVRwByx2YB2HDJeYAgdVDU9tZVSat;machineid=495211d81289c09b;userip=36.231.95.229;useragent=Dalvik%2F2.1.0%20%28Linux%3B%20U%3B%20Android%2012%3B%20V2166A%20Build%2Fd063e58.0%29;source=dl_app
江津新闻综合 (480p),http://222.179.155.21:1935/ch1.m3u8
都江堰鱼嘴,https://gcalic.v.myalicdn.com/gc/djyqyl1_1/index.m3u8
西游记续集,https://live.ottiptv.cc/douyu/3113309
HBO强档巨献,http://kt.hmysapp.cn:222/cdnlive.php?mode=play;id=7c7fb269298f5396d3f5662a39e72ef6;token=fRfrVRwByx2YB2HDJeYAgdVDU9tZVSat;machineid=495211d81289c09b;userip=36.231.95.229;useragent=Dalvik%2F2.1.0%20%28Linux%3B%20U%3B%20Android%2012%3B%20V2166A%20Build%2Fd063e58.0%29;source=dl_app
江津经济生活 (480p),http://222.179.155.21:1935/ch0.m3u8
陕西洋县国宝朱鹮02,https://gcalic.v.myalicdn.com/gc/zh02_1/index.m3u8
我是特种兵之利刃出鞘,https://live.ottiptv.cc/yy/37999586
HBO温馨家庭,http://kt.hmysapp.cn:222/cdnlive.php?mode=play;id=628635c5c86e8588f6661252abf11688;token=fRfrVRwByx2YB2HDJeYAgdVDU9tZVSat;machineid=495211d81289c09b;userip=36.231.95.229;useragent=Dalvik%2F2.1.0%20%28Linux%3B%20U%3B%20Android%2012%3B%20V2166A%20Build%2Fd063e58.0%29;source=dl_app
江苏 Ⅰ 连云港公共 (480p) [Not 24/7],https://live.lyg1.com/ggpd/sd/live.m3u8
雪乡大石碑,https://gcalic.v.myalicdn.com/gc/mdjxxdsb_1/index.m3u8
狂飙,https://live.ottiptv.cc/yy/1355142167
ROCK Extreme摇滚极限,http://kt.hmysapp.cn:222/cdnlive.php?mode=play;id=99d9e85774c49cc3dc1116ab351da4d9;token=fRfrVRwByx2YB2HDJeYAgdVDU9tZVSat;machineid=495211d81289c09b;userip=36.231.95.229;useragent=Dalvik%2F2.1.0%20%28Linux%3B%20U%3B%20Android%2012%3B%20V2166A%20Build%2Fd063e58.0%29;source=dl_app
江苏 Ⅰ 连云港综合 (480p) [Not 24/7],https://live.lyg1.com/zhpd/sd/live.m3u8
雪乡梦幻家园,https://gcalic.v.myalicdn.com/gc/mdjxxmhjyxj_1/index.m3u8
三国演义,https://live.ottiptv.cc/huya/11602081
HKzooMoo,http://kt.hmysapp.cn:222/cdnlive.php?mode=play;id=7c316d7fdc038c9d3d20038eecdb9573;token=fRfrVRwByx2YB2HDJeYAgdVDU9tZVSat;machineid=495211d81289c09b;userip=36.231.95.229;useragent=Dalvik%2F2.1.0%20%28Linux%3B%20U%3B%20Android%2012%3B%20V2166A%20Build%2Fd063e58.0%29;source=dl_app
江苏公共 (576p),http://183.207.248.71/gitv/live1/G_JSGG/G_JSGG
青岛崂山八水河,https://gcalic.v.myalicdn.com/gc/qdls02_1/index.m3u8
西游记,https://live.ottiptv.cc/huya/26355861
DMAX,http://kt.hmysapp.cn:222/cdnlive.php?mode=play;id=3357426c5ec8bd0e0419c1f8d5a9937e;token=fRfrVRwByx2YB2HDJeYAgdVDU9tZVSat;machineid=495211d81289c09b;userip=36.231.95.229;useragent=Dalvik%2F2.1.0%20%28Linux%3B%20U%3B%20Android%2012%3B%20V2166A%20Build%2Fd063e58.0%29;source=dl_app
江苏城市 (576p),http://183.207.248.71/gitv/live1/G_JSCS/G_JSCS
青岛崂山双福,https://gcalic.v.myalicdn.com/gc/qdls03_1/index.m3u8
新白娘子传奇,https://live.ottiptv.cc/yy/1354490667
DiscoveryAsia,http://kt.hmysapp.cn:222/cdnlive.php?mode=play;id=78bf2e342a29404a090fbb90d718c9a1;token=fRfrVRwByx2YB2HDJeYAgdVDU9tZVSat;machineid=495211d81289c09b;userip=36.231.95.229;useragent=Dalvik%2F2.1.0%20%28Linux%3B%20U%3B%20Android%2012%3B%20V2166A%20Build%2Fd063e58.0%29;source=dl_app
江苏城市 (576p),http://223.110.245.143/ott.js.chinamobile.com/PLTV/3/224/3221225929/index.m3u8
鸣沙山,https://gcalic.v.myalicdn.com/gc/dhyyqst_1/index.m3u8
乌龙闯情关,https://live.ottiptv.cc/huya/26355767
MOVIEMOVIE,http://kt.hmysapp.cn:222/cdnlive.php?mode=play;id=60b6ec2b638e2c9b5c275ab93d1eb6fd;token=fRfrVRwByx2YB2HDJeYAgdVDU9tZVSat;machineid=495211d81289c09b;userip=36.231.95.229;useragent=Dalvik%2F2.1.0%20%28Linux%3B%20U%3B%20Android%2012%3B%20V2166A%20Build%2Fd063e58.0%29;source=dl_app
江苏影视 (576p) [Not 24/7],http://183.207.248.71/gitv/live1/G_JSYS/G_JSYS
黄山,https://gcalic.v.myalicdn.com/gc/ahhs01_1/index.m3u8
柳舟计,https://live.ottiptv.cc/huya/23860039
寰宇财经,http://kt.hmysapp.cn:222/cdnlive.php?mode=play;id=5a139c1dfe60a910072270b632bd5e5a;token=fRfrVRwByx2YB2HDJeYAgdVDU9tZVSat;machineid=495211d81289c09b;userip=36.231.95.229;useragent=Dalvik%2F2.1.0%20%28Linux%3B%20U%3B%20Android%2012%3B%20V2166A%20Build%2Fd063e58.0%29;source=dl_app
江苏影视 (576p),http://223.110.243.134/PLTV/4/224/3221225937/index.m3u8
黄山始信新道,https://gcalic.v.myalicdn.com/gc/hsyg_1/index.m3u8
与凤行,https://live.ottiptv.cc/huya/26355866
壹新闻,http://kt.hmysapp.cn:222/cdnlive.php?mode=play;id=727fa47e10abaa40752552235048a554;token=fRfrVRwByx2YB2HDJeYAgdVDU9tZVSat;machineid=495211d81289c09b;userip=36.231.95.229;useragent=Dalvik%2F2.1.0%20%28Linux%3B%20U%3B%20Android%2012%3B%20V2166A%20Build%2Fd063e58.0%29;source=dl_app
江苏教育 (576p) [Not 24/7],http://183.207.248.71/gitv/live1/G_JSJY/G_JSJY
黄山排云亭,https://gcalic.v.myalicdn.com/gc/hspyt_1/index.m3u8
大秦赋,https://live.ottiptv.cc/huya/23903130
壹电影,http://kt.hmysapp.cn:222/cdnlive.php?mode=play;id=fc18ef62ae2ee66f1923f2a5bdfa187e;token=fRfrVRwByx2YB2HDJeYAgdVDU9tZVSat;machineid=495211d81289c09b;userip=36.231.95.229;useragent=Dalvik%2F2.1.0%20%28Linux%3B%20U%3B%20Android%2012%3B%20V2166A%20Build%2Fd063e58.0%29;source=dl_app
江苏教育 (576p),http://223.110.245.151/ott.js.chinamobile.com/PLTV/3/224/3221225923/index.m3u8
黄山飞来石,https://gcalic.v.myalicdn.com/gc/hsptgy_1/index.m3u8
永夜星河,https://live.ottiptv.cc/huya/23734169
AI新闻,http://kt.hmysapp.cn:222/cdnlive.php?mode=play;id=23730e403a46b090d03c86d83d8d1ec0;token=fRfrVRwByx2YB2HDJeYAgdVDU9tZVSat;machineid=495211d81289c09b;userip=36.231.95.229;useragent=Dalvik%2F2.1.0%20%28Linux%3B%20U%3B%20Android%2012%3B%20V2166A%20Build%2Fd063e58.0%29;source=dl_app
江苏综艺 (576p) [Not 24/7],http://183.207.248.71/gitv/live1/G_JSZY/G_JSZY
黄果树六角亭瀑布,https://gcalic.v.myalicdn.com/gc/hgsspzxdpb_1/index.m3u8
流水迢迢,https://live.ottiptv.cc/huya/23865036
中旺电视,http://kt.hmysapp.cn:222/cdnlive.php?mode=play;id=53f65b2539335a99ad5c50849cf102c9;token=fRfrVRwByx2YB2HDJeYAgdVDU9tZVSat;machineid=495211d81289c09b;userip=36.231.95.229;useragent=Dalvik%2F2.1.0%20%28Linux%3B%20U%3B%20Android%2012%3B%20V2166A%20Build%2Fd063e58.0%29;source=dl_app
河源综合 (540p),https://tmpstream.hyrtv.cn/xwzh/sd/live.m3u8
黄花城水长城01,https://gcalic.v.myalicdn.com/gc/wgw01_1/index.m3u8
唐诡之西行,https://live.ottiptv.cc/huya/26355763
东森美洲,http://kt.hmysapp.cn:222/cdnlive.php?mode=play;id=1aa6efcab49415b0cc671e607c905c9a;token=fRfrVRwByx2YB2HDJeYAgdVDU9tZVSat;machineid=495211d81289c09b;userip=36.231.95.229;useragent=Dalvik%2F2.1.0%20%28Linux%3B%20U%3B%20Android%2012%3B%20V2166A%20Build%2Fd063e58.0%29;source=dl_app
浙江 Ⅰ 绍兴综合 (576p),http://live.shaoxing.com.cn/video/s10001-sxtv1/index.m3u8
黄花城水长城03,https://gcalic.v.myalicdn.com/gc/wgw03_1/index.m3u8
玫瑰的故事,https://live.ottiptv.cc/huya/23865142
东森中国,http://kt.hmysapp.cn:222/cdnlive.php?mode=play;id=56fd600dd463047fcedbc39cac0c7216;token=fRfrVRwByx2YB2HDJeYAgdVDU9tZVSat;machineid=495211d81289c09b;userip=36.231.95.229;useragent=Dalvik%2F2.1.0%20%28Linux%3B%20U%3B%20Android%2012%3B%20V2166A%20Build%2Fd063e58.0%29;source=dl_app
浙江公共 (1080p) [Not 24/7],https://ct-m-l.cztv.com/channels/lantian/channel007/1080p.m3u8
黄龙,https://gcalic.v.myalicdn.com/gc/hlzycc_1/index.m3u8
梦中的那片海,https://live.ottiptv.cc/huya/26355765
东森幼幼,http://kt.hmysapp.cn:222/cdnlive.php?mode=play;id=70905dac749b7d3fa4c7e4858f0a470f;token=fRfrVRwByx2YB2HDJeYAgdVDU9tZVSat;machineid=495211d81289c09b;userip=36.231.95.229;useragent=Dalvik%2F2.1.0%20%28Linux%3B%20U%3B%20Android%2012%3B%20V2166A%20Build%2Fd063e58.0%29;source=dl_app
浙江公共 (1080p) [Not 24/7],https://qiniup-m-l.cztv.com/channels/lantian/channel007/1080p.m3u8
2026-09-25 18:28:23,https://vd2.bdstatic.com/mda-sctj0f96cn79js4n/1080p/cae_h264/1774710384405617311/mda-sctj0f96cn79js4n.mp4
知否知否,https://live.ottiptv.cc/yy/21881901
公视,http://kt.hmysapp.cn:222/cdnlive.php?mode=play;id=960f72324544843971737b7010bebdd5;token=fRfrVRwByx2YB2HDJeYAgdVDU9tZVSat;machineid=495211d81289c09b;userip=36.231.95.229;useragent=Dalvik%2F2.1.0%20%28Linux%3B%20U%3B%20Android%2012%3B%20V2166A%20Build%2Fd063e58.0%29;source=dl_app
海西州综合 (576p),http://stream.haixitv.cn/1/sd/live.m3u8
www.izbds.com,https://vd2.bdstatic.com/mda-sctj0f96cn79js4n/1080p/cae_h264/1774710384405617311/mda-sctj0f96cn79js4n.mp4
父母爱情,https://live.ottiptv.cc/yy/1354926650
小公视,http://kt.hmysapp.cn:222/cdnlive.php?mode=play;id=8651b17a1363647feeca041f0265354a;token=fRfrVRwByx2YB2HDJeYAgdVDU9tZVSat;machineid=495211d81289c09b;userip=36.231.95.229;useragent=Dalvik%2F2.1.0%20%28Linux%3B%20U%3B%20Android%2012%3B%20V2166A%20Build%2Fd063e58.0%29;source=dl_app
涡阳新闻综合 (360p),http://220.180.110.101:8083/videos/live/36/57/hwEHU4UVQ1Iv5/hwEHU4UVQ1Iv5.m3u8
欢乐颂,https://live.ottiptv.cc/yy/1382735624
公视3,http://kt.hmysapp.cn:222/cdnlive.php?mode=play;id=ad833e46e9de2bf0932afda782617a77;token=fRfrVRwByx2YB2HDJeYAgdVDU9tZVSat;machineid=495211d81289c09b;userip=36.231.95.229;useragent=Dalvik%2F2.1.0%20%28Linux%3B%20U%3B%20Android%2012%3B%20V2166A%20Build%2Fd063e58.0%29;source=dl_app
湘潭公共 (576p),http://live.hnxttv.com:9601/live/dspd/800K/tzwj_video.m3u8
康熙微服私访记,https://live.ottiptv.cc/huya/11342418
非凡商业,http://kt.hmysapp.cn:222/cdnlive.php?mode=play;id=8bb0e729b98e41cd23acbaea392eae1e;token=fRfrVRwByx2YB2HDJeYAgdVDU9tZVSat;machineid=495211d81289c09b;userip=36.231.95.229;useragent=Dalvik%2F2.1.0%20%28Linux%3B%20U%3B%20Android%2012%3B%20V2166A%20Build%2Fd063e58.0%29;source=dl_app
湘潭新闻综合 (720p),http://live.hnxttv.com:9601/live/xwzh/800K/tzwj_video.m3u8
如懿传,https://live.ottiptv.cc/huya/29465868
年代新闻,http://kt.hmysapp.cn:222/cdnlive.php?mode=play;id=2c3aefae870d058ac9f18e9ad8496321;token=fRfrVRwByx2YB2HDJeYAgdVDU9tZVSat;machineid=495211d81289c09b;userip=36.231.95.229;useragent=Dalvik%2F2.1.0%20%28Linux%3B%20U%3B%20Android%2012%3B%20V2166A%20Build%2Fd063e58.0%29;source=dl_app
滁州市广播电视台 公共频道 (400p),http://live.cztv.cc:85/live/ggpd.m3u8
芈月传,https://live.ottiptv.cc/huya/11352975
年代MUCH,http://kt.hmysapp.cn:222/cdnlive.php?mode=play;id=bc8eae8273ead0ef2afd1eaff4caf341;token=fRfrVRwByx2YB2HDJeYAgdVDU9tZVSat;machineid=495211d81289c09b;userip=36.231.95.229;useragent=Dalvik%2F2.1.0%20%28Linux%3B%20U%3B%20Android%2012%3B%20V2166A%20Build%2Fd063e58.0%29;source=dl_app
滁州市广播电视台 新闻综合频道 (1080p),http://live.cztv.cc:85/live/xwpd.m3u8
楚汉骄雄,https://live.metshop.top/huya/29465854
TITV原住民,http://kt.hmysapp.cn:222/cdnlive.php?mode=play;id=cd8142973931f0856814b85d99b9d521;token=fRfrVRwByx2YB2HDJeYAgdVDU9tZVSat;machineid=495211d81289c09b;userip=36.231.95.229;useragent=Dalvik%2F2.1.0%20%28Linux%3B%20U%3B%20Android%2012%3B%20V2166A%20Build%2Fd063e58.0%29;source=dl_app
滁州市广播电视台 科教频道 (400p),http://live.cztv.cc:85/live/sjpd.m3u8
寻秦记,https://live.metshop.top/huya/29465848
客家电视,http://kt.hmysapp.cn:222/cdnlive.php?mode=play;id=7d9d538db1341c82b1d97563fa81541c;token=fRfrVRwByx2YB2HDJeYAgdVDU9tZVSat;machineid=495211d81289c09b;userip=36.231.95.229;useragent=Dalvik%2F2.1.0%20%28Linux%3B%20U%3B%20Android%2012%3B%20V2166A%20Build%2Fd063e58.0%29;source=dl_app
滨海新闻 (1080p),http://60.30.52.41/live/bhtv1/playlist.m3u8
封神榜,https://live.metshop.top/huya/29465849
国兴卫视,http://kt.hmysapp.cn:222/cdnlive.php?mode=play;id=b7fcb79ee6591226d177d9b576acbed1;token=fRfrVRwByx2YB2HDJeYAgdVDU9tZVSat;machineid=495211d81289c09b;userip=36.231.95.229;useragent=Dalvik%2F2.1.0%20%28Linux%3B%20U%3B%20Android%2012%3B%20V2166A%20Build%2Fd063e58.0%29;source=dl_app
滨海都市 (1080p),http://60.30.52.41/live/bhtv2/playlist.m3u8
西游记2,https://live.metshop.top/huya/29465859
创世电视,http://kt.hmysapp.cn:222/cdnlive.php?mode=play;id=396e8b2cf9c77c3361b5a3484d9ff3b1;token=fRfrVRwByx2YB2HDJeYAgdVDU9tZVSat;machineid=495211d81289c09b;userip=36.231.95.229;useragent=Dalvik%2F2.1.0%20%28Linux%3B%20U%3B%20Android%2012%3B%20V2166A%20Build%2Fd063e58.0%29;source=dl_app
漳州新闻综合 (720p) [Not 24/7],https://31182.hlsplay.aodianyun.com/lms_31182/tv_channel_175.m3u8
鹿鼎记,https://live.ottiptv.cc/yy/28265277
八大精采,http://kt.hmysapp.cn:222/cdnlive.php?mode=play;id=da8f2e2e074495d4775a9d22c1517f29;token=fRfrVRwByx2YB2HDJeYAgdVDU9tZVSat;machineid=495211d81289c09b;userip=36.231.95.229;useragent=Dalvik%2F2.1.0%20%28Linux%3B%20U%3B%20Android%2012%3B%20V2166A%20Build%2Fd063e58.0%29;source=dl_app
灵台新闻综合 (1080p),http://117.156.28.119/270000001111/1110000145/index.m3u8
大唐双龙传,https://live.metshop.top/huya/29465850
八大娱乐,http://kt.hmysapp.cn:222/cdnlive.php?mode=play;id=7593e8da22272cb11a2dfde6e1e4ff82;token=fRfrVRwByx2YB2HDJeYAgdVDU9tZVSat;machineid=495211d81289c09b;userip=36.231.95.229;useragent=Dalvik%2F2.1.0%20%28Linux%3B%20U%3B%20Android%2012%3B%20V2166A%20Build%2Fd063e58.0%29;source=dl_app
甘肃公共 (540p) [Not 24/7],https://hls.gstv.com.cn/49048r/3t5xyc.m3u8
神雕侠侣,http://live.ottiptv.cc/yy/1351762426
爱尔达综合,http://kt.hmysapp.cn:222/cdnlive.php?mode=play;id=6d24885c6262f7356f9c21b6ce5d76cc;token=fRfrVRwByx2YB2HDJeYAgdVDU9tZVSat;machineid=495211d81289c09b;userip=36.231.95.229;useragent=Dalvik%2F2.1.0%20%28Linux%3B%20U%3B%20Android%2012%3B%20V2166A%20Build%2Fd063e58.0%29;source=dl_app
甘肃移动 (540p) [Not 24/7],https://hls.gstv.com.cn/49048r/y72q36.m3u8
天龙八部,https://live.ottiptv.cc/yy/1351814644
爱尔达日韩,http://kt.hmysapp.cn:222/cdnlive.php?mode=play;id=5f273ec339cd49535e7e428762b89b54;token=fRfrVRwByx2YB2HDJeYAgdVDU9tZVSat;machineid=495211d81289c09b;userip=36.231.95.229;useragent=Dalvik%2F2.1.0%20%28Linux%3B%20U%3B%20Android%2012%3B%20V2166A%20Build%2Fd063e58.0%29;source=dl_app
生活 (576p),http://223.110.245.153/ott.js.chinamobile.com/PLTV/3/224/3221227311/index.m3u8
射雕英雄传,https://live.metshop.top/huya/23824164
爱尔达娱乐,http://kt.hmysapp.cn:222/cdnlive.php?mode=play;id=08ce132c534f96ea1f060c635965c1e6;token=fRfrVRwByx2YB2HDJeYAgdVDU9tZVSat;machineid=495211d81289c09b;userip=36.231.95.229;useragent=Dalvik%2F2.1.0%20%28Linux%3B%20U%3B%20Android%2012%3B%20V2166A%20Build%2Fd063e58.0%29;source=dl_app
电白视窗 (576p) [Not 24/7],http://gddb.chinashadt.com:1935/live/video2.stream/playlist.m3u8
倚天屠龙记,https://live.metshop.top/huya/23734246
爱尔达生活旅游,http://kt.hmysapp.cn:222/cdnlive.php?mode=play;id=63962c2cc3dc34ea41b4b017b74cb796;token=fRfrVRwByx2YB2HDJeYAgdVDU9tZVSat;machineid=495211d81289c09b;userip=36.231.95.229;useragent=Dalvik%2F2.1.0%20%28Linux%3B%20U%3B%20Android%2012%3B%20V2166A%20Build%2Fd063e58.0%29;source=dl_app
电白视窗 (360p) [Not 24/7],http://gddb.chinashadt.com:1935/live/video2.stream_360p/playlist.m3u8
笑傲江湖,https://live.metshop.top/huya/23865142
爱尔达体育1,http://kt.hmysapp.cn:222/cdnlive.php?mode=play;id=e6e8f1e0e5a494b9db3cf794bd39d09c;token=fRfrVRwByx2YB2HDJeYAgdVDU9tZVSat;machineid=495211d81289c09b;userip=36.231.95.229;useragent=Dalvik%2F2.1.0%20%28Linux%3B%20U%3B%20Android%2012%3B%20V2166A%20Build%2Fd063e58.0%29;source=dl_app
电白综合 (576p) [Not 24/7],http://gddb.chinashadt.com:1935/live/video1.stream/playlist.m3u8
活佛济公3,https://live.metshop.top/huya/23903123
爱尔达体育2,http://kt.hmysapp.cn:222/cdnlive.php?mode=play;id=d7e0bb604a5fdcdb15d7818a6fed2b97;token=fRfrVRwByx2YB2HDJeYAgdVDU9tZVSat;machineid=495211d81289c09b;userip=36.231.95.229;useragent=Dalvik%2F2.1.0%20%28Linux%3B%20U%3B%20Android%2012%3B%20V2166A%20Build%2Fd063e58.0%29;source=dl_app
电白综合 (360p) [Not 24/7],http://gddb.chinashadt.com:1935/live/video1.stream_360p/playlist.m3u8
无心法师,https://live.metshop.top/huya/30080233
爱尔达体育3,http://kt.hmysapp.cn:222/cdnlive.php?mode=play;id=3815fd95f39a66e549da95aefc0c0c7c;token=fRfrVRwByx2YB2HDJeYAgdVDU9tZVSat;machineid=495211d81289c09b;userip=36.231.95.229;useragent=Dalvik%2F2.1.0%20%28Linux%3B%20U%3B%20Android%2012%3B%20V2166A%20Build%2Fd063e58.0%29;source=dl_app
白城新闻综合 [Geo-blocked],https://stream2.jlntv.cn/baicheng1/sd/live.m3u8
谈判专家,https://live.ottiptv.cc/yy/1382735560
爱尔达体育4,http://kt.hmysapp.cn:222/cdnlive.php?mode=play;id=78261674126a6b01d99b37f6e4a1ac61;token=fRfrVRwByx2YB2HDJeYAgdVDU9tZVSat;machineid=495211d81289c09b;userip=36.231.95.229;useragent=Dalvik%2F2.1.0%20%28Linux%3B%20U%3B%20Android%2012%3B%20V2166A%20Build%2Fd063e58.0%29;source=dl_app
白山新闻综合 [Geo-blocked],https://stream2.jlntv.cn/baishan1/sd/live.m3u8
刑事侦缉档案,https://live.metshop.top/huya/29465856
爱尔达体育Max1,http://kt.hmysapp.cn:222/cdnlive.php?mode=play;id=17a2e953a464fa5ae502a821636fefba;token=fRfrVRwByx2YB2HDJeYAgdVDU9tZVSat;machineid=495211d81289c09b;userip=36.231.95.229;useragent=Dalvik%2F2.1.0%20%28Linux%3B%20U%3B%20Android%2012%3B%20V2166A%20Build%2Fd063e58.0%29;source=dl_app
百事通体育1 (1080p) [Not 24/7],http://112.25.48.68/live/program/live/hdnba1/4000000/mnf.m3u8
法政先锋,https://live.metshop.top/huya/23863804
爱尔达体育Max2,http://kt.hmysapp.cn:222/cdnlive.php?mode=play;id=430b728fff4e6a4a5b8f2fe3f529ee8b;token=fRfrVRwByx2YB2HDJeYAgdVDU9tZVSat;machineid=495211d81289c09b;userip=36.231.95.229;useragent=Dalvik%2F2.1.0%20%28Linux%3B%20U%3B%20Android%2012%3B%20V2166A%20Build%2Fd063e58.0%29;source=dl_app
百事通体育2 (1080p) [Not 24/7],http://112.25.48.68/live/program/live/hdnba2/4000000/mnf.m3u8
洗冤录,https://live.metshop.top/huya/29465851
爱尔达体育Max3,http://kt.hmysapp.cn:222/cdnlive.php?mode=play;id=50dedb2249b6a9c668c8eb92e37542eb;token=fRfrVRwByx2YB2HDJeYAgdVDU9tZVSat;machineid=495211d81289c09b;userip=36.231.95.229;useragent=Dalvik%2F2.1.0%20%28Linux%3B%20U%3B%20Android%2012%3B%20V2166A%20Build%2Fd063e58.0%29;source=dl_app
百事通体育3 (1080p) [Not 24/7],http://112.25.48.68/live/program/live/hdnba3/4000000/mnf.m3u8
陀枪师姐,https://live.metshop.top/huya/29465857
爱尔达体育Max4,http://kt.hmysapp.cn:222/cdnlive.php?mode=play;id=3d78e7fd3f3dc888cc6cd75aa9c5b154;token=fRfrVRwByx2YB2HDJeYAgdVDU9tZVSat;machineid=495211d81289c09b;userip=36.231.95.229;useragent=Dalvik%2F2.1.0%20%28Linux%3B%20U%3B%20Android%2012%3B%20V2166A%20Build%2Fd063e58.0%29;source=dl_app
百事通体育5 (1080p),http://112.25.48.68/live/program/live/hdnba5/4000000/mnf.m3u8
使徒行者,https://live.metshop.top/huya/23734256
博斯无限,http://kt.hmysapp.cn:222/cdnlive.php?mode=play;id=a65faa238bcd8ba08e9a7aec2f4c150a;token=fRfrVRwByx2YB2HDJeYAgdVDU9tZVSat;machineid=495211d81289c09b;userip=36.231.95.229;useragent=Dalvik%2F2.1.0%20%28Linux%3B%20U%3B%20Android%2012%3B%20V2166A%20Build%2Fd063e58.0%29;source=dl_app
百事通体育7 (1080p) [Not 24/7],http://112.25.48.68/live/program/live/hdnba7/4000000/mnf.m3u8
鉴证实录,https://live.metshop.top/huya/23903183
博斯无限2,http://kt.hmysapp.cn:222/cdnlive.php?mode=play;id=ff355de55c9aa626e48da39cff8510b5;token=fRfrVRwByx2YB2HDJeYAgdVDU9tZVSat;machineid=495211d81289c09b;userip=36.231.95.229;useragent=Dalvik%2F2.1.0%20%28Linux%3B%20U%3B%20Android%2012%3B%20V2166A%20Build%2Fd063e58.0%29;source=dl_app
石景山电视台 (1080p) [Not 24/7],https://live.sjsrm.com/bjsjs/sd/live.m3u8
金枝欲孽,https://live.metshop.top/huya/29465847
博斯网球,http://kt.hmysapp.cn:222/cdnlive.php?mode=play;id=bb53a965d8812441c05b9be0f95ebf0c;token=fRfrVRwByx2YB2HDJeYAgdVDU9tZVSat;machineid=495211d81289c09b;userip=36.231.95.229;useragent=Dalvik%2F2.1.0%20%28Linux%3B%20U%3B%20Android%2012%3B%20V2166A%20Build%2Fd063e58.0%29;source=dl_app
福山生活 (576p) [Not 24/7],http://live.jiaodong.net:82/tvfushan/hls/tv_shenghuo.m3u8
扫黄先锋,https://live.metshop.top/huya/29465855
博斯网球,http://kt.hmysapp.cn:222/cdnlive.php?mode=play;id=d83f001b2fb3b2f3280fea885aa998c7;token=fRfrVRwByx2YB2HDJeYAgdVDU9tZVSat;machineid=495211d81289c09b;userip=36.231.95.229;useragent=Dalvik%2F2.1.0%20%28Linux%3B%20U%3B%20Android%2012%3B%20V2166A%20Build%2Fd063e58.0%29;source=dl_app
福州广播电视台新闻综合频道 (FZTV-1) (1080p),http://live.zohi.tv/video/s10001-fztv-1/index.m3u8
创世纪,https://live.metshop.top/huya/29465852
博斯运动1,http://kt.hmysapp.cn:222/cdnlive.php?mode=play;id=753b7916fbb83bd2eb7027ad6f0a8c60;token=fRfrVRwByx2YB2HDJeYAgdVDU9tZVSat;machineid=495211d81289c09b;userip=36.231.95.229;useragent=Dalvik%2F2.1.0%20%28Linux%3B%20U%3B%20Android%2012%3B%20V2166A%20Build%2Fd063e58.0%29;source=dl_app
福州广播电视台都市生活频道 (FZTV-3) (1080p),http://live.zohi.tv/video/s10001-fztv-3/index.m3u8
妙手仁心,https://live.metshop.top/huya/29465853
博斯运动2,http://kt.hmysapp.cn:222/cdnlive.php?mode=play;id=a17846b9e90602ba01c34fe8e8ec8698;token=fRfrVRwByx2YB2HDJeYAgdVDU9tZVSat;machineid=495211d81289c09b;userip=36.231.95.229;useragent=Dalvik%2F2.1.0%20%28Linux%3B%20U%3B%20Android%2012%3B%20V2166A%20Build%2Fd063e58.0%29;source=dl_app
萬州三峽移民 (576p),http://123.146.162.24:8017/c2F0hmi/1000/live.m3u8
大时代,https://live.metshop.top/huya/23865161
博斯高球1,http://kt.hmysapp.cn:222/cdnlive.php?mode=play;id=991cdb578c9d65405a125a43787d1013;token=fRfrVRwByx2YB2HDJeYAgdVDU9tZVSat;machineid=495211d81289c09b;userip=36.231.95.229;useragent=Dalvik%2F2.1.0%20%28Linux%3B%20U%3B%20Android%2012%3B%20V2166A%20Build%2Fd063e58.0%29;source=dl_app
萬州三峽移民 (576p),http://wanzhoulive.cbg.cn:8017/c2F0hmi/1000/live.m3u8
野蛮亲家,https://live.metshop.top/huya/23863796
博斯高球1,http://kt.hmysapp.cn:222/cdnlive.php?mode=play;id=3e5f97209b1939259e4eefa92d619349;token=fRfrVRwByx2YB2HDJeYAgdVDU9tZVSat;machineid=495211d81289c09b;userip=36.231.95.229;useragent=Dalvik%2F2.1.0%20%28Linux%3B%20U%3B%20Android%2012%3B%20V2166A%20Build%2Fd063e58.0%29;source=dl_app
萬州影視文藝 (576p) [Not 24/7],http://123.146.162.24:8017/d4ceB1a/1000/live.m3u8
笑看风云,https://live.metshop.top/huya/29465858
博斯高球2,http://kt.hmysapp.cn:222/cdnlive.php?mode=play;id=0dce29da9b2b661a7478c59c8f98a965;token=fRfrVRwByx2YB2HDJeYAgdVDU9tZVSat;machineid=495211d81289c09b;userip=36.231.95.229;useragent=Dalvik%2F2.1.0%20%28Linux%3B%20U%3B%20Android%2012%3B%20V2166A%20Build%2Fd063e58.0%29;source=dl_app
萬州影視文藝 (576p),http://wanzhoulive.cbg.cn:8017/d4ceB1a/1000/live.m3u8
倩女幽魂妖魔道,http://jsmov2.a.yximgs.com/bs3/video-hls/5232901391302199073_hlsb.m3u8
博斯魅力网,http://kt.hmysapp.cn:222/cdnlive.php?mode=play;id=61fa0ee02bc94cdd984a6673c27bcee0;token=fRfrVRwByx2YB2HDJeYAgdVDU9tZVSat;machineid=495211d81289c09b;userip=36.231.95.229;useragent=Dalvik%2F2.1.0%20%28Linux%3B%20U%3B%20Android%2012%3B%20V2166A%20Build%2Fd063e58.0%29;source=dl_app
萬州科教頻道 (576p),http://123.146.162.24:8017/Cz7WPb8/800/live.m3u8
倩女幽魂人间道,http://jsmov2.a.yximgs.com/bs3/video-hls/5250634317044855747_hlsb.m3u8
时尚运动X,http://kt.hmysapp.cn:222/cdnlive.php?mode=play;id=6f8b91a9b8ac15a49d25b6672178ced1;token=fRfrVRwByx2YB2HDJeYAgdVDU9tZVSat;machineid=495211d81289c09b;userip=36.231.95.229;useragent=Dalvik%2F2.1.0%20%28Linux%3B%20U%3B%20Android%2012%3B%20V2166A%20Build%2Fd063e58.0%29;source=dl_app
萬州科教頻道 (576p),http://wanzhoulive.cbg.cn:8017/Cz7WPb8/800/live.m3u8
倩女幽魂道道道,http://jsmov2.a.yximgs.com/bs3/video-hls/5216294367991385255_hlsb.m3u8
智林体育,http://kt.hmysapp.cn:222/cdnlive.php?mode=play;id=4e9e366a66724537301358540ea1c699;token=fRfrVRwByx2YB2HDJeYAgdVDU9tZVSat;machineid=495211d81289c09b;userip=36.231.95.229;useragent=Dalvik%2F2.1.0%20%28Linux%3B%20U%3B%20Android%2012%3B%20V2166A%20Build%2Fd063e58.0%29;source=dl_app
萬州綜合頻道 (576p),http://123.146.162.24:8017/iTXwrGs/800/live.m3u8
人在囧途,https://vip.ffzy-play.com/20221018/1953_2d6ba500/index.m3u8
靖天国际,http://kt.hmysapp.cn:222/cdnlive.php?mode=play;id=a1f7c65ff8cb790483e330fd715bfaa2;token=fRfrVRwByx2YB2HDJeYAgdVDU9tZVSat;machineid=495211d81289c09b;userip=36.231.95.229;useragent=Dalvik%2F2.1.0%20%28Linux%3B%20U%3B%20Android%2012%3B%20V2166A%20Build%2Fd063e58.0%29;source=dl_app
萬州綜合頻道 (576p),http://wanzhoulive.cbg.cn:8017/iTXwrGs/800/live.m3u8
人在囧途之泰囧,https://vip.ffzy-play.com/20221018/1951_47e1adc8/index.m3u8
靖天综合,http://kt.hmysapp.cn:222/cdnlive.php?mode=play;id=f55a05caf567694d19a472957e9edbb2;token=fRfrVRwByx2YB2HDJeYAgdVDU9tZVSat;machineid=495211d81289c09b;userip=36.231.95.229;useragent=Dalvik%2F2.1.0%20%28Linux%3B%20U%3B%20Android%2012%3B%20V2166A%20Build%2Fd063e58.0%29;source=dl_app
积石山电视台 (1080p),http://117.156.28.119/270000001111/1110000152/index.m3u8
人在囧途之港囧,https://vip.ffzy-play7.com/20230112/11082_fde1a94d/index.m3u8
靖天卡通,http://kt.hmysapp.cn:222/cdnlive.php?mode=play;id=7121f93baf03c143dc88fcbe35b332e3;token=fRfrVRwByx2YB2HDJeYAgdVDU9tZVSat;machineid=495211d81289c09b;userip=36.231.95.229;useragent=Dalvik%2F2.1.0%20%28Linux%3B%20U%3B%20Android%2012%3B%20V2166A%20Build%2Fd063e58.0%29;source=dl_app
篮球资讯 (576p),http://223.110.245.139/PLTV/4/224/3221227023/index.m3u8
拆弹专家1,https://vip.ffzy-online.com/20221015/719_80ff87c2/index.m3u8
靖天欢乐,http://kt.hmysapp.cn:222/cdnlive.php?mode=play;id=edfbc25c34a0d10848731f323d77876f;token=fRfrVRwByx2YB2HDJeYAgdVDU9tZVSat;machineid=495211d81289c09b;userip=36.231.95.229;useragent=Dalvik%2F2.1.0%20%28Linux%3B%20U%3B%20Android%2012%3B%20V2166A%20Build%2Fd063e58.0%29;source=dl_app
娄底综合 (720p),http://119.39.242.52:1935/live/zonghe/playlist.m3u8
拆弹专家2,https://vip.ffzy-online.com/20221015/722_e32c42bc/index.m3u8
靖天日本,http://kt.hmysapp.cn:222/cdnlive.php?mode=play;id=ccc494fbbbf9a526ffe5dfa40aa86e1d;token=fRfrVRwByx2YB2HDJeYAgdVDU9tZVSat;machineid=495211d81289c09b;userip=36.231.95.229;useragent=Dalvik%2F2.1.0%20%28Linux%3B%20U%3B%20Android%2012%3B%20V2166A%20Build%2Fd063e58.0%29;source=dl_app
精品电影 (1080p),http://183.207.248.71/cntv/live1/jdianying/jdianying
寒战,https://vip.ffzy-play6.com/20221019/157_bf0740ee/index.m3u8
靖天育乐,http://kt.hmysapp.cn:222/cdnlive.php?mode=play;id=2a0b47b4932bf302da76adc053663c45;token=fRfrVRwByx2YB2HDJeYAgdVDU9tZVSat;machineid=495211d81289c09b;userip=36.231.95.229;useragent=Dalvik%2F2.1.0%20%28Linux%3B%20U%3B%20Android%2012%3B%20V2166A%20Build%2Fd063e58.0%29;source=dl_app
纪实人文 (1080p),http://39.135.138.59:18890/PLTV/88888910/224/3221225655/index.m3u8
我不是药神,https://vip.ffzy-play1.com/20221018/478_c3afed66/index.m3u8
龙祥时代,http://kt.hmysapp.cn:222/cdnlive.php?mode=play;id=9d00d6e33b1b43a50cf3e801cab3ce74;token=fRfrVRwByx2YB2HDJeYAgdVDU9tZVSat;machineid=495211d81289c09b;userip=36.231.95.229;useragent=Dalvik%2F2.1.0%20%28Linux%3B%20U%3B%20Android%2012%3B%20V2166A%20Build%2Fd063e58.0%29;source=dl_app
继续教育 (576p),http://111.63.117.13:6060/030000001000/G_CETV-2/G_CETV-2.m3u8
让子弹飞,https://vip.ffzy-play7.com/20230116/11563_b9f44814/index.m3u8
龙翔时代,http://kt.hmysapp.cn:222/cdnlive.php?mode=play;id=64cd095ee5ba83e158dff08128b404f7;token=fRfrVRwByx2YB2HDJeYAgdVDU9tZVSat;machineid=495211d81289c09b;userip=36.231.95.229;useragent=Dalvik%2F2.1.0%20%28Linux%3B%20U%3B%20Android%2012%3B%20V2166A%20Build%2Fd063e58.0%29;source=dl_app
罗山电视台 (1080p) [Not 24/7],http://live.dxhmt.cn:9081/tv/11521-1.m3u8
龙门飞甲,http://jsmov2.a.yximgs.com/bs3/video-hls/5203346449046555193_hlsb.m3u8
靖洋戏剧,http://kt.hmysapp.cn:222/cdnlive.php?mode=play;id=a40730066848783255e1e34266bd4c3c;token=fRfrVRwByx2YB2HDJeYAgdVDU9tZVSat;machineid=495211d81289c09b;userip=36.231.95.229;useragent=Dalvik%2F2.1.0%20%28Linux%3B%20U%3B%20Android%2012%3B%20V2166A%20Build%2Fd063e58.0%29;source=dl_app
置业 (576p),http://223.110.245.161/ott.js.chinamobile.com/PLTV/3/224/3221227037/index.m3u8
BRTV纪实科教,http://120.76.248.139/live/bfgd/4200000113.m3u8
靖洋卡通,http://kt.hmysapp.cn:222/cdnlive.php?mode=play;id=9e748e7e875da07f562ded22bfa5e1b2;token=fRfrVRwByx2YB2HDJeYAgdVDU9tZVSat;machineid=495211d81289c09b;userip=36.231.95.229;useragent=Dalvik%2F2.1.0%20%28Linux%3B%20U%3B%20Android%2012%3B%20V2166A%20Build%2Fd063e58.0%29;source=dl_app
肃州电视台 (1080p),http://117.156.28.119/270000001111/1110000123/index.m3u8
BRTV卡酷少儿,http://rrs01.hw.gmcc.net:8088/PLTV/81/224/3221226677/1.m3u8
纬来戏剧,http://kt.hmysapp.cn:222/cdnlive.php?mode=play;id=ca50dadfa16b56e6b7125310835b1c1d;token=fRfrVRwByx2YB2HDJeYAgdVDU9tZVSat;machineid=495211d81289c09b;userip=36.231.95.229;useragent=Dalvik%2F2.1.0%20%28Linux%3B%20U%3B%20Android%2012%3B%20V2166A%20Build%2Fd063e58.0%29;source=dl_app
荣昌综合 (404p) [Not 24/7],http://183.64.181.25:40023/rongchang01.m3u8
BRTV新闻,http://[2409:8087:1:20:20::2a]/otttv.bj.chinamobile.com/PLTV/88888888/224/3221226437/1.m3u8?GuardEncType=2&accountinfo=%7E%7EV2.0%7EncK5uEAdYwWMsf8WJWI1mQ%7E_eNUbgU9sJGUcVVduOMKhafLvQUgE_zlz_7pvDimJNO_LSIQh_h2P54Cz-MqgJqC%2CEND
纬来精采,http://kt.hmysapp.cn:222/cdnlive.php?mode=play;id=4dab5a92e41236d0d252cad9c2a713b7;token=fRfrVRwByx2YB2HDJeYAgdVDU9tZVSat;machineid=495211d81289c09b;userip=36.231.95.229;useragent=Dalvik%2F2.1.0%20%28Linux%3B%20U%3B%20Android%2012%3B%20V2166A%20Build%2Fd063e58.0%29;source=dl_app
莒縣圖文頻道 (720p),http://61.162.225.122:8181/live/test3.m3u8
BRTV影视,https://hsplay-360.v.btime.com/live_btime/btv_sn_20170706_s4/index.m3u8?time=1742954511&sign=5241ba5667bd08639fd195ea9db6da5a
纬来综合,http://kt.hmysapp.cn:222/cdnlive.php?mode=play;id=ec3baf9a66ce98433f6710f9527c3045;token=fRfrVRwByx2YB2HDJeYAgdVDU9tZVSat;machineid=495211d81289c09b;userip=36.231.95.229;useragent=Dalvik%2F2.1.0%20%28Linux%3B%20U%3B%20Android%2012%3B%20V2166A%20Build%2Fd063e58.0%29;source=dl_app
莒縣電視一套 (576p),http://61.162.225.122:8181/live/test1.m3u8
BRTV文艺,https://hsplay-360.v.btime.com/live_btime/btv_sn_20170706_s2/index.m3u8?time=1742954441&sign=36eca1b00f7de9e79ecc4449bcaa35d5
金光布袋戏,http://kt.hmysapp.cn:222/cdnlive.php?mode=play;id=0a062815a54ac278dafb23d4c039ec1f;token=fRfrVRwByx2YB2HDJeYAgdVDU9tZVSat;machineid=495211d81289c09b;userip=36.231.95.229;useragent=Dalvik%2F2.1.0%20%28Linux%3B%20U%3B%20Android%2012%3B%20V2166A%20Build%2Fd063e58.0%29;source=dl_app
莒縣電視二套 (576p) [Not 24/7],http://61.162.225.122:8181/live/test2.m3u8
BRTV财经,http://[2409:8087:1:20:20::2a]/otttv.bj.chinamobile.com/PLTV/88888888/224/3221226516/1.m3u8?GuardEncType=2&accountinfo=%7E%7EV2.0%7Eh9_SEkmWeMdS1TMnIILZgg%7E_eNUbgU9sJGUcVVduOMKhafLvQUgE_zlz_7pvDimJNPIiicEW7OIvk1s-X-PXHqO%2CEND
霹雳布袋戏,http://kt.hmysapp.cn:222/cdnlive.php?mode=play;id=5d32ccac1c8991f5d56447c27bb8baac;token=fRfrVRwByx2YB2HDJeYAgdVDU9tZVSat;machineid=495211d81289c09b;userip=36.231.95.229;useragent=Dalvik%2F2.1.0%20%28Linux%3B%20U%3B%20Android%2012%3B%20V2166A%20Build%2Fd063e58.0%29;source=dl_app
萍鄉公共頻道 (1080p) [Not 24/7],http://www.pxitv.com:8099/hls-live/livepkgr/_definst_/pxitvevent/pxtv3stream.m3u8
BRTV生活,http://[2409:8087:1:20:20::2a]/otttv.bj.chinamobile.com/PLTV/88888888/224/3221226514/1.m3u8?GuardEncType=2&accountinfo=%7E%7EV2.0%7Es-PVNcPJsjr_oBdcXGT40g%7E_eNUbgU9sJGUcVVduOMKhafLvQUgE_zlz_7pvDimJNMWvZ0r6eMXcXJOGrCpJiq1%2CEND
猪哥亮歌厅秀,http://kt.hmysapp.cn:222/cdnlive.php?mode=play;id=073b20dd05257e05ccc4f2ce4ab633ab;token=fRfrVRwByx2YB2HDJeYAgdVDU9tZVSat;machineid=495211d81289c09b;userip=36.231.95.229;useragent=Dalvik%2F2.1.0%20%28Linux%3B%20U%3B%20Android%2012%3B%20V2166A%20Build%2Fd063e58.0%29;source=dl_app
萍鄉教育頻道 (480p),http://www.pxitv.com:8099/hls-live/livepkgr/_definst_/pxitvevent/pxtv2stream.m3u8
BRTV体育休闲,http://smjdenny.eu.org:35455/bptv/10000100000000050000000003870779.m3u8
霹雳台湾,http://kt.hmysapp.cn:222/cdnlive.php?mode=play;id=1654489358216140883970ba0ffee9db;token=fRfrVRwByx2YB2HDJeYAgdVDU9tZVSat;machineid=495211d81289c09b;userip=36.231.95.229;useragent=Dalvik%2F2.1.0%20%28Linux%3B%20U%3B%20Android%2012%3B%20V2166A%20Build%2Fd063e58.0%29;source=dl_app
萍鄉新聞綜合 (576p) [Not 24/7],http://www.pxitv.com:8099/hls-live/livepkgr/_definst_/pxitvevent/pxtv1stream.m3u8
BRTV国际频道,http://[2409:8087:1:20:20::2a]/otttv.bj.chinamobile.com/PLTV/88888888/224/3221226510/1.m3u8?GuardEncType=2&accountinfo=%7E%7EV2.0%7EIfgL7tTUNqHAIdgvKuwj8A%7E_eNUbgU9sJGUcVVduOMKhafLvQUgE_zlz_7pvDimJNPr9j5nfyiWS_jEXD6m401A%2CEND
华艺中文,http://kt.hmysapp.cn:222/cdnlive.php?mode=play;id=d7ae3708af096362aaa0bf1ea69ad8c7;token=fRfrVRwByx2YB2HDJeYAgdVDU9tZVSat;machineid=495211d81289c09b;userip=36.231.95.229;useragent=Dalvik%2F2.1.0%20%28Linux%3B%20U%3B%20Android%2012%3B%20V2166A%20Build%2Fd063e58.0%29;source=dl_app
萧山新闻综合 (720p) [Not 24/7],https://l.cztvcloud.com/channels/lantian/SXxiaoshan1/720p.m3u8
北京4K超清,http://[2409:8087:1:20:20::26]/otttv.bj.chinamobile.com/PLTV/88888888/224/3221226550/1.m3u8?GuardEncType=2&accountinfo=~~V2.0~e2qS8h6u-xp3gd50vNr1sw~_eNUbgU9sJGUcVVduOMKhafLvQUgE_zlz_7pvDimJNPPFD3HVWEytEVyliOxehfe%2CEND
新唐人亚太,http://kt.hmysapp.cn:222/cdnlive.php?mode=play;id=6a292133f266ac29de0f9b85c560d446;token=fRfrVRwByx2YB2HDJeYAgdVDU9tZVSat;machineid=495211d81289c09b;userip=36.231.95.229;useragent=Dalvik%2F2.1.0%20%28Linux%3B%20U%3B%20Android%2012%3B%20V2166A%20Build%2Fd063e58.0%29;source=dl_app
蓬安新闻综合 (720p) [Not 24/7],http://palive.patv123.com:8091/live/xwpd_800K.m3u8
优优宝贝,http://120.76.248.139/live/bfgd/4200000153.m3u8
台湾Plus,http://kt.hmysapp.cn:222/cdnlive.php?mode=play;id=029955c0bd6af8c1d38812e86e72b11c;token=fRfrVRwByx2YB2HDJeYAgdVDU9tZVSat;machineid=495211d81289c09b;userip=36.231.95.229;useragent=Dalvik%2F2.1.0%20%28Linux%3B%20U%3B%20Android%2012%3B%20V2166A%20Build%2Fd063e58.0%29;source=dl_app
蕭山生活頻道 (720p) [Not 24/7],https://l.cztvcloud.com/channels/lantian/SXxiaoshan2/720p.m3u8
中华特产,http://120.76.248.139/live/bfgd/4200000158.m3u8
台湾戏剧,http://kt.hmysapp.cn:222/cdnlive.php?mode=play;id=dfdbce83799ec65c19241e3a4cbc58dd;token=fRfrVRwByx2YB2HDJeYAgdVDU9tZVSat;machineid=495211d81289c09b;userip=36.231.95.229;useragent=Dalvik%2F2.1.0%20%28Linux%3B%20U%3B%20Android%2012%3B%20V2166A%20Build%2Fd063e58.0%29;source=dl_app
西安丝路 (404p) [Not 24/7],http://stream2.xiancity.cn/xatv5/playlist.m3u8
生态环境,http://120.76.248.139/live/bfgd/4200000149.m3u8
娱乐百分百,http://kt.hmysapp.cn:222/cdnlive.php?mode=play;id=f4bfbdfa573a4bba137d7bcfa6eb7962;token=fRfrVRwByx2YB2HDJeYAgdVDU9tZVSat;machineid=495211d81289c09b;userip=36.231.95.229;useragent=Dalvik%2F2.1.0%20%28Linux%3B%20U%3B%20Android%2012%3B%20V2166A%20Build%2Fd063e58.0%29;source=dl_app
西安乐购购物 (180p) [Not 24/7],http://stream2.xiancity.cn/xatv6/playlist.m3u8
车迷频道,http://120.76.248.139/live/bfgd/4200000146.m3u8
幸福空间居家,http://kt.hmysapp.cn:222/cdnlive.php?mode=play;id=07b0f07f828f686d203e21ca95fef0e5;token=fRfrVRwByx2YB2HDJeYAgdVDU9tZVSat;machineid=495211d81289c09b;userip=36.231.95.229;useragent=Dalvik%2F2.1.0%20%28Linux%3B%20U%3B%20Android%2012%3B%20V2166A%20Build%2Fd063e58.0%29;source=dl_app
西安商务资讯 (180p) [Not 24/7],http://stream2.xiancity.cn/xatv3/playlist.m3u8
纪实人文,http://8.138.7.223/tv/shtv.php?id=xjs
幸福空间居家,http://kt.hmysapp.cn:222/cdnlive.php?mode=play;id=73997634d3842f0bc4f577a8be3ad0af;token=fRfrVRwByx2YB2HDJeYAgdVDU9tZVSat;machineid=495211d81289c09b;userip=36.231.95.229;useragent=Dalvik%2F2.1.0%20%28Linux%3B%20U%3B%20Android%2012%3B%20V2166A%20Build%2Fd063e58.0%29;source=dl_app
西安影视 (180p) [Not 24/7],http://stream2.xiancity.cn/xatv4/playlist.m3u8
萧山综合,http://l.cztvcloud.com/channels/lantian/SXxiaoshan1/720p.m3u8
香蕉直击,http://kt.hmysapp.cn:222/cdnlive.php?mode=play;id=3a77bd7ee14fb59f086733d983cd1bb6;token=fRfrVRwByx2YB2HDJeYAgdVDU9tZVSat;machineid=495211d81289c09b;userip=36.231.95.229;useragent=Dalvik%2F2.1.0%20%28Linux%3B%20U%3B%20Android%2012%3B%20V2166A%20Build%2Fd063e58.0%29;source=dl_app
西安新闻 (1080p) [Not 24/7],http://stream2.xiancity.cn/xatv1/playlist.m3u8
长沙女性,http://tvbox6.icu/tv/mgtv.php?id=230
凤梨直击,http://kt.hmysapp.cn:222/cdnlive.php?mode=play;id=643c233b74d8de3be67d79d5182cef01;token=fRfrVRwByx2YB2HDJeYAgdVDU9tZVSat;machineid=495211d81289c09b;userip=36.231.95.229;useragent=Dalvik%2F2.1.0%20%28Linux%3B%20U%3B%20Android%2012%3B%20V2166A%20Build%2Fd063e58.0%29;source=dl_app
西安白鸽 (180p) [Not 24/7],http://stream2.xiancity.cn/xatv2/playlist.m3u8
四川新闻,http://wouu.net:9977/udp/239.93.0.47:5140
动物星球1,http://kt.hmysapp.cn:222/cdnlive.php?mode=play;id=9e0aae8a7243b7a6f771de4484cf0119;token=fRfrVRwByx2YB2HDJeYAgdVDU9tZVSat;machineid=495211d81289c09b;userip=36.231.95.229;useragent=Dalvik%2F2.1.0%20%28Linux%3B%20U%3B%20Android%2012%3B%20V2166A%20Build%2Fd063e58.0%29;source=dl_app
辛集新聞頻道 (480p) [Not 24/7],http://zsxj.chinashadt.com:1935/live/xjxw.stream_360p/playlist.m3u8
峨眉电影,http://wouu.net:9977/udp/239.93.1.54:5140
探索亚洲,http://kt.hmysapp.cn:222/cdnlive.php?mode=play;id=ed32c2ef7e298cba849f60088937eddb;token=fRfrVRwByx2YB2HDJeYAgdVDU9tZVSat;machineid=495211d81289c09b;userip=36.231.95.229;useragent=Dalvik%2F2.1.0%20%28Linux%3B%20U%3B%20Android%2012%3B%20V2166A%20Build%2Fd063e58.0%29;source=dl_app
辛集生活頻道 (480p) [Not 24/7],http://zsxj.chinashadt.com:1935/live/xjsh.stream_360p/playlist.m3u8
四川妇女儿童,http://wouu.net:9977/udp/239.93.0.219:5140
探索科学,http://kt.hmysapp.cn:222/cdnlive.php?mode=play;id=c18915c5c541457427e55d4ba581145b;token=fRfrVRwByx2YB2HDJeYAgdVDU9tZVSat;machineid=495211d81289c09b;userip=36.231.95.229;useragent=Dalvik%2F2.1.0%20%28Linux%3B%20U%3B%20Android%2012%3B%20V2166A%20Build%2Fd063e58.0%29;source=dl_app
辽源新闻综合 [Geo-blocked],https://stream2.jlntv.cn/liaoyuan1/sd/live.m3u8
沙湾融媒,http://tvfile.swrmt.com:80/nmip-media/channellive/channel100064/playlist.m3u8
卫视西片,http://kt.hmysapp.cn:222/cdnlive.php?mode=play;id=16d79ddbcd37e98dfa8c2fb8c13432e0;token=fRfrVRwByx2YB2HDJeYAgdVDU9tZVSat;machineid=495211d81289c09b;userip=36.231.95.229;useragent=Dalvik%2F2.1.0%20%28Linux%3B%20U%3B%20Android%2012%3B%20V2166A%20Build%2Fd063e58.0%29;source=dl_app
通化新闻 [Geo-blocked],https://stream2.jlntv.cn/tonghua1/sd/live.m3u8
辽宁公共,http://dassby.qqff.top:99/live/辽宁公共/index.m3u8
好莱乌电影,http://kt.hmysapp.cn:222/cdnlive.php?mode=play;id=c5f820f0a624e3a1d98fab34e3d2360f;token=fRfrVRwByx2YB2HDJeYAgdVDU9tZVSat;machineid=495211d81289c09b;userip=36.231.95.229;useragent=Dalvik%2F2.1.0%20%28Linux%3B%20U%3B%20Android%2012%3B%20V2166A%20Build%2Fd063e58.0%29;source=dl_app
邗江资讯 (576p),http://223.110.245.139/PLTV/4/224/3221227154/index.m3u8
辽宁影视,http://dassby.qqff.top:99/live/辽宁影视剧/index.m3u8
影迷数位纪实,http://kt.hmysapp.cn:222/cdnlive.php?mode=play;id=e4c8683379521ec0b21b2bf11b414a1a;token=fRfrVRwByx2YB2HDJeYAgdVDU9tZVSat;machineid=495211d81289c09b;userip=36.231.95.229;useragent=Dalvik%2F2.1.0%20%28Linux%3B%20U%3B%20Android%2012%3B%20V2166A%20Build%2Fd063e58.0%29;source=dl_app
酒泉新闻综合 (576p),http://117.156.28.119/270000001111/1110000001/index.m3u8
辽宁青少,http://dassby.qqff.top:99/live/辽宁教育青少/index.m3u8
曼迪日本,http://kt.hmysapp.cn:222/cdnlive.php?mode=play;id=88e79fccf71b11db41ce3dc6f6b67412;token=fRfrVRwByx2YB2HDJeYAgdVDU9tZVSat;machineid=495211d81289c09b;userip=36.231.95.229;useragent=Dalvik%2F2.1.0%20%28Linux%3B%20U%3B%20Android%2012%3B%20V2166A%20Build%2Fd063e58.0%29;source=dl_app
金昌公共頻道 (240p) [Geo-blocked],http://stream4.liveyun.hoge.cn/ch01/sd/live.m3u8
辽宁公共,http://120.76.248.139/live/bfgd/4200000077.m3u8
滚动力Rollor,http://kt.hmysapp.cn:222/cdnlive.php?mode=play;id=73c20b6f33eefacf760556a87753bb24;token=fRfrVRwByx2YB2HDJeYAgdVDU9tZVSat;machineid=495211d81289c09b;userip=36.231.95.229;useragent=Dalvik%2F2.1.0%20%28Linux%3B%20U%3B%20Android%2012%3B%20V2166A%20Build%2Fd063e58.0%29;source=dl_app
金昌綜合頻道 (720p) [Geo-blocked],http://stream4.liveyun.hoge.cn/ch02/sd/live.m3u8
辽宁公共,http://120.76.248.139/live/bfgd/4200000481.m3u8
空中英语教室,http://kt.hmysapp.cn:222/cdnlive.php?mode=play;id=60b1d87e243c9b338d3b289406f3b500;token=fRfrVRwByx2YB2HDJeYAgdVDU9tZVSat;machineid=495211d81289c09b;userip=36.231.95.229;useragent=Dalvik%2F2.1.0%20%28Linux%3B%20U%3B%20Android%2012%3B%20V2166A%20Build%2Fd063e58.0%29;source=dl_app
长乐综合 [Geo-blocked],http://35908.hlsplay.aodianyun.com/guangdianyun_35908/tv_channel_327.m3u8
广东大湾区,http://222.128.55.152:9080/live/dwq.m3u8
精选动漫,http://kt.hmysapp.cn:222/cdnlive.php?mode=play;id=d88d2d00f06871292c53733cf7505ee6;token=fRfrVRwByx2YB2HDJeYAgdVDU9tZVSat;machineid=495211d81289c09b;userip=36.231.95.229;useragent=Dalvik%2F2.1.0%20%28Linux%3B%20U%3B%20Android%2012%3B%20V2166A%20Build%2Fd063e58.0%29;source=dl_app
长春综合 [Geo-blocked],https://stream2.jlntv.cn/jlcc/sd/live.m3u8
番禺综合,http://video.epaper.pybtv.cn:8080/live/rtmp_live_demo.flv
经典卡通,http://kt.hmysapp.cn:222/cdnlive.php?mode=play;id=c1c5c09f51e4035ba0093e5e6be56ebb;token=fRfrVRwByx2YB2HDJeYAgdVDU9tZVSat;machineid=495211d81289c09b;userip=36.231.95.229;useragent=Dalvik%2F2.1.0%20%28Linux%3B%20U%3B%20Android%2012%3B%20V2166A%20Build%2Fd063e58.0%29;source=dl_app
长沙地铁移动 [Geo-blocked],http://35848.hlsplay.aodianyun.com/guangdianyun_35848/tv_channel_356.m3u8
河源公共,http://tmpstream.hyrtv.cn/hygg/sd/live.m3u8
经典迪士尼,http://kt.hmysapp.cn:222/cdnlive.php?mode=play;id=4c05b7878803c8d9f6bdf0d99619787c;token=fRfrVRwByx2YB2HDJeYAgdVDU9tZVSat;machineid=495211d81289c09b;userip=36.231.95.229;useragent=Dalvik%2F2.1.0%20%28Linux%3B%20U%3B%20Android%2012%3B%20V2166A%20Build%2Fd063e58.0%29;source=dl_app
长沙女性 [Geo-blocked],http://35848.hlsplay.aodianyun.com/guangdianyun_35848/tv_channel_349.m3u8
江苏新闻,http://20240504.shunyue1809.com:6321/udp/239.49.8.120:8000
综艺大赢家,http://kt.hmysapp.cn:222/cdnlive.php?mode=play;id=1a9ed0a56f7bdca075b07dfbe55437d2;token=fRfrVRwByx2YB2HDJeYAgdVDU9tZVSat;machineid=495211d81289c09b;userip=36.231.95.229;useragent=Dalvik%2F2.1.0%20%28Linux%3B%20U%3B%20Android%2012%3B%20V2166A%20Build%2Fd063e58.0%29;source=dl_app
长沙政法 [Geo-blocked],http://35848.hlsplay.aodianyun.com/guangdianyun_35848/tv_channel_348.m3u8
文物宝库,http://www.lizhinas.top:1009/rtp/239.252.220.158:5140
华纳电影,http://kt.hmysapp.cn:222/cdnlive.php?mode=play;id=d3f0e9d994d6e64b47f8b31a0b4eb764;token=fRfrVRwByx2YB2HDJeYAgdVDU9tZVSat;machineid=495211d81289c09b;userip=36.231.95.229;useragent=Dalvik%2F2.1.0%20%28Linux%3B%20U%3B%20Android%2012%3B%20V2166A%20Build%2Fd063e58.0%29;source=dl_app
长沙新闻 [Geo-blocked],http://35848.hlsplay.aodianyun.com/guangdianyun_35848/tv_channel_346.m3u8
河南乡村,http://www.cdnstv.com:6398/hls/1116/index.m3u8
华艺MBC综合,http://kt.hmysapp.cn:222/cdnlive.php?mode=play;id=156a1cd807b17860cea57003204d3ff4;token=fRfrVRwByx2YB2HDJeYAgdVDU9tZVSat;machineid=495211d81289c09b;userip=36.231.95.229;useragent=Dalvik%2F2.1.0%20%28Linux%3B%20U%3B%20Android%2012%3B%20V2166A%20Build%2Fd063e58.0%29;source=dl_app
长沙经贸 [Geo-blocked],http://35848.hlsplay.aodianyun.com/guangdianyun_35848/tv_channel_350.m3u8
河南戏曲,http://www.cdnstv.com:6398/hls/1119/index.m3u8
视纳华仁纪实频道,http://kt.hmysapp.cn:222/cdnlive.php?mode=play;id=04c49be7985930424702562f4064309c;token=fRfrVRwByx2YB2HDJeYAgdVDU9tZVSat;machineid=495211d81289c09b;userip=36.231.95.229;useragent=Dalvik%2F2.1.0%20%28Linux%3B%20U%3B%20Android%2012%3B%20V2166A%20Build%2Fd063e58.0%29;source=dl_app
长沙购物 [Geo-blocked],http://35848.hlsplay.aodianyun.com/guangdianyun_35848/tv_channel_354.m3u8
河南法治,http://www.cdnstv.com:6398/hls/1112/index.m3u8
车迷TV,http://kt.hmysapp.cn:222/cdnlive.php?mode=play;id=d6873ce576957c64f936ba58c63d0485;token=fRfrVRwByx2YB2HDJeYAgdVDU9tZVSat;machineid=495211d81289c09b;userip=36.231.95.229;useragent=Dalvik%2F2.1.0%20%28Linux%3B%20U%3B%20Android%2012%3B%20V2166A%20Build%2Fd063e58.0%29;source=dl_app
隨州綜合 (720p) [Not 24/7],http://34766.hlsplay.aodianyun.com/guangdianyun_34766/tv_channel_304.m3u8
收藏天下,http://www.cdnstv.com:6398/hls/1118/index.m3u8
达文西频道,http://kt.hmysapp.cn:222/cdnlive.php?mode=play;id=ab9aadd81b1b33ff3a24ba3bd59f6d4a;token=fRfrVRwByx2YB2HDJeYAgdVDU9tZVSat;machineid=495211d81289c09b;userip=36.231.95.229;useragent=Dalvik%2F2.1.0%20%28Linux%3B%20U%3B%20Android%2012%3B%20V2166A%20Build%2Fd063e58.0%29;source=dl_app
隨州農村 (720p) [Not 24/7],http://34766.hlsplay.aodianyun.com/guangdianyun_34766/tv_channel_305.m3u8
中华功夫,http://www.cdnstv.com:6398/hls/1120/index.m3u
电影原声台CMusic,http://kt.hmysapp.cn:222/cdnlive.php?mode=play;id=166a68ae0f31402a6a12f6a9457d1d54;token=fRfrVRwByx2YB2HDJeYAgdVDU9tZVSat;machineid=495211d81289c09b;userip=36.231.95.229;useragent=Dalvik%2F2.1.0%20%28Linux%3B%20U%3B%20Android%2012%3B%20V2166A%20Build%2Fd063e58.0%29;source=dl_app
集安综合 [Geo-blocked],https://stream2.jlntv.cn/ja/sd/live.m3u8
河南法治,http://1.94.31.214/php/hntv.php?id=hmfz
韩国娱乐台KMTV,http://kt.hmysapp.cn:222/cdnlive.php?mode=play;id=f0c7a74e8bc4b8c9487df4a97b183657;token=fRfrVRwByx2YB2HDJeYAgdVDU9tZVSat;machineid=495211d81289c09b;userip=36.231.95.229;useragent=Dalvik%2F2.1.0%20%28Linux%3B%20U%3B%20Android%2012%3B%20V2166A%20Build%2Fd063e58.0%29;source=dl_app
霸州公共頻道 (576p) [Not 24/7],http://hbbz.chinashadt.com:2036/live/stream:bzgg.stream/playlist.m3u8
河南乡村,http://1.94.31.214/php/hntv.php?id=hnxc
韩流美食料理秀,http://kt.hmysapp.cn:222/cdnlive.php?mode=play;id=d939594795c3a5978d8edee3e4ca019c;token=fRfrVRwByx2YB2HDJeYAgdVDU9tZVSat;machineid=495211d81289c09b;userip=36.231.95.229;useragent=Dalvik%2F2.1.0%20%28Linux%3B%20U%3B%20Android%2012%3B%20V2166A%20Build%2Fd063e58.0%29;source=dl_app
靖江新闻綜合 (480p) [Not 24/7],http://visit.jjbctv.com:1935/live/xwzhmb/playlist.m3u8
河南国际,http://1.94.31.214/php/hntv.php?id=hngj
霹雳布袋戏-FastTV飞速看,http://kt.hmysapp.cn:222/cdnlive.php?mode=play;id=30f2ea84e1347ae92f60fd6845f7f19b;token=fRfrVRwByx2YB2HDJeYAgdVDU9tZVSat;machineid=495211d81289c09b;userip=36.231.95.229;useragent=Dalvik%2F2.1.0%20%28Linux%3B%20U%3B%20Android%2012%3B%20V2166A%20Build%2Fd063e58.0%29;source=dl_app
静宁综合 (1080p),http://117.156.28.119/270000001111/1110000147/index.m3u8
河南梨园,http://1.94.31.214/php/hntv.php?id=hnly
戏说台湾-FastTV飞速看,http://kt.hmysapp.cn:222/cdnlive.php?mode=play;id=1d0ea6ca221b887ba49433290b03fbad;token=fRfrVRwByx2YB2HDJeYAgdVDU9tZVSat;machineid=495211d81289c09b;userip=36.231.95.229;useragent=Dalvik%2F2.1.0%20%28Linux%3B%20U%3B%20Android%2012%3B%20V2166A%20Build%2Fd063e58.0%29;source=dl_app
风尚购物 (1080p),http://183.207.248.71/cntv/live1/fengshanggw/fengshanggw
文物宝库,http://1.94.31.214/php/hntv.php?id=wwbk
超人力霸王《剧场版》FastTV飞速看,http://kt.hmysapp.cn:222/cdnlive.php?mode=play;id=8bdf9930c85390c5ec6581944b2a9e57;token=fRfrVRwByx2YB2HDJeYAgdVDU9tZVSat;machineid=495211d81289c09b;userip=36.231.95.229;useragent=Dalvik%2F2.1.0%20%28Linux%3B%20U%3B%20Android%2012%3B%20V2166A%20Build%2Fd063e58.0%29;source=dl_app
餘姚姚江文化 (576p) [Not 24/7],https://l.cztvcloud.com/channels/lantian/SXyuyao2/720p.m3u8
睛彩中原,http://1.94.31.214/php/hntv.php?id=jczy
市井豪门-FastTV飞速看,http://kt.hmysapp.cn:222/cdnlive.php?mode=play;id=de9f8d7f81bdfe396b0938ff4083b566;token=fRfrVRwByx2YB2HDJeYAgdVDU9tZVSat;machineid=495211d81289c09b;userip=36.231.95.229;useragent=Dalvik%2F2.1.0%20%28Linux%3B%20U%3B%20Android%2012%3B%20V2166A%20Build%2Fd063e58.0%29;source=dl_app
高台电视台 (1080p),http://117.156.28.119/270000001111/1110000146/index.m3u8
移动戏曲,http://1.94.31.214/php/hntv.php?id=ydxj
超人力霸王《TV版》FastTV飞速看,http://kt.hmysapp.cn:222/cdnlive.php?mode=play;id=191bd331094d3608dabf9fc2564bae64;token=fRfrVRwByx2YB2HDJeYAgdVDU9tZVSat;machineid=495211d81289c09b;userip=36.231.95.229;useragent=Dalvik%2F2.1.0%20%28Linux%3B%20U%3B%20Android%2012%3B%20V2166A%20Build%2Fd063e58.0%29;source=dl_app
鹤壁新闻综合 (480p) [Not 24/7],http://pili-live-hls.hebitv.com/hebi/hebi.m3u8
象视界,http://1.94.31.214/php/hntv.php?id=xsj
台湾No.1棒球精选-FastTV飞速看,http://kt.hmysapp.cn:222/cdnlive.php?mode=play;id=e7d8f82952f43ee4b7ee91dbfd9e119f;token=fRfrVRwByx2YB2HDJeYAgdVDU9tZVSat;machineid=495211d81289c09b;userip=36.231.95.229;useragent=Dalvik%2F2.1.0%20%28Linux%3B%20U%3B%20Android%2012%3B%20V2166A%20Build%2Fd063e58.0%29;source=dl_app
鹤峰综合 [Geo-blocked],http://hefeng.live.tempsource.cjyun.org/videotmp/s10100-hftv.m3u8
河北杂技,http://vip.lqcc.xyz:15511/rtp/239.254.201.139:7203
免费精选动画-FastTV飞速看,http://kt.hmysapp.cn:222/cdnlive.php?mode=play;id=02a7b8d400c16b34534c9e89d1bed654;token=fRfrVRwByx2YB2HDJeYAgdVDU9tZVSat;machineid=495211d81289c09b;userip=36.231.95.229;useragent=Dalvik%2F2.1.0%20%28Linux%3B%20U%3B%20Android%2012%3B%20V2166A%20Build%2Fd063e58.0%29;source=dl_app
鹿泉一套 (576p) [Not 24/7],http://hblq.chinashadt.com:2036/live/stream:luquan1.stream/playlist.m3u8
邢台生活,https://jwcdnqx.hebyun.com.cn/live/xtcsshpd/1500k/tzwj_video.m3u8
半岛国际新闻,http://kt.hmysapp.cn:222/cdnlive.php?mode=play;id=8511807e58fc3d8a1c732e36a5bb79a6;token=fRfrVRwByx2YB2HDJeYAgdVDU9tZVSat;machineid=495211d81289c09b;userip=36.231.95.229;useragent=Dalvik%2F2.1.0%20%28Linux%3B%20U%3B%20Android%2012%3B%20V2166A%20Build%2Fd063e58.0%29;source=dl_app
鹿泉二套 (576p) [Not 24/7],http://hblq.chinashadt.com:2036/live/stream:luquan2.stream/playlist.m3u8
石家庄城市服务,http://nn.7x9d.cn/石家庄.php?id=5
半岛国际新闻,http://kt.hmysapp.cn:222/cdnlive.php?mode=play;id=1b6e6e87679080cb41393ae9b69a73d6;token=fRfrVRwByx2YB2HDJeYAgdVDU9tZVSat;machineid=495211d81289c09b;userip=36.231.95.229;useragent=Dalvik%2F2.1.0%20%28Linux%3B%20U%3B%20Android%2012%3B%20V2166A%20Build%2Fd063e58.0%29;source=dl_app
黑龙卫视 (1080p),http://223.110.243.169/PLTV/3/224/3221227252/index.m3u8
石家庄文化娱乐,http://nn.7x9d.cn/石家庄.php?id=6
ABC互动英语,http://kt.hmysapp.cn:222/cdnlive.php?mode=play;id=c3c820906bba7443e3098b2db199167b;token=fRfrVRwByx2YB2HDJeYAgdVDU9tZVSat;machineid=495211d81289c09b;userip=36.231.95.229;useragent=Dalvik%2F2.1.0%20%28Linux%3B%20U%3B%20Android%2012%3B%20V2166A%20Build%2Fd063e58.0%29;source=dl_app
黑龙卫视 (1080p),http://223.110.245.139/PLTV/4/224/3221227492/index.m3u8
邯郸公共频道,https://jwcdnqx.hebyun.com.cn/live/hdgg/1500k/tzwj_video.m3u8
ABC新闻,http://kt.hmysapp.cn:222/cdnlive.php?mode=play;id=447d30ed2335f7b1f48972388255e975;token=fRfrVRwByx2YB2HDJeYAgdVDU9tZVSat;machineid=495211d81289c09b;userip=36.231.95.229;useragent=Dalvik%2F2.1.0%20%28Linux%3B%20U%3B%20Android%2012%3B%20V2166A%20Build%2Fd063e58.0%29;source=dl_app
黑龙卫视 (1080p),http://223.110.245.170/PLTV/3/224/3221227252/index.m3u8
鹿泉二套,https://jwcdnqx.hebyun.com.cn/live/luquaner/1500k/tzwj_video.m3u8
amc电影,http://kt.hmysapp.cn:222/cdnlive.php?mode=play;id=e430a4348c0e1fadf1a2dff61821c29c;token=fRfrVRwByx2YB2HDJeYAgdVDU9tZVSat;machineid=495211d81289c09b;userip=36.231.95.229;useragent=Dalvik%2F2.1.0%20%28Linux%3B%20U%3B%20Android%2012%3B%20V2166A%20Build%2Fd063e58.0%29;source=dl_app
黑龙卫视 (720p),http://125.210.152.18:9090/live/HLJWSHD_H265.m3u8
西部电影,http://112.46.105.20:8009/hls/62/index.m3u8
ARIRANG阿里郎频道,http://kt.hmysapp.cn:222/cdnlive.php?mode=play;id=b28f8ece56a1541a0fa3e87cb8f0b204;token=fRfrVRwByx2YB2HDJeYAgdVDU9tZVSat;machineid=495211d81289c09b;userip=36.231.95.229;useragent=Dalvik%2F2.1.0%20%28Linux%3B%20U%3B%20Android%2012%3B%20V2166A%20Build%2Fd063e58.0%29;source=dl_app
黑龙江 (1080p),http://223.110.245.161/ott.js.chinamobile.com/PLTV/3/224/3221227492/index.m3u8
新闻咨询,http://112.46.105.20:8009/hls/18/index.m3u8
ASIA亚洲旅游,http://kt.hmysapp.cn:222/cdnlive.php?mode=play;id=7ae2c446726e1d76afd38ea7c282a637;token=fRfrVRwByx2YB2HDJeYAgdVDU9tZVSat;machineid=495211d81289c09b;userip=36.231.95.229;useragent=Dalvik%2F2.1.0%20%28Linux%3B%20U%3B%20Android%2012%3B%20V2166A%20Build%2Fd063e58.0%29;source=dl_app
黑龙江 (576p),http://183.207.248.71/gitv/live1/G_HEILONGJIANG/G_HEILONGJIANG
都市青春,http://112.46.105.20:8009/hls/19/index.m3u8
Astro-Arena2,http://kt.hmysapp.cn:222/cdnlive.php?mode=play;id=8dc98a496b3ae52d9f7c72d38e5af5c5;token=fRfrVRwByx2YB2HDJeYAgdVDU9tZVSat;machineid=495211d81289c09b;userip=36.231.95.229;useragent=Dalvik%2F2.1.0%20%28Linux%3B%20U%3B%20Android%2012%3B%20V2166A%20Build%2Fd063e58.0%29;source=dl_app
黑龙江卫 (1080p),http://183.207.248.71/cntv/live1/HD-2500k-1080P-heilongjiangstv/HD-2500k-1080P-heilongjiangstv
陕西银龄,http://112.46.105.20:8009/hls/20/index.m3u8
Astro-Golf,http://kt.hmysapp.cn:222/cdnlive.php?mode=play;id=f76882c1a389185b52ae3dfe8de303e4;token=fRfrVRwByx2YB2HDJeYAgdVDU9tZVSat;machineid=495211d81289c09b;userip=36.231.95.229;useragent=Dalvik%2F2.1.0%20%28Linux%3B%20U%3B%20Android%2012%3B%20V2166A%20Build%2Fd063e58.0%29;source=dl_app
CGTN Global Biz (1080p),https://fastlive.cctvplus.com/out/v1/2b3d8a0c805d437f9dc85b764c2ac599/index.m3u8
陕西秦腔,http://112.46.105.20:8009/hls/22/index.m3u8
BBC_Earth,http://kt.hmysapp.cn:222/cdnlive.php?mode=play;id=c51f243ece2ed479c79ce1b895257ef4;token=fRfrVRwByx2YB2HDJeYAgdVDU9tZVSat;machineid=495211d81289c09b;userip=36.231.95.229;useragent=Dalvik%2F2.1.0%20%28Linux%3B%20U%3B%20Android%2012%3B%20V2166A%20Build%2Fd063e58.0%29;source=dl_app
Discovering China (1080p),https://fastlive.cctvplus.com/out/v1/8442c3bfd4c64a3984389328f6087879/index.m3u8
乐家购物,http://112.46.105.20:8009/hls/23/index.m3u8
BBC_Lifestyle,http://kt.hmysapp.cn:222/cdnlive.php?mode=play;id=700dfd7caf80a973e4d0659b37c6055c;token=fRfrVRwByx2YB2HDJeYAgdVDU9tZVSat;machineid=495211d81289c09b;userip=36.231.95.229;useragent=Dalvik%2F2.1.0%20%28Linux%3B%20U%3B%20Android%2012%3B%20V2166A%20Build%2Fd063e58.0%29;source=dl_app
China Travel (1080p),https://fastlive.cctvplus.com/out/v1/ca6f9297b7314a63959435028af287fc/index.m3u8
西安新闻,http://112.46.105.20:8009/hls/28/index.m3u8
BBC Cbeebies,http://kt.hmysapp.cn:222/cdnlive.php?mode=play;id=036b51c785e522a40af9fcb5a0639f32;token=fRfrVRwByx2YB2HDJeYAgdVDU9tZVSat;machineid=495211d81289c09b;userip=36.231.95.229;useragent=Dalvik%2F2.1.0%20%28Linux%3B%20U%3B%20Android%2012%3B%20V2166A%20Build%2Fd063e58.0%29;source=dl_app
Fujian Comprehensive Channel,http://120.39.52.202:5140/%E7%A6%8F%E5%BB%BA%E7%BB%BC%E5%90%88
西安都市,http://112.46.105.20:8009/hls/29/index.m3u8
Bloomberg TV 彭博财经,http://kt.hmysapp.cn:222/cdnlive.php?mode=play;id=7e0952f5cfd39520537aece05f6dcd20;token=fRfrVRwByx2YB2HDJeYAgdVDU9tZVSat;machineid=495211d81289c09b;userip=36.231.95.229;useragent=Dalvik%2F2.1.0%20%28Linux%3B%20U%3B%20Android%2012%3B%20V2166A%20Build%2Fd063e58.0%29;source=dl_app
QTV-1,http://119.166.53.110:85/tsfile/live/1000_1.m3u8?key=txiptv&playlive=1&authid=0
长影频道,http://tpc.x3322.net:9901/tsfile/live/1010_1.m3u8
Boomerang,http://kt.hmysapp.cn:222/cdnlive.php?mode=play;id=8c9d96b1ef82662dd41a42e8528876b6;token=fRfrVRwByx2YB2HDJeYAgdVDU9tZVSat;machineid=495211d81289c09b;userip=36.231.95.229;useragent=Dalvik%2F2.1.0%20%28Linux%3B%20U%3B%20Android%2012%3B%20V2166A%20Build%2Fd063e58.0%29;source=dl_app
Guangxi Variety & Travel Channel,http://111.59.24.227:8181/tsfile/live/1001_1.m3u8?key=txiptv&playlive=1&authid=0
武汉电视剧,http://stream.appwuhan.com/2tzb/sd/live.m3u8
Cartoonito,http://kt.hmysapp.cn:222/cdnlive.php?mode=play;id=6f38e0a053bd7aad52927c890baf994a;token=fRfrVRwByx2YB2HDJeYAgdVDU9tZVSat;machineid=495211d81289c09b;userip=36.231.95.229;useragent=Dalvik%2F2.1.0%20%28Linux%3B%20U%3B%20Android%2012%3B%20V2166A%20Build%2Fd063e58.0%29;source=dl_app
Kangba TV,http://110.185.237.164:8888/hls/30/index.m3u8
武汉科技生活,http://stream.appwuhan.com/3tzb/sd/live.m3u8
CI罪案侦查频道,http://kt.hmysapp.cn:222/cdnlive.php?mode=play;id=3e46f60dc9ba4d282881b363ce772a46;token=fRfrVRwByx2YB2HDJeYAgdVDU9tZVSat;machineid=495211d81289c09b;userip=36.231.95.229;useragent=Dalvik%2F2.1.0%20%28Linux%3B%20U%3B%20Android%2012%3B%20V2166A%20Build%2Fd063e58.0%29;source=dl_app
QTV-6,http://119.166.53.110:85/tsfile/live/0002_1.m3u8?key=txiptv&playlive=1&authid=0
福建乡村振兴公共,http://8.138.7.223/tv/fjtv1.php?id=fjxc
CLASSICA古典乐,http://kt.hmysapp.cn:222/cdnlive.php?mode=play;id=dfcb1fb1f975fbd1431e7936e820110f;token=fRfrVRwByx2YB2HDJeYAgdVDU9tZVSat;machineid=495211d81289c09b;userip=36.231.95.229;useragent=Dalvik%2F2.1.0%20%28Linux%3B%20U%3B%20Android%2012%3B%20V2166A%20Build%2Fd063e58.0%29;source=dl_app
QTV-3,http://119.166.53.110:85/tsfile/live/1002_1.m3u8?key=txiptv&playlive=1&authid=0
福州新闻综合,http://8.138.7.223/tv/fjtv1.php?id=fz1
CNBC Asia财经,http://kt.hmysapp.cn:222/cdnlive.php?mode=play;id=9f4c4c82689cd1a020d8f74bb956a5b9;token=fRfrVRwByx2YB2HDJeYAgdVDU9tZVSat;machineid=495211d81289c09b;userip=36.231.95.229;useragent=Dalvik%2F2.1.0%20%28Linux%3B%20U%3B%20Android%2012%3B%20V2166A%20Build%2Fd063e58.0%29;source=dl_app
QTV-4,http://119.166.53.110:85/tsfile/live/1004_1.m3u8?key=txiptv&playlive=1&authid=0
泉州新闻综合,http://8.138.7.223/tv/fjtv1.php?id=qz1
CNEX视纳华仁纪实,http://kt.hmysapp.cn:222/cdnlive.php?mode=play;id=2ffa149412ab2dc5ec4d7aaa24c728cb;token=fRfrVRwByx2YB2HDJeYAgdVDU9tZVSat;machineid=495211d81289c09b;userip=36.231.95.229;useragent=Dalvik%2F2.1.0%20%28Linux%3B%20U%3B%20Android%2012%3B%20V2166A%20Build%2Fd063e58.0%29;source=dl_app
CGTN (1080p),https://hlspackager.akamaized.net/live/DB/CGTN_ENGLISH/HLS/CGTN_ENGLISH.m3u8
三明综合,http://8.138.7.223/tv/fjtv1.php?id=sm1
Concerto,http://kt.hmysapp.cn:222/cdnlive.php?mode=play;id=858e5b3a7109fd05777f397609092113;token=fRfrVRwByx2YB2HDJeYAgdVDU9tZVSat;machineid=495211d81289c09b;userip=36.231.95.229;useragent=Dalvik%2F2.1.0%20%28Linux%3B%20U%3B%20Android%2012%3B%20V2166A%20Build%2Fd063e58.0%29;source=dl_app
CGTN Documentary (1080p),https://hlspackager.akamaized.net/live/DB/CGTN_DOCUMENTARY/HLS/CGTN_DOCUMENTARY.m3u8
莆田综合,http://8.138.7.223/tv/fjtv1.php?id=pt1
CRIME+,http://kt.hmysapp.cn:222/cdnlive.php?mode=play;id=203ee4af80a98546111f64830374889a;token=fRfrVRwByx2YB2HDJeYAgdVDU9tZVSat;machineid=495211d81289c09b;userip=36.231.95.229;useragent=Dalvik%2F2.1.0%20%28Linux%3B%20U%3B%20Android%2012%3B%20V2166A%20Build%2Fd063e58.0%29;source=dl_app
CGTN (720p),https://dai.google.com/linear/hls/event/r4sa-f6GSN2XIvzKv5jVng/master.m3u8
南平综合,http://8.138.7.223/tv/fjtv1.php?id=np1
Discovery DMAX,http://kt.hmysapp.cn:222/cdnlive.php?mode=play;id=42b3627d35e274b7a25bfaa957434fee;token=fRfrVRwByx2YB2HDJeYAgdVDU9tZVSat;machineid=495211d81289c09b;userip=36.231.95.229;useragent=Dalvik%2F2.1.0%20%28Linux%3B%20U%3B%20Android%2012%3B%20V2166A%20Build%2Fd063e58.0%29;source=dl_app
Chuxiong News Channel [Not 24/7],http://hwapi.yntv.net/ew265l/848y54.m3u8
宁德新闻综合,http://8.138.7.223/tv/fjtv1.php?id=nd1
Discovery Science,http://kt.hmysapp.cn:222/cdnlive.php?mode=play;id=11605db080879b79363a4e0e68bd07f9;token=fRfrVRwByx2YB2HDJeYAgdVDU9tZVSat;machineid=495211d81289c09b;userip=36.231.95.229;useragent=Dalvik%2F2.1.0%20%28Linux%3B%20U%3B%20Android%2012%3B%20V2166A%20Build%2Fd063e58.0%29;source=dl_app
CGTN Spanish (576p),http://45.186.106.147:8880/play/a06f/index.m3u8
平潭综合,http://8.138.7.223/tv/fjtv1.php?id=pttv
Docsville,http://kt.hmysapp.cn:222/cdnlive.php?mode=play;id=84683e65bcc15dcddd36e5ad0511c8dc;token=fRfrVRwByx2YB2HDJeYAgdVDU9tZVSat;machineid=495211d81289c09b;userip=36.231.95.229;useragent=Dalvik%2F2.1.0%20%28Linux%3B%20U%3B%20Android%2012%3B%20V2166A%20Build%2Fd063e58.0%29;source=dl_app
Chaozhou Public Channel,http://113.64.146.48:1688/hls/4/index.m3u8
黑龙江公共农村,http://ottrrs.hl.chinamobile.com/PLTV/88888888/224/3221225994/index.m3u8
DreamWorks梦工场动漫,http://kt.hmysapp.cn:222/cdnlive.php?mode=play;id=578e047270ccf5f332a867a0d6d08462;token=fRfrVRwByx2YB2HDJeYAgdVDU9tZVSat;machineid=495211d81289c09b;userip=36.231.95.229;useragent=Dalvik%2F2.1.0%20%28Linux%3B%20U%3B%20Android%2012%3B%20V2166A%20Build%2Fd063e58.0%29;source=dl_app
Xizang TV Chinese,https://pili-live-hls-zdzz-tv.zzxwcm.cn/zdzz-tv/nqzh.m3u8
Duck TV儿童卡通,http://kt.hmysapp.cn:222/cdnlive.php?mode=play;id=320707a61b4164c856e4ce4c65daacb8;token=fRfrVRwByx2YB2HDJeYAgdVDU9tZVSat;machineid=495211d81289c09b;userip=36.231.95.229;useragent=Dalvik%2F2.1.0%20%28Linux%3B%20U%3B%20Android%2012%3B%20V2166A%20Build%2Fd063e58.0%29;source=dl_app
宁夏文旅,https://hls.ningxiahuangheyun.com/live/nxwl1M.m3u8
Dongguan Comprehensive News Channel,https://stream.sun0769.com/dgrtv1/mp4tv1_800/index.m3u8
ELTV生活英语,http://kt.hmysapp.cn:222/cdnlive.php?mode=play;id=8efc490d426de82f5cb77261935ddc03;token=fRfrVRwByx2YB2HDJeYAgdVDU9tZVSat;machineid=495211d81289c09b;userip=36.231.95.229;useragent=Dalvik%2F2.1.0%20%28Linux%3B%20U%3B%20Android%2012%3B%20V2166A%20Build%2Fd063e58.0%29;source=dl_app
甘肃公共应急,https://hls.gstv.com.cn/49048r/3t5xyc.m3u8
Dongguan Comprehensive News Channel,http://stream.sun0769.com/dgrtv1/mp4tv1_1500.flv
EURO News,http://kt.hmysapp.cn:222/cdnlive.php?mode=play;id=3702c12ce70f311f007e5c79cce389e7;token=fRfrVRwByx2YB2HDJeYAgdVDU9tZVSat;machineid=495211d81289c09b;userip=36.231.95.229;useragent=Dalvik%2F2.1.0%20%28Linux%3B%20U%3B%20Android%2012%3B%20V2166A%20Build%2Fd063e58.0%29;source=dl_app
甘肃文化影视,https://hls.gstv.com.cn/49048r/w1l6d5.m3u8
EVE,http://kt.hmysapp.cn:222/cdnlive.php?mode=play;id=57a85bc4cc02c74c14b671a196abebab;token=fRfrVRwByx2YB2HDJeYAgdVDU9tZVSat;machineid=495211d81289c09b;userip=36.231.95.229;useragent=Dalvik%2F2.1.0%20%28Linux%3B%20U%3B%20Android%2012%3B%20V2166A%20Build%2Fd063e58.0%29;source=dl_app
赣州新闻,https://pili-live-hls-sjxgz2024.sobeylive.com/jxgz2024/396_q_live172526329228525.m3u8
EYE戏剧,http://kt.hmysapp.cn:222/cdnlive.php?mode=play;id=5c5307e5086dcb316ad4f037057bea61;token=fRfrVRwByx2YB2HDJeYAgdVDU9tZVSat;machineid=495211d81289c09b;userip=36.231.95.229;useragent=Dalvik%2F2.1.0%20%28Linux%3B%20U%3B%20Android%2012%3B%20V2166A%20Build%2Fd063e58.0%29;source=dl_app
赣州新闻综合,http://play-live-hls.jxtvcn.com.cn/live/tv_ganzhou.m3u8
EYE旅游,http://kt.hmysapp.cn:222/cdnlive.php?mode=play;id=4251f9750d7f1881729897f84ddb90e4;token=fRfrVRwByx2YB2HDJeYAgdVDU9tZVSat;machineid=495211d81289c09b;userip=36.231.95.229;useragent=Dalvik%2F2.1.0%20%28Linux%3B%20U%3B%20Android%2012%3B%20V2166A%20Build%2Fd063e58.0%29;source=dl_app
赣州公共,https://pili-live-hls-sjxgz2024.sobeylive.com/jxgz2024/396_q_live172526334096251.m3u8
Fashion Box,http://kt.hmysapp.cn:222/cdnlive.php?mode=play;id=e2d10a83ffe6300681795257bc06f205;token=fRfrVRwByx2YB2HDJeYAgdVDU9tZVSat;machineid=495211d81289c09b;userip=36.231.95.229;useragent=Dalvik%2F2.1.0%20%28Linux%3B%20U%3B%20Android%2012%3B%20V2166A%20Build%2Fd063e58.0%29;source=dl_app
赣州教育,https://pili-live-hls-sjxgz2024.sobeylive.com/jxgz2024/396_q_live172526335287668.m3u8
FGM_gold电影,http://kt.hmysapp.cn:222/cdnlive.php?mode=play;id=becfc1b619191c8f324907067c1acd13;token=fRfrVRwByx2YB2HDJeYAgdVDU9tZVSat;machineid=495211d81289c09b;userip=36.231.95.229;useragent=Dalvik%2F2.1.0%20%28Linux%3B%20U%3B%20Android%2012%3B%20V2166A%20Build%2Fd063e58.0%29;source=dl_app
1983年春晚,http://txmov2.a.kwimgs.com/bs3/video-hls/5207287136834522947_hlshd15.m3u8
Fox News,http://kt.hmysapp.cn:222/cdnlive.php?mode=play;id=8a0724f70d85166ddd43b31d7dd6068e;token=fRfrVRwByx2YB2HDJeYAgdVDU9tZVSat;machineid=495211d81289c09b;userip=36.231.95.229;useragent=Dalvik%2F2.1.0%20%28Linux%3B%20U%3B%20Android%2012%3B%20V2166A%20Build%2Fd063e58.0%29;source=dl_app
1984年春晚,https://txmov2.a.kwimgs.com/bs3/video-hls/5229242184269609742_hlshd15.m3u8
fun探索娱乐,http://kt.hmysapp.cn:222/cdnlive.php?mode=play;id=5902c92e3a3c28e94496444652e3d111;token=fRfrVRwByx2YB2HDJeYAgdVDU9tZVSat;machineid=495211d81289c09b;userip=36.231.95.229;useragent=Dalvik%2F2.1.0%20%28Linux%3B%20U%3B%20Android%2012%3B%20V2166A%20Build%2Fd063e58.0%29;source=dl_app
1985年春晚,http://txmov2.a.kwimgs.com/bs3/video-hls/5227271857652377954_hlshd15.m3u8
GINXEsportsTV,http://kt.hmysapp.cn:222/cdnlive.php?mode=play;id=f9a48471de2879b0f104d60f88c0eebd;token=fRfrVRwByx2YB2HDJeYAgdVDU9tZVSat;machineid=495211d81289c09b;userip=36.231.95.229;useragent=Dalvik%2F2.1.0%20%28Linux%3B%20U%3B%20Android%2012%3B%20V2166A%20Build%2Fd063e58.0%29;source=dl_app
1986年春晚,https://txmov2.a.kwimgs.com/bs3/video-hls/5231493982164619599_hlshd15.m3u8
Global Trekker,http://kt.hmysapp.cn:222/cdnlive.php?mode=play;id=e9882445f629ec5a47d66b2b54ecbecf;token=fRfrVRwByx2YB2HDJeYAgdVDU9tZVSat;machineid=495211d81289c09b;userip=36.231.95.229;useragent=Dalvik%2F2.1.0%20%28Linux%3B%20U%3B%20Android%2012%3B%20V2166A%20Build%2Fd063e58.0%29;source=dl_app
1987年春晚,https://txmov2.a.kwimgs.com/bs3/video-hls/5195746663405928031_hlsb.m3u8
Hami MLB,http://kt.hmysapp.cn:222/cdnlive.php?mode=play;id=3d0d2322435a606c99e5d1211132e872;token=fRfrVRwByx2YB2HDJeYAgdVDU9tZVSat;machineid=495211d81289c09b;userip=36.231.95.229;useragent=Dalvik%2F2.1.0%20%28Linux%3B%20U%3B%20Android%2012%3B%20V2166A%20Build%2Fd063e58.0%29;source=dl_app
1988年春晚,https://txmov2.a.kwimgs.com/bs3/video-hls/5216575810935394655_hlsb.m3u8
Hami日漫,http://kt.hmysapp.cn:222/cdnlive.php?mode=play;id=cada07831e6394dfcdad51a18b6417de;token=fRfrVRwByx2YB2HDJeYAgdVDU9tZVSat;machineid=495211d81289c09b;userip=36.231.95.229;useragent=Dalvik%2F2.1.0%20%28Linux%3B%20U%3B%20Android%2012%3B%20V2166A%20Build%2Fd063e58.0%29;source=dl_app
1989年春晚,https://txmov2.a.kwimgs.com/bs3/video-hls/5194620763762726260_hlsb.m3u8
HBOHits,http://kt.hmysapp.cn:222/cdnlive.php?mode=play;id=5bc9aa4c7e0ec2bff7da0b06d5ca85de;token=fRfrVRwByx2YB2HDJeYAgdVDU9tZVSat;machineid=495211d81289c09b;userip=36.231.95.229;useragent=Dalvik%2F2.1.0%20%28Linux%3B%20U%3B%20Android%2012%3B%20V2166A%20Build%2Fd063e58.0%29;source=dl_app
1992年春晚,https://txmov2.a.kwimgs.com/bs3/video-hls/5256826755663896297_hlshd15.m3u8
HGTV,http://kt.hmysapp.cn:222/cdnlive.php?mode=play;id=2838d50de5d50d2e46ba88589f494bc7;token=fRfrVRwByx2YB2HDJeYAgdVDU9tZVSat;machineid=495211d81289c09b;userip=36.231.95.229;useragent=Dalvik%2F2.1.0%20%28Linux%3B%20U%3B%20Android%2012%3B%20V2166A%20Build%2Fd063e58.0%29;source=dl_app
1993年春晚,https://alimov2.a.kwimgs.com/upic/2023/01/13/22/BMjAyMzAxMTMyMjEwMDNfNDAzMDAxOTlfOTM1MTIzMzYwODJfMF8z_b_B647d10e431b4cc5e48e6c77347d69021.mp4
HISTORY历史,http://kt.hmysapp.cn:222/cdnlive.php?mode=play;id=70f3e7fbd79ea554887197868867ac2c;token=fRfrVRwByx2YB2HDJeYAgdVDU9tZVSat;machineid=495211d81289c09b;userip=36.231.95.229;useragent=Dalvik%2F2.1.0%20%28Linux%3B%20U%3B%20Android%2012%3B%20V2166A%20Build%2Fd063e58.0%29;source=dl_app
1994年春晚,https://alimov2.a.kwimgs.com/upic/2023/01/13/22/BMjAyMzAxMTMyMjEwMDNfNDAzMDAxOTlfOTM1MTIzMzYxMjNfMF8z_b_B3dde97f36273f04403d4dc5eec611a35.mp4
HITS,http://kt.hmysapp.cn:222/cdnlive.php?mode=play;id=076544dccc9c836d2b127812112e0eb2;token=fRfrVRwByx2YB2HDJeYAgdVDU9tZVSat;machineid=495211d81289c09b;userip=36.231.95.229;useragent=Dalvik%2F2.1.0%20%28Linux%3B%20U%3B%20Android%2012%3B%20V2166A%20Build%2Fd063e58.0%29;source=dl_app
1995年春晚,https://alimov2.a.kwimgs.com/upic/2023/01/13/20/BMjAyMzAxMTMyMDA5MjJfNDAzMDAxOTlfOTM0OTkwNDQwNzVfMF8z_b_B811c0dec6b9a3d3074a18522c185010a.mp4
Hits Movies,http://kt.hmysapp.cn:222/cdnlive.php?mode=play;id=b43cc98a0992bb3e80ee01e49c8f9cec;token=fRfrVRwByx2YB2HDJeYAgdVDU9tZVSat;machineid=495211d81289c09b;userip=36.231.95.229;useragent=Dalvik%2F2.1.0%20%28Linux%3B%20U%3B%20Android%2012%3B%20V2166A%20Build%2Fd063e58.0%29;source=dl_app
1996年春晚,https://alimov2.a.kwimgs.com/upic/2023/01/13/22/BMjAyMzAxMTMyMjEwMDNfNDAzMDAxOTlfOTM1MTIzMzYxNTJfMF8z_b_Bd841eae10ab1c9955ef55fbedfae6c45.mp4
INULTRA,http://kt.hmysapp.cn:222/cdnlive.php?mode=play;id=47d60cecdfe00230c7426317c3588ce4;token=fRfrVRwByx2YB2HDJeYAgdVDU9tZVSat;machineid=495211d81289c09b;userip=36.231.95.229;useragent=Dalvik%2F2.1.0%20%28Linux%3B%20U%3B%20Android%2012%3B%20V2166A%20Build%2Fd063e58.0%29;source=dl_app
1997年春晚,https://txmov2.a.kwimgs.com/bs3/video-hls/5230649583590411879_hlshd15.m3u8
JET综合,http://kt.hmysapp.cn:222/cdnlive.php?mode=play;id=4611de94a73e7a20ea710c20ff03e1ad;token=fRfrVRwByx2YB2HDJeYAgdVDU9tZVSat;machineid=495211d81289c09b;userip=36.231.95.229;useragent=Dalvik%2F2.1.0%20%28Linux%3B%20U%3B%20Android%2012%3B%20V2166A%20Build%2Fd063e58.0%29;source=dl_app
1998年春晚,https://txmov2.a.kwimgs.com/bs3/video-hls/5225864507896315430_hlshd15.m3u8
KTSF26,http://kt.hmysapp.cn:222/cdnlive.php?mode=play;id=858cc319111078e644ff3d116c7c95ac;token=fRfrVRwByx2YB2HDJeYAgdVDU9tZVSat;machineid=495211d81289c09b;userip=36.231.95.229;useragent=Dalvik%2F2.1.0%20%28Linux%3B%20U%3B%20Android%2012%3B%20V2166A%20Build%2Fd063e58.0%29;source=dl_app
1999年春晚,https://txmov2.a.kwimgs.com/bs3/video-hls/5258234133675308186_hlshd15.m3u8
Lifetime娱乐,http://kt.hmysapp.cn:222/cdnlive.php?mode=play;id=dc3d95a34d84be3aff53192f1e1d58e0;token=fRfrVRwByx2YB2HDJeYAgdVDU9tZVSat;machineid=495211d81289c09b;userip=36.231.95.229;useragent=Dalvik%2F2.1.0%20%28Linux%3B%20U%3B%20Android%2012%3B%20V2166A%20Build%2Fd063e58.0%29;source=dl_app
2000年春晚,https://alimov2.a.kwimgs.com/upic/2023/01/13/21/BMjAyMzAxMTMyMTE4MzRfNDAzMDAxOTlfOTM1MDY4ODIxMTNfMF8z_b_Bdddf4e7ef0ff6cfd477857bb40e78419.mp4
LUXETV,http://kt.hmysapp.cn:222/cdnlive.php?mode=play;id=f860ec696cd59a8fb0448002cae0e5c0;token=fRfrVRwByx2YB2HDJeYAgdVDU9tZVSat;machineid=495211d81289c09b;userip=36.231.95.229;useragent=Dalvik%2F2.1.0%20%28Linux%3B%20U%3B%20Android%2012%3B%20V2166A%20Build%2Fd063e58.0%29;source=dl_app
2001年春晚,https://alimov2.a.kwimgs.com/upic/2023/01/13/20/BMjAyMzAxMTMyMDA5MjJfNDAzMDAxOTlfOTM0OTkwNDQyMDFfMF8z_b_B70592cb7c4054e9cabb675e849bbf4bd.mp4
Magellan TV频道,http://kt.hmysapp.cn:222/cdnlive.php?mode=play;id=719f97d8d7f370913f80a4e5b92316cb;token=fRfrVRwByx2YB2HDJeYAgdVDU9tZVSat;machineid=495211d81289c09b;userip=36.231.95.229;useragent=Dalvik%2F2.1.0%20%28Linux%3B%20U%3B%20Android%2012%3B%20V2166A%20Build%2Fd063e58.0%29;source=dl_app
2002年春晚,https://alimov2.a.kwimgs.com/upic/2023/01/13/21/BMjAyMzAxMTMyMTE4MzRfNDAzMDAxOTlfOTM1MDY4ODIxNDdfMF8z_b_Ba6271d10b7e6cfae83759033a091f257.mp4
MCE电影,http://kt.hmysapp.cn:222/cdnlive.php?mode=play;id=48373015a120ada6f934253eea6a32d0;token=fRfrVRwByx2YB2HDJeYAgdVDU9tZVSat;machineid=495211d81289c09b;userip=36.231.95.229;useragent=Dalvik%2F2.1.0%20%28Linux%3B%20U%3B%20Android%2012%3B%20V2166A%20Build%2Fd063e58.0%29;source=dl_app
2003年春晚,https://alimov2.a.kwimgs.com/upic/2023/01/14/23/BMjAyMzAxMTQyMzQxNDdfNDAzMDAxOTlfOTM2MTU0MTk1NDFfMF8z_b_B182749d2cd2ea9323639254af385f24b.mp4
Mezzo Live,http://kt.hmysapp.cn:222/cdnlive.php?mode=play;id=40526b18dbf8869279fe065fe1fec682;token=fRfrVRwByx2YB2HDJeYAgdVDU9tZVSat;machineid=495211d81289c09b;userip=36.231.95.229;useragent=Dalvik%2F2.1.0%20%28Linux%3B%20U%3B%20Android%2012%3B%20V2166A%20Build%2Fd063e58.0%29;source=dl_app
2004年春晚,https://alimov2.a.kwimgs.com/upic/2023/01/13/21/BMjAyMzAxMTMyMTE4MzRfNDAzMDAxOTlfOTM1MDY4ODIxOTVfMF8z_b_B86c4430b82ff5a7f4e8132f6ee558536.mp4
MOMO综合,http://kt.hmysapp.cn:222/cdnlive.php?mode=play;id=e8eb9214c16eaa4dbd974727e4c8b160;token=fRfrVRwByx2YB2HDJeYAgdVDU9tZVSat;machineid=495211d81289c09b;userip=36.231.95.229;useragent=Dalvik%2F2.1.0%20%28Linux%3B%20U%3B%20Android%2012%3B%20V2166A%20Build%2Fd063e58.0%29;source=dl_app
2005年春晚,https://alimov2.a.kwimgs.com/upic/2023/01/13/20/BMjAyMzAxMTMyMDA5MjJfNDAzMDAxOTlfOTM0OTkwNDQyMzhfMF8z_b_B35ad7cc86aec8fc9e5ddfb31fc7bed63.mp4
MOMO亲子1,http://kt.hmysapp.cn:222/cdnlive.php?mode=play;id=5f4146cdbd7cdfdd7ec37e9532434dbb;token=fRfrVRwByx2YB2HDJeYAgdVDU9tZVSat;machineid=495211d81289c09b;userip=36.231.95.229;useragent=Dalvik%2F2.1.0%20%28Linux%3B%20U%3B%20Android%2012%3B%20V2166A%20Build%2Fd063e58.0%29;source=dl_app
2006年春晚,https://alimov2.a.kwimgs.com/upic/2023/01/13/20/BMjAyMzAxMTMyMDA5MjJfNDAzMDAxOTlfOTM0OTkwNDQyNzlfMF8z_b_Bbc3703fc331dc994c50859c19aad28ff.mp4
My Cinema Europe HD我的欧洲电影,http://kt.hmysapp.cn:222/cdnlive.php?mode=play;id=0624a3b57708e393ccac1f0f43cbfb30;token=fRfrVRwByx2YB2HDJeYAgdVDU9tZVSat;machineid=495211d81289c09b;userip=36.231.95.229;useragent=Dalvik%2F2.1.0%20%28Linux%3B%20U%3B%20Android%2012%3B%20V2166A%20Build%2Fd063e58.0%29;source=dl_app
2007年春晚,https://alimov2.a.kwimgs.com/upic/2023/01/13/20/BMjAyMzAxMTMyMDA5MjJfNDAzMDAxOTlfOTM0OTkwNDQzMjNfMF8z_b_B00b069c7899976459ceeaa99353dfefe.mp4
NBA TV,http://kt.hmysapp.cn:222/cdnlive.php?mode=play;id=2d3c85f4e06f13535a15a2449cd23a33;token=fRfrVRwByx2YB2HDJeYAgdVDU9tZVSat;machineid=495211d81289c09b;userip=36.231.95.229;useragent=Dalvik%2F2.1.0%20%28Linux%3B%20U%3B%20Android%2012%3B%20V2166A%20Build%2Fd063e58.0%29;source=dl_app
2008年春晚,https://txmov2.a.kwimgs.com/bs3/video-hls/5210946337266019890_hlshd15.m3u8
NBC Golf,http://kt.hmysapp.cn:222/cdnlive.php?mode=play;id=3f38b8457b53ac88a2d9282cf0f95d40;token=fRfrVRwByx2YB2HDJeYAgdVDU9tZVSat;machineid=495211d81289c09b;userip=36.231.95.229;useragent=Dalvik%2F2.1.0%20%28Linux%3B%20U%3B%20Android%2012%3B%20V2166A%20Build%2Fd063e58.0%29;source=dl_app
2009年春晚,https://alimov2.a.kwimgs.com/upic/2023/01/13/20/BMjAyMzAxMTMyMDA5MjJfNDAzMDAxOTlfOTM0OTkwNDQzOTBfMF8z_b_B29a36a85e0277f6c2a1f033ef7c10708.mp4
NHK WORLD-JAPAN,http://kt.hmysapp.cn:222/cdnlive.php?mode=play;id=33eec59f8338d5bca7074be67cb24747;token=fRfrVRwByx2YB2HDJeYAgdVDU9tZVSat;machineid=495211d81289c09b;userip=36.231.95.229;useragent=Dalvik%2F2.1.0%20%28Linux%3B%20U%3B%20Android%2012%3B%20V2166A%20Build%2Fd063e58.0%29;source=dl_app
2010年春晚,https://alimov2.a.kwimgs.com/upic/2023/01/13/20/BMjAyMzAxMTMyMDA5MjJfNDAzMDAxOTlfOTM0OTkwNDQ0MjlfMF8z_b_B8818807a00eed329a69fb494f405bd43.mp4
Now 90s00s,http://kt.hmysapp.cn:222/cdnlive.php?mode=play;id=f8b2940bcd66719ba0b13f61b89cf860;token=fRfrVRwByx2YB2HDJeYAgdVDU9tZVSat;machineid=495211d81289c09b;userip=36.231.95.229;useragent=Dalvik%2F2.1.0%20%28Linux%3B%20U%3B%20Android%2012%3B%20V2166A%20Build%2Fd063e58.0%29;source=dl_app
2011年春晚,https://txmov2.a.kwimgs.com/bs3/video-hls/5243597434070590481_hlshd15.m3u8
One,http://kt.hmysapp.cn:222/cdnlive.php?mode=play;id=06c2cea18679d64399783748fa367bdd;token=fRfrVRwByx2YB2HDJeYAgdVDU9tZVSat;machineid=495211d81289c09b;userip=36.231.95.229;useragent=Dalvik%2F2.1.0%20%28Linux%3B%20U%3B%20Android%2012%3B%20V2166A%20Build%2Fd063e58.0%29;source=dl_app
2012年春晚,https://txmov2.a.kwimgs.com/bs3/video-hls/5219953534755647343_hlshd15.m3u8
One Golf,http://kt.hmysapp.cn:222/cdnlive.php?mode=play;id=ac06a1ed7480001deef3db0ea4bb5fa8;token=fRfrVRwByx2YB2HDJeYAgdVDU9tZVSat;machineid=495211d81289c09b;userip=36.231.95.229;useragent=Dalvik%2F2.1.0%20%28Linux%3B%20U%3B%20Android%2012%3B%20V2166A%20Build%2Fd063e58.0%29;source=dl_app
2013年春晚,https://alimov2.a.kwimgs.com/upic/2023/01/13/20/BMjAyMzAxMTMyMDA5MjJfNDAzMDAxOTlfOTM0OTkwNDQ1NjNfMF8z_b_B4fea55408dca4471a68a963ae096be59.mp4
PetClub TV,http://kt.hmysapp.cn:222/cdnlive.php?mode=play;id=02fe7cf0f125a2b343582a63a8f9855b;token=fRfrVRwByx2YB2HDJeYAgdVDU9tZVSat;machineid=495211d81289c09b;userip=36.231.95.229;useragent=Dalvik%2F2.1.0%20%28Linux%3B%20U%3B%20Android%2012%3B%20V2166A%20Build%2Fd063e58.0%29;source=dl_app
2014年春晚,https://alimov2.a.kwimgs.com/upic/2023/01/06/16/BMjAyMzAxMDYxNjMxMTNfNDAzMDAxOTlfOTI4OTY2ODAzNjlfMF8z_b_Bdee65c77f9e7b2120a185c919dad81d2.mp4
ROCK Entertainment摇滚娱乐1,http://kt.hmysapp.cn:222/cdnlive.php?mode=play;id=41f67100ebef6dca9ecf88db2106f57b;token=fRfrVRwByx2YB2HDJeYAgdVDU9tZVSat;machineid=495211d81289c09b;userip=36.231.95.229;useragent=Dalvik%2F2.1.0%20%28Linux%3B%20U%3B%20Android%2012%3B%20V2166A%20Build%2Fd063e58.0%29;source=dl_app
2015年春晚,https://txmov2.a.kwimgs.com/bs3/video-hls/5248101009010430183_hlshd15.m3u8
SBN全球财经,http://kt.hmysapp.cn:222/cdnlive.php?mode=play;id=d82cf32d3e416d2e5d4626173835fc85;token=fRfrVRwByx2YB2HDJeYAgdVDU9tZVSat;machineid=495211d81289c09b;userip=36.231.95.229;useragent=Dalvik%2F2.1.0%20%28Linux%3B%20U%3B%20Android%2012%3B%20V2166A%20Build%2Fd063e58.0%29;source=dl_app
2016年春晚,https://txmov2.a.kwimgs.com/bs3/video-hls/5238530884094441260_hlshd15.m3u8
SCI,http://kt.hmysapp.cn:222/cdnlive.php?mode=play;id=f4975d0ed246b5afff5d742da9bd9c11;token=fRfrVRwByx2YB2HDJeYAgdVDU9tZVSat;machineid=495211d81289c09b;userip=36.231.95.229;useragent=Dalvik%2F2.1.0%20%28Linux%3B%20U%3B%20Android%2012%3B%20V2166A%20Build%2Fd063e58.0%29;source=dl_app
2017年春晚,https://txmov2.a.kwimgs.com/bs3/video-hls/5191524564569524830_hlshd15.m3u8
Skysports Cricket,http://kt.hmysapp.cn:222/cdnlive.php?mode=play;id=e25bc0b3307d14c72bcb188c3c2381b7;token=fRfrVRwByx2YB2HDJeYAgdVDU9tZVSat;machineid=495211d81289c09b;userip=36.231.95.229;useragent=Dalvik%2F2.1.0%20%28Linux%3B%20U%3B%20Android%2012%3B%20V2166A%20Build%2Fd063e58.0%29;source=dl_app
2018年春晚,https://alimov2.a.kwimgs.com/upic/2023/01/06/16/BMjAyMzAxMDYxNjMxMTRfNDAzMDAxOTlfOTI4OTY2ODE2MTBfMF8z_b_B11a778e34390a21de42d407e94f45b91.mp4
Sky新闻,http://kt.hmysapp.cn:222/cdnlive.php?mode=play;id=20936bb87e163aaa649b13e524663a8d;token=fRfrVRwByx2YB2HDJeYAgdVDU9tZVSat;machineid=495211d81289c09b;userip=36.231.95.229;useragent=Dalvik%2F2.1.0%20%28Linux%3B%20U%3B%20Android%2012%3B%20V2166A%20Build%2Fd063e58.0%29;source=dl_app
2019年春晚,https://alimov2.a.kwimgs.com/upic/2023/01/06/16/BMjAyMzAxMDYxNjMxMTRfNDAzMDAxOTlfOTI4OTY2ODE2MTBfMF8z_b_B11a778e34390a21de42d407e94f45b91.mp4
Smart知识,http://kt.hmysapp.cn:222/cdnlive.php?mode=play;id=227af52718c2bd3e99767debca50c916;token=fRfrVRwByx2YB2HDJeYAgdVDU9tZVSat;machineid=495211d81289c09b;userip=36.231.95.229;useragent=Dalvik%2F2.1.0%20%28Linux%3B%20U%3B%20Android%2012%3B%20V2166A%20Build%2Fd063e58.0%29;source=dl_app
2020年春晚,https://txmov2.a.kwimgs.com/bs3/video-hls/5222205336887088723_hlshd15.m3u8
Stinoray Cmusic,http://kt.hmysapp.cn:222/cdnlive.php?mode=play;id=694b6f5f2aa1e2175092049cd9fab459;token=fRfrVRwByx2YB2HDJeYAgdVDU9tZVSat;machineid=495211d81289c09b;userip=36.231.95.229;useragent=Dalvik%2F2.1.0%20%28Linux%3B%20U%3B%20Android%2012%3B%20V2166A%20Build%2Fd063e58.0%29;source=dl_app
2021年春晚,https://txmov2.a.kwimgs.com/bs3/video-hls/5255700831151909807_hlshd15.m3u8
TLC,http://kt.hmysapp.cn:222/cdnlive.php?mode=play;id=e12a8b6e18ee3d67dc8153f4f4713a40;token=fRfrVRwByx2YB2HDJeYAgdVDU9tZVSat;machineid=495211d81289c09b;userip=36.231.95.229;useragent=Dalvik%2F2.1.0%20%28Linux%3B%20U%3B%20Android%2012%3B%20V2166A%20Build%2Fd063e58.0%29;source=dl_app
2022年春晚,https://txmov2.a.kwimgs.com/bs3/video-hls/5224457109297710655_hlshd15.m3u8
TNT Sports 1,http://kt.hmysapp.cn:222/cdnlive.php?mode=play;id=9b3d26218a5e54169a23b5328cb66e85;token=fRfrVRwByx2YB2HDJeYAgdVDU9tZVSat;machineid=495211d81289c09b;userip=36.231.95.229;useragent=Dalvik%2F2.1.0%20%28Linux%3B%20U%3B%20Android%2012%3B%20V2166A%20Build%2Fd063e58.0%29;source=dl_app
2023年春晚,https://txmov2.a.kwimgs.com/bs3/video-hls/5251197255879398624_hlshd15.m3u8
TNT Sports 3,http://kt.hmysapp.cn:222/cdnlive.php?mode=play;id=e8336592db41413be242178ce41e3191;token=fRfrVRwByx2YB2HDJeYAgdVDU9tZVSat;machineid=495211d81289c09b;userip=36.231.95.229;useragent=Dalvik%2F2.1.0%20%28Linux%3B%20U%3B%20Android%2012%3B%20V2166A%20Build%2Fd063e58.0%29;source=dl_app
2024年春晚,https://p2.bdstatic.com/rtmp.liveshow.lss-user.baidubce.com/live/stream_bduid_6488563992_8982723413/merged_1707497046297_88536_25144_41936.m3u8
TNT Sports 4,http://kt.hmysapp.cn:222/cdnlive.php?mode=play;id=fac075ed117ef34d5675b891d346b1b5;token=fRfrVRwByx2YB2HDJeYAgdVDU9tZVSat;machineid=495211d81289c09b;userip=36.231.95.229;useragent=Dalvik%2F2.1.0%20%28Linux%3B%20U%3B%20Android%2012%3B%20V2166A%20Build%2Fd063e58.0%29;source=dl_app
2025年春晚,https://svipsvip.ffzyread1.com/20250129/35458_c988286f/index.m3u8
TRACE Sport Stars,http://kt.hmysapp.cn:222/cdnlive.php?mode=play;id=635b45fbf2cc2c7b8d9bef552fb54dc2;token=fRfrVRwByx2YB2HDJeYAgdVDU9tZVSat;machineid=495211d81289c09b;userip=36.231.95.229;useragent=Dalvik%2F2.1.0%20%28Linux%3B%20U%3B%20Android%2012%3B%20V2166A%20Build%2Fd063e58.0%29;source=dl_app
2025年春晚 4K,https://svip.high24-playback.com/20250129/17159_7bca93c4/2000k/hls/mixed.m3u8
TRACE Urban,http://kt.hmysapp.cn:222/cdnlive.php?mode=play;id=70809b31476623fe7545b77a71b99469;token=fRfrVRwByx2YB2HDJeYAgdVDU9tZVSat;machineid=495211d81289c09b;userip=36.231.95.229;useragent=Dalvik%2F2.1.0%20%28Linux%3B%20U%3B%20Android%2012%3B%20V2166A%20Build%2Fd063e58.0%29;source=dl_app
BBC,http://fl2.moveonjoy.com/BBC_WORLD_NEWS/index.m3u8
Trvl旅游,http://kt.hmysapp.cn:222/cdnlive.php?mode=play;id=d402dd71577a70629f448528ea32cc75;token=fRfrVRwByx2YB2HDJeYAgdVDU9tZVSat;machineid=495211d81289c09b;userip=36.231.95.229;useragent=Dalvik%2F2.1.0%20%28Linux%3B%20U%3B%20Android%2012%3B%20V2166A%20Build%2Fd063e58.0%29;source=dl_app
CNN,https://jmp2.uk/sam-GBBD8000016N.m3u8
TSN 3,http://kt.hmysapp.cn:222/cdnlive.php?mode=play;id=aef11144ac3826c4f233d0883d3183d7;token=fRfrVRwByx2YB2HDJeYAgdVDU9tZVSat;machineid=495211d81289c09b;userip=36.231.95.229;useragent=Dalvik%2F2.1.0%20%28Linux%3B%20U%3B%20Android%2012%3B%20V2166A%20Build%2Fd063e58.0%29;source=dl_app
CBC News,https://dbrb49pjoymg4.cloudfront.net/v1/master/3fec3e5cac39a52b2132f9c66c83dae043dc17d4/prod_default_xumo-ams-aws/master.m3u8?ads.xumo_channelId=99991276
TV5 MONDESTYLE HD生活时尚,http://kt.hmysapp.cn:222/cdnlive.php?mode=play;id=4678abfed193d1f4016562d975b6f1f8;token=fRfrVRwByx2YB2HDJeYAgdVDU9tZVSat;machineid=495211d81289c09b;userip=36.231.95.229;useragent=Dalvik%2F2.1.0%20%28Linux%3B%20U%3B%20Android%2012%3B%20V2166A%20Build%2Fd063e58.0%29;source=dl_app
Sky News,https://i.mjh.nz/SamsungTVPlus/USBB52000022Q.m3u8
TV5MONDESTYLE,http://kt.hmysapp.cn:222/cdnlive.php?mode=play;id=7041908891efe83cd2414674bbb05126;token=fRfrVRwByx2YB2HDJeYAgdVDU9tZVSat;machineid=495211d81289c09b;userip=36.231.95.229;useragent=Dalvik%2F2.1.0%20%28Linux%3B%20U%3B%20Android%2012%3B%20V2166A%20Build%2Fd063e58.0%29;source=dl_app
TRT World,https://tv-trtworld.live.trt.com.tr/master_1080.m3u8
WILDStyff,http://kt.hmysapp.cn:222/cdnlive.php?mode=play;id=4130921a56cf3e459f0780f4556fb01a;token=fRfrVRwByx2YB2HDJeYAgdVDU9tZVSat;machineid=495211d81289c09b;userip=36.231.95.229;useragent=Dalvik%2F2.1.0%20%28Linux%3B%20U%3B%20Android%2012%3B%20V2166A%20Build%2Fd063e58.0%29;source=dl_app
Bloomberg Asia,https://epg.pw/stream/d2edf469b9079064a283f4b0811cbf6f2597ebbb3d08dcf77036a4b5a791b7cf.m3u8
WWE摔胶,http://kt.hmysapp.cn:222/cdnlive.php?mode=play;id=f5c6c9b301677403bda1406731e4b21f;token=fRfrVRwByx2YB2HDJeYAgdVDU9tZVSat;machineid=495211d81289c09b;userip=36.231.95.229;useragent=Dalvik%2F2.1.0%20%28Linux%3B%20U%3B%20Android%2012%3B%20V2166A%20Build%2Fd063e58.0%29;source=dl_app
Bloomberg Originals,https://i.mjh.nz/SamsungTVPlus/GBBC900012J9.m3u8
中央新影老故事,http://154.12.37.196:5555/tvbox/公众号好享生活小助手/接口获取/代理.php?id=http://38.75.136.137:82/live1/jsb1.m3u8?id=lgs&usign=
SKY,http://streamsy.online:2999/coachj88/N93DPKS9pJ/330
北京纪实科教,http://154.12.37.196:5555/tvbox/公众号好享生活小助手/接口获取/代理.php?id=http://38.75.136.137:82/live1/jsb1.m3u8?id=btv3&usign=
KBS world,https://kbsworld-ott.akamaized.net/hls/live/2002341/kbsworld/master.m3u8
中华特产,http://154.12.37.196:5555/tvbox/公众号好享生活小助手/接口获取/代理.php?id=http://38.75.136.137:82/live1/jsb1.m3u8?id=zhtc&usign=
FIFA+,https://i.mjh.nz/SamsungTVPlus/USBD12000255B.m3u8
广东4K超,http://154.12.37.196:5555/tvbox/公众号好享生活小助手/接口获取/代理.php?id=http://38.75.136.137:82/live1/jsb1.m3u8?id=gdtvs3&usign=
Dubai One,http://dminnvll.cdn.mangomolo.com/dubaione/smil:dubaione.stream.smil/chunklist_b1800000.m3u8
广西综艺旅游,http://154.12.37.196:5555/tvbox/公众号好享生活小助手/接口获取/代理.php?id=http://38.75.136.137:82/live1/jsb1.m3u8?id=gxzy&usign=
GB News,https://i.mjh.nz/SamsungTVPlus/GBBB1600008R3.m3u8
广西都市,http://154.12.37.196:5555/tvbox/公众号好享生活小助手/接口获取/代理.php?id=http://38.75.136.137:82/live1/jsb1.m3u8?id=gxds&usign=
ION,https://i.mjh.nz/SamsungTVPlus/USBD300002TU.m3u8
广西影视,http://154.12.37.196:5555/tvbox/公众号好享生活小助手/接口获取/代理.php?id=http://38.75.136.137:82/live1/jsb1.m3u8?id=gxys&usign=
Disney International,http://sansat.net:88/HhPRf2nAlsVeRU9/AnzgPldGC8OHsyY/96284
广西移动,http://154.12.37.196:5555/tvbox/公众号好享生活小助手/接口获取/代理.php?id=http://38.75.136.137:82/live1/jsb1.m3u8?id=gxyd&usign=
&Flix HD,http://89.187.177.137:8081/&FLIX/index.m3u8
国学,http://154.12.37.196:5555/tvbox/公众号好享生活小助手/接口获取/代理.php?id=http://38.75.136.137:82/live1/jsb1.m3u8?id=gxpd&usign=
Wild Planet,https://i.mjh.nz/SamsungTVPlus/GBBB5000002PL.m3u8
天津教育,http://154.12.37.196:5555/tvbox/公众号好享生活小助手/接口获取/代理.php?id=http://38.75.136.137:82/live1/jsb1.m3u8?id=tjtv6&usign=
Clarity 4K,https://i.mjh.nz/SamsungTVPlus/USBA3800005NI.m3u8
成龙电影,http://154.12.37.196:5555/tvbox/公众号好享生活小助手/接口获取/代理.php?id=http://38.75.136.137:82/live1/jsb1.m3u8?id=lbcl&usign=
Stadium,https://i.mjh.nz/SamsungTVPlus/USAJ3504705A.m3u8
林正英影院,http://154.12.37.196:5555/tvbox/公众号好享生活小助手/接口获取/代理.php?id=http://38.75.136.137:82/live1/jsb1.m3u8?id=lblzy&usign=
Pop,http://streamsy.online:2999/coachj88/N93DPKS9pJ/226
周润发电影,http://154.12.37.196:5555/tvbox/公众号好享生活小助手/接口获取/代理.php?id=http://38.75.136.137:82/live1/jsb1.m3u8?id=lbzrf&usign=
Tastemade,https://i.mjh.nz/SamsungTVPlus/CABD1200002T9.m3u8
周星驰电影,http://154.12.37.196:5555/tvbox/公众号好享生活小助手/接口获取/代理.php?id=http://38.75.136.137:82/live1/jsb1.m3u8?id=lbzxc&usign=
MovieSphere,https://i.mjh.nz/SamsungTVPlus/USBD17000117B.m3u8
邵氏电影,http://154.12.37.196:5555/tvbox/公众号好享生活小助手/接口获取/代理.php?id=http://38.75.136.137:82/live1/jsb1.m3u8?id=lbssdy&usign=
The Lego Channel,https://i.mjh.nz/SamsungTVPlus/GBBC4300005AL.m3u8
邵氏动作,http://154.12.37.196:5555/tvbox/公众号好享生活小助手/接口获取/代理.php?id=http://38.75.136.137:82/live1/jsb1.m3u8?id=lbssdz&usign=
NextUp Live Comedy,https://i.mjh.nz/SamsungTVPlus/GBBD1100012JB.m3u8
邵氏武侠,http://154.12.37.196:5555/tvbox/公众号好享生活小助手/接口获取/代理.php?id=http://38.75.136.137:82/live1/jsb1.m3u8?id=lbsswx&usign=
邵氏喜剧,http://154.12.37.196:5555/tvbox/公众号好享生活小助手/接口获取/代理.php?id=http://38.75.136.137:82/live1/jsb1.m3u8?id=lbssxj&usign=
CHC家庭电影,http://mg.hmysapp.cn:177/偷源狗/咪咕央视/CHC家庭影院.php?id=301
华丽翡翠台1,https://cdn6.cc.cd/163189/hlfct
华丽翡翠台2,https://cdn3.123.rr.kg/stream/live/hlt/
华丽翡翠台(硬字幕),https://cdn6.cc.cd/163189/jade
华丽翡翠台(新加坡),https://cdn3.123.rr.kg/stream/live/jade/
TVB DRAMA,https://amg01868-amg01868c5-tvbanywhere-us-4493.playouts.now.amagi.tv/playlist/amg01868-tvbusa-tvbdrama-tvbanywhereus/playlist.m3u8
PEARL DRAMA,https://amg01868-amg01868c5-tvbanywhere-us-4493.playouts.now.amagi.tv/playlist/amg01868-tvbusa-tvbpearldrama-tvbanywhereus/playlist.m3u8
TVB VietNam,https://amg01868-amg01868c3-tvbanywhere-us-4491.playouts.now.amagi.tv/playlist/amg01868-tvbusa-tvbvietnam-tvbanywhereus/playlist.m3u8
功夫台,https://cdn6.cc.cd/163189/yzwx
凤凰美洲,video://http://115.190.252.60/gangaotai/play.php?name=凤凰美洲
凤凰美洲,http://mag.trexlive.me:80/play/live.php?extension=ts&mac=00:1A:79:72:F3:F0&stream=156408
HOY76,http://173.208.234.146/live/hoy76.m3u8
HOY76,https://cdn11.123.rr.kg/163189/hoy76
HOY78,http://173.208.234.146/live/hoy78.m3u8
HOY78,https://cdn.123.rr.kg/163189/hoy78
HOY78,https://fast.hidns.vip/163189/hoy78
HOY剧集,https://cdn11.163189.xyz/163189/c4df21397505587b
HOY生活,https://cdn11.163189.xyz/163189/c88d2a936daf88fb
HOY怪谈,https://cdn11.163189.xyz/163189/35f8613e99c59724
HOY体育,https://cdn11.163189.xyz/163189/19256090154aa9e9
VIUTV6,https://10.fast.hidns.vip/163189/viu6/
VIUTV6,http://cdn10.123.rr.kg/163189/viu6/
香港C+频道,http://ottproxy2.ist.ooo/livehls/MOB-U1-NO/index.m3u8
星空音乐,http://iot-mqqt.111yao.cn:8080/live/diyp_channelv.m3u8
星空电影,http://iot-mqqt.111yao.cn:8080/live/diyp_starmovies.m3u8
Astro欢喜,https://cdn3.indevs.in/stream/live/hxt/
爱奇艺,https://cdn3.indevs.in/stream/live/iqiyi/
HUB娱家,http://rihou.cc:555/tv/[Hk]HUB娱家
HUB都会,http://rihou.cc:555/tv/[Hk]HUB都会
CGTN DOCUMENTARY,https://0472.org/hls/cgtnd.m3u8
CGTN GLOBAL BIZ,https://amg01314-amg01314c6-distrotv-us-10220.playouts.now.amagi.tv/playlist/amg01314-cgtn-cgtnglobalbiz-distrotvus/playlist.m3u8
中旺电视,http://38.64.72.148:80/hls/modn/list/4010/chunklist1.m3u8
加拿大600新闻,https://live.xinflix.com/Lshape/tracks-v1a1/mono.m3u8
美国城市卫视ICITI,http://line.senpay23.com:80/4cafe94867/48a12d348c/156401
天下卫视SKYLINK TV 1,http://line.senpay23.com:80/4cafe94867/48a12d348c/156399
天下卫视SKYLINK TV 2,http://line.senpay23.com:80/4cafe94867/48a12d348c/156400
年代新闻,https://cdn.19891230.eu.org/api/Era-News/index.m3u8
年代新闻,http://31.43.191.125:8080/restream/restream/34869
广东4K超,http://38.75.136.137:98/gslb/dsdqpub/gdtvs3.m3u8?auth=testpub
FAIRCHILD EAST,http://line.senpay23.com:80/4cafe94867/48a12d348c/90350
FAIRCHILD EAST,http://mag.trexlive.me:80/play/live.php?extension=ts&mac=00:1A:79:72:F3:F0&stream=90350
FAIRCHILD WEST,http://line.senpay23.com:80/4cafe94867/48a12d348c/90351
FAIRCHILD WEST,http://mag.trexlive.me:80/play/live.php?extension=ts&mac=00:1A:79:72:F3:F0&stream=90351
FAIRCHILD 2,http://line.senpay23.com:80/4cafe94867/48a12d348c/90352
FAIRCHILD 2,http://mag.trexlive.me:80/play/live.php?extension=ts&mac=00:1A:79:72:F3:F0&stream=90352
深圳直播1,https://livepull-tcyzb.sztv.com.cn/live/YSZ_SHZM.m3u8
深圳直播2,https://livepull-tcyzb.sztv.com.cn/live/YSZ_regularlive.m3u8
宝安,http://8.134.175.232:4022/rtp/239.77.1.67:5146
番禺新闻,http://video.epaper.pybtv.cn:8080/live/rtmp_live_demo.flv
韶关新闻综合,https://www.sgmsw.cn/videos/tv/201805/1308/SB05RIYZOU8JR418AUQOF62CAJQ08D0E/hls/live.m3u8
韶关新闻综合,http://8.134.175.232:4022/rtp/239.77.0.117:5146
潮州民生,http://8.134.175.232:4022/rtp/239.253.43.75:5146
珠海-1,http://8.134.175.232:4022/rtp/239.77.0.155:5146
香山文化,http://8.134.175.232:4022/rtp/239.253.43.63:5146
湛江新闻综合,http://8.134.175.232:4022/rtp/239.77.0.141:5146
HZTV-1,http://8.134.175.232:4022/rtp/239.77.1.232:5146
HZTV-2,http://8.134.175.232:4022/rtp/239.77.1.233:5146
清远新闻综合,http://8.134.175.232:4022/rtp/239.253.43.33:5146
清远文旅生活,http://8.134.175.232:4022/rtp/239.253.43.34:5146
福建乡村振兴·公共,https://live.264788.xyz/channel/fujianxiangcungonggong?streamid=2987cc24bada6a8c25589409a6452d9e&livekey=01WgOR41rriMmMkzNsd0UoaxJRwetZdxIvtVk
福建经济生活,https://live.264788.xyz/channel/fujianjingji?streamid=ad4071bd733962e10d9f4a76600a28c0&livekey=01WgOR41rriMmMkzNsd0UoaxJRwetZdxIvtVk
福建经济生活,https://live.264788.xyz/channel/fujianjingji?streamid=3d2ec9af12e769a54d735fc805192594&livekey=01WgOR41rriMmMkzNsd0UoaxJRwetZdxIvtVk
福建教育,https://live.264788.xyz/channel/fujianjiaoyu?streamid=250b5a0e97980f68e40f3f91ab10ac74&livekey=01WgOR41rriMmMkzNsd0UoaxJRwetZdxIvtVk
福建教育,https://live.264788.xyz/channel/fujianjiaoyu?streamid=506de4ec9af969dd23f9c901b53d9582&livekey=01WgOR41rriMmMkzNsd0UoaxJRwetZdxIvtVk
东渡码头,https://live2.kxm.xmtv.cn/dongdmt/playlist.m3u8
中山路和颐酒店,https://live2.kxm.xmtv.cn/zslhyjd/playlist.m3u8
五缘湾,https://live2.kxm.xmtv.cn/wuyuanwandaq/playlist.m3u8
会展中心,https://live2.kxm.xmtv.cn/hzzx/playlist.m3u8
厦大西门,https://live2.kxm.xmtv.cn/xmdxyj/playlist.m3u8
广电中心,https://live2.kxm.xmtv.cn/gdzx/playlist.m3u8
日光岩,https://live2.kxm.xmtv.cn/gly/playlist.m3u8
杏林中航城,https://live2.kxm.xmtv.cn/xlzhc/playlist.m3u8
沙坡尾,https://live2.kxm.xmtv.cn/spw/playlist.m3u8
海沧大道,https://live2.kxm.xmtv.cn/chdd/playlist.m3u8
环东浪漫线,https://live2.kxm.xmtv.cn/ygcfchh/playlist.m3u8
翔安隧道内（进岛）,https://live3.kxm.xmtv.cn/jtj9/sd/live.m3u8
翔安隧道出岛方向,https://live3.kxm.xmtv.cn/jtj10/sd/live.m3u8
西姑岭,https://live2.kxm.xmtv.cn/xigul/playlist.m3u8
金秋豪园,https://live2.kxm.xmtv.cn/jqhy/playlist.m3u8
鹭江道,https://live2.kxm.xmtv.cn/lujd/playlist.m3u8
黄金大厦,https://live2.kxm.xmtv.cn/hjds/playlist.m3u8
浙江｜杭州余杭平安,http://l.cztvcloud.com/channels/lantian/SXyuhang2/720p.m3u8
浙江｜杭州余杭未来,http://l.cztvcloud.com/channels/lantian/SXyuhang3/720p.m3u8
浙江｜杭州余杭综合,http://l.cztvcloud.com/channels/lantian/SXyuhang1/720p.m3u8
浙江｜宁波余姚综合,http://l.cztvcloud.com/channels/lantian/SXyuyao1/720p.m3u8
浙江｜上虞文化影院,http://l.cztvcloud.com/channels/lantian/SXshangyu2/720p.m3u8
浙江｜上虞新商都,http://l.cztvcloud.com/channels/lantian/SXshangyu3/720p.m3u8
浙江｜丽水云和综合,http://l.cztvcloud.com/channels/lantian/SXyunhe1/720p.m3u8
浙江｜丽水庆元综合,http://l.cztvcloud.com/channels/lantian/SXqingyuan1/720p.m3u8
浙江｜丽水松阳综合,http://l.cztvcloud.com/channels/lantian/SXsongyang1/720p.m3u8
浙江｜丽水遂昌综合,http://l.cztvcloud.com/channels/lantian/SXsuichang1/720p.m3u8
浙江｜丽水青田综合,http://l.cztvcloud.com/channels/lantian/SXqingtian1/720p.m3u8
浙江｜丽水龙泉综合,http://l.cztvcloud.com/channels/lantian/SXlongquan1/720p.m3u8
浙江｜兰溪新闻综合,http://l.cztvcloud.com/channels/lantian/SXlanxi1/720p.m3u8
浙江｜宁波余姚生活,http://l.cztvcloud.com/channels/lantian/SXyuyao2/720p.m3u8
浙江｜嵊州公共新闻综合,http://l.cztvcloud.com/channels/lantian/SXshengzhou1/720p.m3u8
浙江｜平湖公共新闻综合,http://l.cztvcloud.com/channels/lantian/SXpinghu1/720p.m3u8
浙江｜平湖民生休闲,http://l.cztvcloud.com/channels/lantian/SXpinghu2/720p.m3u8
浙江｜开化新闻综合,http://l.cztvcloud.com/channels/lantian/SXkaihua1/720p.m3u8
浙江｜文成二套,http://l.cztvcloud.com/channels/lantian/SXwencheng2/720p.m3u8
浙江｜文成综合,http://l.cztvcloud.com/channels/lantian/SXwencheng1/720p.m3u8
浙江｜永嘉新闻综合,http://l.cztvcloud.com/channels/lantian/SXyongjia1/720p.m3u8
浙江｜绍兴公共,http://live.shaoxing.com.cn/video/s10001-sxtv2/index.m3u8
浙江｜绍兴文化影视,http://live.shaoxing.com.cn/video/s10001-sxtv3/index.m3u8
浙江｜绍兴新闻综合,http://live.shaoxing.com.cn/video/s10001-sxhb/index.m3u8
浙江｜舟山新闻综合,http://live1.plus.wifizs.cn/xwzh/sd/live.m3u8
浙江｜舟山公共生活,http://live1.plus.wifizs.cn/ggsh/sd/live.m3u8
浙江｜苍南新闻综合,http://l.cztvcloud.com/channels/lantian/SXcangnan1/720p.m3u8
浙江｜萧山新闻综合,http://l.cztvcloud.com/channels/lantian/SXxiaoshan1/720p.m3u8
浙江｜萧山生活,http://l.cztvcloud.com/channels/lantian/SXxiaoshan2/720p.m3u8
浙江｜衢州衢江综合,http://l.cztvcloud.com/channels/lantian/SXqujiang1/720p.m3u8
浙江｜衢州龙游生活,https://l.cztvcloud.com/channels/lantian/SXlongyou2/720p.m3u8
浙江｜衢州龙游综合,https://l.cztvcloud.com/channels/lantian/SXlongyou1/720p.m3u8
浙江｜诸暨新闻综合,http://l.cztvcloud.com/channels/lantian/SXzhuji3/720p.m3u8
浙江｜金华东阳综合,http://l.cztvcloud.com/channels/lantian/SXdongyang1/720p.m3u8
浙江｜龙游新闻综合,http://l.cztvcloud.com/channels/lantian/SXlongyou1/720p.m3u8
浙江｜龙游生活娱乐,http://l.cztvcloud.com/channels/lantian/SXlongyou2/720p.m3u8
凤凰卫视#24小时直播间,https://www.youtube.com/watch?v=Ry--eMIjYLQ
BNE 佳讯-24小时新闻1,https://www.youtube.com/watch?v=peZgMZEJLzg
BNE 佳讯-24小时新闻2,https://www.youtube.com/watch?v=X7u-nh7tCqY
AI主播今日新闻,https://www.youtube.com/watch?v=NgqAue7oOtw
东森购物台CH34,https://www.youtube.com/watch?v=J3t9N0vciPI
东森购物台CH46,https://www.youtube.com/watch?v=tUvQg2HgIbs
东森购物台CH60,https://www.youtube.com/watch?v=2IGZjBPTPT8
三立财经iNEWS,https://www.youtube.com/watch?v=pF507BLtbqU
非凡财经,https://www.youtube.com/watch?v=eA6Aczd3FZM
八大剧乐部,https://www.youtube.com/watch?v=Pke22oG1lRE
信大电视,https://www.youtube.com/watch?v=UJeImkJpaLM
猪哥会社,https://www.youtube.com/watch?v=v8MUGB4vst8
小猪佩奇,https://www.youtube.com/watch?v=W1HuQdjl5SA
新唐人LIVE,https://www.youtube.com/watch?v=Bhp_V7H5QoY
立法院会议,https://www.youtube.com/watch?v=bR5UF8qNktI
美好购物1,https://www.youtube.com/watch?v=rc8px6ti8fc
美好购物2,https://www.youtube.com/watch?v=MHoyggBaFW4
momo购物一,https://www.youtube.com/watch?v=didkukfD9QA
momo购物二,https://www.youtube.com/watch?v=xbNWkUyxQGM
运通财经,https://www.youtube.com/watch?v=8tabjg3DkcU
澳洲ABCNews,https://www.youtube.com/watch?v=vOTiJkg1voo
BLOOMBERG,https://www.youtube.com/watch?v=QB5BNdBFujE
CBS NEWS LIVE,https://www.youtube.com/watch?v=lZo_X9bsTYE
TRT WORLD,https://www.youtube.com/watch?v=b8lPrtjmnmw
公视,http://74.91.26.218:82/live/pts.m3u8
公视台语,http://74.91.26.218:82/live/ptsty.m3u8
小公视,http://74.91.26.218:82/live/ptsse.m3u8
中天综合,http://31.43.191.125:8080/restream/restream/34898
三立iNEWS新闻,http://31.43.191.125:8080/restream/restream/34909
公视,http://31.43.191.125:8080/restream/restream/34891
客家电视,http://31.43.191.125:8080/restream/restream/34871
猪哥亮歌舞厅秀,http://31.43.191.125:8080/restream/restream/34856
好消息,http://31.43.191.125:8080/restream/restream/34791
好消息2,http://31.43.191.125:8080/restream/restream/34873
博斯无限,http://31.43.191.125:8080/restream/restream/34885
博斯运动1,http://31.43.191.125:8080/restream/restream/34884
博斯运动2,http://31.43.191.125:8080/restream/restream/34883
博斯高球1,http://31.43.191.125:8080/restream/restream/34882
博斯高球2,http://31.43.191.125:8080/restream/restream/34881
卫视电影,http://31.43.191.125:8080/restream/restream/34880
探索,http://31.43.191.125:8080/restream/restream/34867
时尚运动 X,http://31.43.191.125:8080/restream/restream/34864
智林体育,http://31.43.191.125:8080/restream/restream/34863
爱尔达体育1,http://31.43.191.125:8080/restream/restream/34857
纬来戏剧,http://31.43.191.125:8080/restream/restream/34812
纬来戏剧,http://31.43.191.125:8080/restream/restream/34854
纬来精采,http://31.43.191.125:8080/restream/restream/34851
纬来综合,http://31.43.191.125:8080/restream/restream/34850
视纳华仁纪实,http://31.43.191.125:8080/restream/restream/34847
金马影院,http://31.43.191.125:8080/restream/restream/34845
靖天卡通,http://31.43.191.125:8080/restream/restream/34842
靖天国际,http://31.43.191.125:8080/restream/restream/34841
靖天日本,http://31.43.191.125:8080/restream/restream/34797
靖天日本,http://31.43.191.125:8080/restream/restream/34839
靖天欢乐,http://31.43.191.125:8080/restream/restream/34837
靖天育乐,http://31.43.191.125:8080/restream/restream/34835
靖洋卡通,http://31.43.191.125:8080/restream/restream/34834
靖洋戏剧,http://31.43.191.125:8080/restream/restream/34833
半岛国际新闻,http://31.43.191.125:8080/restream/restream/34888
阿里郎,http://31.43.191.125:8080/restream/restream/34843
Baby TV,http://31.43.191.125:8080/restream/restream/34929
BBC lifestyle,http://31.43.191.125:8080/restream/restream/34931
Ci,http://31.43.191.125:8080/restream/restream/34925
Discovery Asia,http://31.43.191.125:8080/restream/restream/34924
Discovery科学频道,http://31.43.191.125:8080/restream/restream/34923
Eastern Movies,http://31.43.191.125:8080/restream/restream/34903
ELEVEN SPORTS 1,http://31.43.191.125:8080/restream/restream/34792
ELTA娱乐,http://31.43.191.125:8080/restream/restream/34920
ELTA体育2,http://31.43.191.125:8080/restream/restream/34865
ELTA体育3,http://31.43.191.125:8080/restream/restream/34866
ET GLOBAL,http://31.43.191.125:8080/restream/restream/34823
EYETV戏剧,http://31.43.191.125:8080/restream/restream/34789
EYETV旅游,http://31.43.191.125:8080/restream/restream/34790
Ginx EsportsTV,http://31.43.191.125:8080/restream/restream/34919
HISTORY 2,http://31.43.191.125:8080/restream/restream/34799
Mezzo Live,http://31.43.191.125:8080/restream/restream/34917
Momo亲子,http://31.43.191.125:8080/restream/restream/34910
Trace Sport Stars,http://31.43.191.125:8080/restream/restream/34911
TRACE Urban,http://31.43.191.125:8080/restream/restream/34916
TTV,http://31.43.191.125:8080/restream/restream/34822
KABC,http://31.43.191.125:8080/live/restream/restream/154553.ts
KCBS,http://31.43.191.125:8080/live/restream/restream/154834.ts
KCAL,http://31.43.191.125:8080/live/restream/restream/154833.ts
KTTV,http://31.43.191.125:8080/live/restream/restream/155433.ts
KNBC,http://31.43.191.125:8080/live/restream/restream/156089.ts
8 TV,http://31.43.191.125:8080/restream/restream/34619
CHANNEL NEWS ASIA,http://31.43.191.125:8080/restream/restream/34782
CHANNEL 5,http://31.43.191.125:8080/restream/restream/34776
CHANNEL 8,http://31.43.191.125:8080/restream/restream/34775
CHANNEL U,http://31.43.191.125:8080/restream/restream/34774
HUB SPORT 1,http://31.43.191.125:8080/restream/restream/34778
HUB SPORT 2,http://31.43.191.125:8080/restream/restream/34777
TVB E-NEWS,http://31.43.191.125:8080/restream/restream/34660
TVB 经典,http://31.43.191.125:8080/restream/restream/34555
TVBJ,http://31.43.191.125:8080/restream/restream/34558
ABC AUSTRALIA,http://31.43.191.125:8080/restream/restream/34583
AFN,http://31.43.191.125:8080/restream/restream/34602
ANIMAL PLANET,http://31.43.191.125:8080/restream/restream/34589
ASTRO AOD 311,http://31.43.191.125:8080/restream/restream/34651
ASTRO AOD 352,http://31.43.191.125:8080/restream/restream/34564
ASTRO AOD 353,http://31.43.191.125:8080/restream/restream/34565
ASTRO AOD 354,http://31.43.191.125:8080/restream/restream/34566
ASTRO ARENA,http://31.43.191.125:8080/restream/restream/34608
ASTRO ARENA 2,http://31.43.191.125:8080/restream/restream/34649
ASTRO AURA,http://31.43.191.125:8080/restream/restream/34628
ASTRO AWANI,http://31.43.191.125:8080/restream/restream/34574
ASTRO CELESTIAL MOVIES,http://31.43.191.125:8080/restream/restream/34557
ASTRO CERIA,http://31.43.191.125:8080/restream/restream/34590
ASTRO CITRA,http://31.43.191.125:8080/restream/restream/34538
ASTRO CRICKET,http://31.43.191.125:8080/restream/restream/34615
ASTRO OASIS,http://31.43.191.125:8080/restream/restream/34543
ASTRO ONE,http://31.43.191.125:8080/restream/restream/34568
ASTRO PRIMA,http://31.43.191.125:8080/restream/restream/34542
ASTRO RANIA,http://31.43.191.125:8080/restream/restream/34627
ASTRO RIA,http://31.43.191.125:8080/restream/restream/34617
ASTRO RUGBY PASS TV,http://31.43.191.125:8080/restream/restream/34614
ASTRO SUPERSPORT 1,http://31.43.191.125:8080/restream/restream/34535
ASTRO SUPERSPORT 2,http://31.43.191.125:8080/restream/restream/34534
ASTRO SUPERSPORT 3,http://31.43.191.125:8080/restream/restream/34533
ASTRO SUPERSPORT 4,http://31.43.191.125:8080/restream/restream/34531
ASTRO SUPERSPORT 5,http://31.43.191.125:8080/restream/restream/34532
ASTRO WARNA,http://31.43.191.125:8080/restream/restream/34544
BABY TV,http://31.43.191.125:8080/restream/restream/34633
BBC EARTH,http://31.43.191.125:8080/restream/restream/34622
BBC LIFESTYLE,http://31.43.191.125:8080/restream/restream/34623
BEIN SPORTS,http://31.43.191.125:8080/restream/restream/34610
BEIN SPORTS 2,http://31.43.191.125:8080/restream/restream/34648
BEIN SPORTS 3,http://31.43.191.125:8080/restream/restream/34632
Beinsport 3,http://31.43.191.125:8080/restream/restream/34677
BLOOMBERG TV,http://31.43.191.125:8080/restream/restream/34582
BOOMERANG,http://31.43.191.125:8080/restream/restream/34624
CARTOON NETWORK,http://31.43.191.125:8080/restream/restream/34594
CBEEBIES,http://31.43.191.125:8080/restream/restream/34645
CCM,http://31.43.191.125:8080/restream/restream/34562
CELESTIAL MOVIES,http://31.43.191.125:8080/restream/restream/34674
CNBC,http://31.43.191.125:8080/live/restream/restream/5426.ts
CNBC,http://31.43.191.125:8080/restream/restream/34581
CNBC,http://31.43.191.125:8080/restream/restream/34844
CNN International,http://31.43.191.125:8080/restream/restream/34673
COMEDY CENTRAL,http://31.43.191.125:8080/restream/restream/34606
CRIME INVESTIGATION,http://31.43.191.125:8080/restream/restream/34634
DISCOVERY CHANEL,http://31.43.191.125:8080/restream/restream/34586
DISCOVERY SCIENCE,http://31.43.191.125:8080/restream/restream/34587
DISNEY CHANNEL,http://31.43.191.125:8080/restream/restream/34593
DISNEY JR,http://31.43.191.125:8080/restream/restream/34592
DISNEY XD,http://31.43.191.125:8080/restream/restream/34591
DMAX,http://31.43.191.125:8080/restream/restream/34605
EGG Network,http://31.43.191.125:8080/restream/restream/34652
EUROSPORT,http://31.43.191.125:8080/restream/restream/34611
FOOD NETWORK,http://31.43.191.125:8080/restream/restream/34601
FOX SPORTS 2,http://31.43.191.125:8080/restream/restream/34609
GNIX SPORTS,http://31.43.191.125:8080/restream/restream/34671
GOLF CHANNEL,http://31.43.191.125:8080/restream/restream/34613
HGTV,http://31.43.191.125:8080/restream/restream/34604
HISTORY,http://31.43.191.125:8080/restream/restream/34588
HITS,http://31.43.191.125:8080/restream/restream/34599
HITS MOVIES,http://31.43.191.125:8080/restream/restream/34570
K PLUS,http://31.43.191.125:8080/restream/restream/34669
KBS WORLD,http://31.43.191.125:8080/restream/restream/34567
LIFETIME,http://31.43.191.125:8080/restream/restream/34635
MTV,http://31.43.191.125:8080/restream/restream/34607
NAT GEO ASIA,http://31.43.191.125:8080/restream/restream/34667
NAT GEO WILD,http://31.43.191.125:8080/restream/restream/34584
National Geographic,http://31.43.191.125:8080/restream/restream/34585
Nickledeon,http://31.43.191.125:8080/restream/restream/34666
PARAMOUNT,http://31.43.191.125:8080/restream/restream/34626
Prime time,http://31.43.191.125:8080/restream/restream/34682
PRIMETIME,http://31.43.191.125:8080/restream/restream/34637
SHOWCASE MOVIES,http://31.43.191.125:8080/restream/restream/34639
SKY NEWS,http://31.43.191.125:8080/restream/restream/34579
SPOTV,http://31.43.191.125:8080/restream/restream/34638
SPOTV2,http://31.43.191.125:8080/restream/restream/34663
TLC,http://31.43.191.125:8080/restream/restream/34600
TVN MOVIES,http://31.43.191.125:8080/restream/restream/34573
Usee sports 1,http://31.43.191.125:8080/restream/restream/34657
Usee sports 2,http://31.43.191.125:8080/restream/restream/34656
WWE,http://31.43.191.125:8080/restream/restream/34612
Anhui TV (China),http://tv-213424.ifiesta.net:80/TV-7926745948196/892281004173/219143
BabyTV Mandarin,http://tv-213424.ifiesta.net:80/TV-7926745948196/892281004173/219178
Beijing TV (China),http://tv-213424.ifiesta.net:80/TV-7926745948196/892281004173/219144
CGTN Documentary (China),http://tv-213424.ifiesta.net:80/TV-7926745948196/892281004173/219145
CGTN English (China),http://tv-213424.ifiesta.net:80/TV-7926745948196/892281004173/219150
CGTN Español (China),http://tv-213424.ifiesta.net:80/TV-7926745948196/892281004173/219149
China Movie Channel (China),http://tv-213424.ifiesta.net:80/TV-7926745948196/892281004173/219151
CTS America (Taiwan),http://tv-213424.ifiesta.net:80/TV-7926745948196/892281004173/219164
Dragon TV (China),http://tv-213424.ifiesta.net:80/TV-7926745948196/892281004173/219152
ETTV China (Taiwan),http://tv-213424.ifiesta.net:80/TV-7926745948196/892281004173/219165
ETTV Drama (Taiwan),http://tv-213424.ifiesta.net:80/TV-7926745948196/892281004173/219166
ETTV Financial (Taiwan),http://tv-213424.ifiesta.net:80/TV-7926745948196/892281004173/219167
ETTV Global (Taiwan),http://tv-213424.ifiesta.net:80/TV-7926745948196/892281004173/219168
ETTV News (Taiwan),http://tv-213424.ifiesta.net:80/TV-7926745948196/892281004173/219169
FTV (Taiwan),http://tv-213424.ifiesta.net:80/TV-7926745948196/892281004173/219170
Fujian Straits TV (China),http://tv-213424.ifiesta.net:80/TV-7926745948196/892281004173/219153
Great Wall Elite (China),http://tv-213424.ifiesta.net:80/TV-7926745948196/892281004173/219154
Guangdong Southern TV (China),http://tv-213424.ifiesta.net:80/TV-7926745948196/892281004173/219155
Hunan Satellite TV (China),http://tv-213424.ifiesta.net:80/TV-7926745948196/892281004173/219156
ICiti TV (Taiwan),http://tv-213424.ifiesta.net:80/TV-7926745948196/892281004173/219163
Jiangsu International Channel (China),http://tv-213424.ifiesta.net:80/TV-7926745948196/892281004173/219157
Pacvia TV (China),http://tv-213424.ifiesta.net:80/TV-7926745948196/892281004173/219158
Phoenix Hong Kong Channel (Chinese),http://tv-213424.ifiesta.net:80/TV-7926745948196/892281004173/219179
Phoenix InfoNews Channel (China),http://tv-213424.ifiesta.net:80/TV-7926745948196/892281004173/219159
Phoenix North America Chinese Channel (China),http://tv-213424.ifiesta.net:80/TV-7926745948196/892281004173/219160
SET International (Taiwan),http://tv-213424.ifiesta.net:80/TV-7926745948196/892281004173/219171
Shenzhen TV (China),http://tv-213424.ifiesta.net:80/TV-7926745948196/892281004173/219161
Sky Link TV (Taiwan),http://tv-213424.ifiesta.net:80/TV-7926745948196/892281004173/219172
Sky Link TV 2 (Taiwan),http://tv-213424.ifiesta.net:80/TV-7926745948196/892281004173/219173
TTV (Taiwan),http://tv-213424.ifiesta.net:80/TV-7926745948196/892281004173/219174
TVB Chinese,http://tv-213424.ifiesta.net:80/TV-7926745948196/892281004173/219181
TVB Drama (Chinese),http://tv-213424.ifiesta.net:80/TV-7926745948196/892281004173/219182
TVB News (Chinese),http://tv-213424.ifiesta.net:80/TV-7926745948196/892281004173/219185
USTV (Taiwan),http://tv-213424.ifiesta.net:80/TV-7926745948196/892281004173/219175
Yoyo TV (Taiwan),http://tv-213424.ifiesta.net:80/TV-7926745948196/892281004173/219176
Zhejiang TV (China),http://tv-213424.ifiesta.net:80/TV-7926745948196/892281004173/219162
ABC (KABC),http://tv-213424.ifiesta.net:80/TV-7926745948196/892281004173/217619
CBS News Los Angeles,http://tv-213424.ifiesta.net:80/TV-7926745948196/892281004173/220941
CBS (KCAL),http://tv-213424.ifiesta.net:80/TV-7926745948196/892281004173/217983
CBS (KCBS),http://tv-213424.ifiesta.net:80/TV-7926745948196/892281004173/217976
CW (KTLA),http://tv-213424.ifiesta.net:80/TV-7926745948196/892281004173/218244
NBC (KNBC),http://tv-213424.ifiesta.net:80/TV-7926745948196/892281004173/218546
FOX (KTTV),http://tv-213424.ifiesta.net:80/TV-7926745948196/892281004173/218827
AccuWeather NOW,http://tv-213424.ifiesta.net:80/TV-7926745948196/892281004173/220966
Action News Jax Now,http://tv-213424.ifiesta.net:80/TV-7926745948196/892281004173/221004
Black News Channel,http://tv-213424.ifiesta.net:80/TV-7926745948196/892281004173/220932
Bloomberg Originals,http://tv-213424.ifiesta.net:80/TV-7926745948196/892281004173/220975
Bloomberg Quicktake,http://tv-213424.ifiesta.net:80/TV-7926745948196/892281004173/220927
Bloomberg TV,http://tv-213424.ifiesta.net:80/TV-7926745948196/892281004173/220914
Bloomberg TV 4k,http://tv-213424.ifiesta.net:80/TV-7926745948196/892281004173/220974
Bloomberg TV Asia Live Event,http://tv-213424.ifiesta.net:80/TV-7926745948196/892281004173/220928
Bloomberg TV EMEA Live Event,http://tv-213424.ifiesta.net:80/TV-7926745948196/892281004173/220929
Bloomberg TV Europe,http://tv-213424.ifiesta.net:80/TV-7926745948196/892281004173/220930
Bloomberg TV Live Event,http://tv-213424.ifiesta.net:80/TV-7926745948196/892281004173/220931
Bloomberg TV Politics Live Event,http://tv-213424.ifiesta.net:80/TV-7926745948196/892281004173/220926
Boston 25 Now,http://tv-213424.ifiesta.net:80/TV-7926745948196/892281004173/220980
CBC News Network,http://tv-213424.ifiesta.net:80/TV-7926745948196/892281004173/220977
CBS News,http://tv-213424.ifiesta.net:80/TV-7926745948196/892281004173/220907
CBS News Baltimore,http://tv-213424.ifiesta.net:80/TV-7926745948196/892281004173/220924
CBS News Bay Area,http://tv-213424.ifiesta.net:80/TV-7926745948196/892281004173/220936
CBS News Boston,http://tv-213424.ifiesta.net:80/TV-7926745948196/892281004173/220937
CBS News Chicago,http://tv-213424.ifiesta.net:80/TV-7926745948196/892281004173/220938
CBS News Colorado,http://tv-213424.ifiesta.net:80/TV-7926745948196/892281004173/220921
CBS News Dallas (D),http://tv-213424.ifiesta.net:80/TV-7926745948196/892281004173/220939
CBS News Denver (D),http://tv-213424.ifiesta.net:80/TV-7926745948196/892281004173/220940
CBS News Detroit,http://tv-213424.ifiesta.net:80/TV-7926745948196/892281004173/220985
CBS News Miami,http://tv-213424.ifiesta.net:80/TV-7926745948196/892281004173/220923
CBS News Minnesota,http://tv-213424.ifiesta.net:80/TV-7926745948196/892281004173/220942
CBS News New York,http://tv-213424.ifiesta.net:80/TV-7926745948196/892281004173/220943
CBS News Philadelphia,http://tv-213424.ifiesta.net:80/TV-7926745948196/892281004173/220984
CBS News Pittsburgh,http://tv-213424.ifiesta.net:80/TV-7926745948196/892281004173/220945
CBS News Sacramento,http://tv-213424.ifiesta.net:80/TV-7926745948196/892281004173/220922
Cheddar News,http://tv-213424.ifiesta.net:80/TV-7926745948196/892281004173/220908
CNBC,http://tv-213424.ifiesta.net:80/TV-7926745948196/892281004173/220902
CNBC World,http://tv-213424.ifiesta.net:80/TV-7926745948196/892281004173/220903
CNN International,http://tv-213424.ifiesta.net:80/TV-7926745948196/892281004173/220901
CNN Max,http://tv-213424.ifiesta.net:80/TV-7926745948196/892281004173/220983
C-SPAN,http://tv-213424.ifiesta.net:80/TV-7926745948196/892281004173/220933
C-SPAN 2,http://tv-213424.ifiesta.net:80/TV-7926745948196/892281004173/220934
C-SPAN 3,http://tv-213424.ifiesta.net:80/TV-7926745948196/892281004173/220935
Estrella News,http://tv-213424.ifiesta.net:80/TV-7926745948196/892281004173/220978
Euronews English,http://tv-213424.ifiesta.net:80/TV-7926745948196/892281004173/220976
Euronews Spanish,http://tv-213424.ifiesta.net:80/TV-7926745948196/892281004173/221006
Express News,http://tv-213424.ifiesta.net:80/TV-7926745948196/892281004173/220917
Foro,http://tv-213424.ifiesta.net:80/TV-7926745948196/892281004173/220997
Fox Business Network,http://tv-213424.ifiesta.net:80/TV-7926745948196/892281004173/220906
Fox News Channel,http://tv-213424.ifiesta.net:80/TV-7926745948196/892281004173/220905
Fox Weather,http://tv-213424.ifiesta.net:80/TV-7926745948196/892281004173/220949
Free Speech TV,http://tv-213424.ifiesta.net:80/TV-7926745948196/892281004173/220950
HollyWire,http://tv-213424.ifiesta.net:80/TV-7926745948196/892281004173/220998
I24NEWS English USA,http://tv-213424.ifiesta.net:80/TV-7926745948196/892281004173/220951
KIRO 7 Now,http://tv-213424.ifiesta.net:80/TV-7926745948196/892281004173/221012
LiveNOW from FOX,http://tv-213424.ifiesta.net:80/TV-7926745948196/892281004173/220948
Local Now,http://tv-213424.ifiesta.net:80/TV-7926745948196/892281004173/220919
Meganoticias MX,http://tv-213424.ifiesta.net:80/TV-7926745948196/892281004173/221000
MSNBC,http://tv-213424.ifiesta.net:80/TV-7926745948196/892281004173/220904
NBC 6 South Florida,http://tv-213424.ifiesta.net:80/TV-7926745948196/892281004173/220954
NBC10 Philadelphia,http://tv-213424.ifiesta.net:80/TV-7926745948196/892281004173/220953
NECN,http://tv-213424.ifiesta.net:80/TV-7926745948196/892281004173/220909
News12,http://tv-213424.ifiesta.net:80/TV-7926745948196/892281004173/220990
News12 Bronx,http://tv-213424.ifiesta.net:80/TV-7926745948196/892281004173/220960
News12 Brooklyn,http://tv-213424.ifiesta.net:80/TV-7926745948196/892281004173/220955
News12 Conneticut,http://tv-213424.ifiesta.net:80/TV-7926745948196/892281004173/220956
News12 Hudson Valley,http://tv-213424.ifiesta.net:80/TV-7926745948196/892281004173/220957
News12 Long Island,http://tv-213424.ifiesta.net:80/TV-7926745948196/892281004173/220958
News12 New Jersey,http://tv-213424.ifiesta.net:80/TV-7926745948196/892281004173/220959
News12 New York,http://tv-213424.ifiesta.net:80/TV-7926745948196/892281004173/220991
News12 Westchester,http://tv-213424.ifiesta.net:80/TV-7926745948196/892281004173/220961
NewsNation East,http://tv-213424.ifiesta.net:80/TV-7926745948196/892281004173/220911
NewsNet,http://tv-213424.ifiesta.net:80/TV-7926745948196/892281004173/220992
Newsy,http://tv-213424.ifiesta.net:80/TV-7926745948196/892281004173/220912
NTN24,http://tv-213424.ifiesta.net:80/TV-7926745948196/892281004173/220999
OAN Encore,http://tv-213424.ifiesta.net:80/TV-7926745948196/892281004173/220993
OAN Plus,http://tv-213424.ifiesta.net:80/TV-7926745948196/892281004173/220994
One America News Network,http://tv-213424.ifiesta.net:80/TV-7926745948196/892281004173/220962
Phoenix InfoNews Channel,http://tv-213424.ifiesta.net:80/TV-7926745948196/892281004173/220996
Scripps News,http://tv-213424.ifiesta.net:80/TV-7926745948196/892281004173/220982
Spectrum News 1 Capital Region/Hudson Valley,http://tv-213424.ifiesta.net:80/TV-7926745948196/892281004173/220972
Spectrum News 1 Carolinas Mountain,http://tv-213424.ifiesta.net:80/TV-7926745948196/892281004173/220973
Spectrum News 1 Jamestown,http://tv-213424.ifiesta.net:80/TV-7926745948196/892281004173/220986
Spectrum News 1 Ohio,http://tv-213424.ifiesta.net:80/TV-7926745948196/892281004173/220988
Spectrum News 1 Pittsfield,http://tv-213424.ifiesta.net:80/TV-7926745948196/892281004173/220989
Spectrum News 1 Springfield,http://tv-213424.ifiesta.net:80/TV-7926745948196/892281004173/220987
Spectrum News 1 Wisconsin,http://tv-213424.ifiesta.net:80/TV-7926745948196/892281004173/220971
Spectrum News 1 Worcester,http://tv-213424.ifiesta.net:80/TV-7926745948196/892281004173/220970
Spectrum Weather,http://tv-213424.ifiesta.net:80/TV-7926745948196/892281004173/220969
The First TV,http://tv-213424.ifiesta.net:80/TV-7926745948196/892281004173/221003
The Weather Channel,http://tv-213424.ifiesta.net:80/TV-7926745948196/892281004173/220967
TheGrio TV,http://tv-213424.ifiesta.net:80/TV-7926745948196/892281004173/220995
Ticker News,http://tv-213424.ifiesta.net:80/TV-7926745948196/892281004173/220963
TN23 Mexico,http://tv-213424.ifiesta.net:80/TV-7926745948196/892281004173/221002
Univision Noticias,http://tv-213424.ifiesta.net:80/TV-7926745948196/892281004173/221001
USA TODAY,http://tv-213424.ifiesta.net:80/TV-7926745948196/892281004173/220979
WeatherNation,http://tv-213424.ifiesta.net:80/TV-7926745948196/892281004173/220964
WeatherSpy,http://tv-213424.ifiesta.net:80/TV-7926745948196/892281004173/220965
Yahoo! Finance,http://tv-213424.ifiesta.net:80/TV-7926745948196/892281004173/220981
ACC Digital Network,http://tv-213424.ifiesta.net:80/TV-7926745948196/892281004173/221334
ACC Network,http://tv-213424.ifiesta.net:80/TV-7926745948196/892281004173/221199
AFN Sports,http://tv-213424.ifiesta.net:80/TV-7926745948196/892281004173/221260
AFN Sports 2,http://tv-213424.ifiesta.net:80/TV-7926745948196/892281004173/221259
Altitude 2,http://tv-213424.ifiesta.net:80/TV-7926745948196/892281004173/221264
Altitude Sports,http://tv-213424.ifiesta.net:80/TV-7926745948196/892281004173/221200
Altitude Sports 2,http://tv-213424.ifiesta.net:80/TV-7926745948196/892281004173/221201
Altitude Sports Alternate,http://tv-213424.ifiesta.net:80/TV-7926745948196/892281004173/221376
AT&T SportsNet Pittsburgh,http://tv-213424.ifiesta.net:80/TV-7926745948196/892281004173/221202
AT&T SportsNet Pittsburgh Alternate,http://tv-213424.ifiesta.net:80/TV-7926745948196/892281004173/221203
AT&T SportsNet Southwest,http://tv-213424.ifiesta.net:80/TV-7926745948196/892281004173/221204
AT&T SportsNet Southwest Alternate,http://tv-213424.ifiesta.net:80/TV-7926745948196/892281004173/221205
BeIN Sports,http://tv-213424.ifiesta.net:80/TV-7926745948196/892281004173/221207
BeIN Sports 3,http://tv-213424.ifiesta.net:80/TV-7926745948196/892281004173/221209
BeIN Sports 4,http://tv-213424.ifiesta.net:80/TV-7926745948196/892281004173/221206
BeIN Sports 5,http://tv-213424.ifiesta.net:80/TV-7926745948196/892281004173/221211
BeIN Sports 7,http://tv-213424.ifiesta.net:80/TV-7926745948196/892281004173/221213
BeIN Sports 8,http://tv-213424.ifiesta.net:80/TV-7926745948196/892281004173/221214
BeIN Sports en Español,http://tv-213424.ifiesta.net:80/TV-7926745948196/892281004173/221208
BeIN SPORTS XTRA,http://tv-213424.ifiesta.net:80/TV-7926745948196/892281004173/221210
BeIN SPORTS XTRA en Español,http://tv-213424.ifiesta.net:80/TV-7926745948196/892281004173/221335
BEK Sports East,http://tv-213424.ifiesta.net:80/TV-7926745948196/892281004173/221215
BEK Sports West,http://tv-213424.ifiesta.net:80/TV-7926745948196/892281004173/221216
Big Ten,http://tv-213424.ifiesta.net:80/TV-7926745948196/892281004173/221217
Big Ten Network,http://tv-213424.ifiesta.net:80/TV-7926745948196/892281004173/221220
Big Ten Network Minneapolis,http://tv-213424.ifiesta.net:80/TV-7926745948196/892281004173/221219
Big Ten Network Overflow 1,http://tv-213424.ifiesta.net:80/TV-7926745948196/892281004173/221221
Big Ten Network Overflow 2,http://tv-213424.ifiesta.net:80/TV-7926745948196/892281004173/221222
Big Ten Network Overflow 3,http://tv-213424.ifiesta.net:80/TV-7926745948196/892281004173/221223
Big Ten Network Overflow 4,http://tv-213424.ifiesta.net:80/TV-7926745948196/892281004173/221224
Big Ten Network Wisconsin,http://tv-213424.ifiesta.net:80/TV-7926745948196/892281004173/221218
Billiard TV,http://tv-213424.ifiesta.net:80/TV-7926745948196/892281004173/221330
Boxing TV,http://tv-213424.ifiesta.net:80/TV-7926745948196/892281004173/221329
CBS Sports Golazo Network,http://tv-213424.ifiesta.net:80/TV-7926745948196/892281004173/221261
CBS Sports HQ,http://tv-213424.ifiesta.net:80/TV-7926745948196/892281004173/221225
CBS Sports Network,http://tv-213424.ifiesta.net:80/TV-7926745948196/892281004173/221321
CBS Sports Network USA,http://tv-213424.ifiesta.net:80/TV-7926745948196/892281004173/221226
Cleo TV,http://tv-213424.ifiesta.net:80/TV-7926745948196/892281004173/221227
DAZN Golf,http://tv-213424.ifiesta.net:80/TV-7926745948196/892281004173/221248
ESPN,http://tv-213424.ifiesta.net:80/TV-7926745948196/892281004173/221228
ESPN 2,http://tv-213424.ifiesta.net:80/TV-7926745948196/892281004173/221229
ESPN 2 Caribbean,http://tv-213424.ifiesta.net:80/TV-7926745948196/892281004173/221367
ESPN Caribbean,http://tv-213424.ifiesta.net:80/TV-7926745948196/892281004173/221366
ESPN College Extra 1,http://tv-213424.ifiesta.net:80/TV-7926745948196/892281004173/221314
ESPN College Extra 2,http://tv-213424.ifiesta.net:80/TV-7926745948196/892281004173/221315
ESPN College Extra 3,http://tv-213424.ifiesta.net:80/TV-7926745948196/892281004173/221316
ESPN College Extra 4,http://tv-213424.ifiesta.net:80/TV-7926745948196/892281004173/221317
ESPN College Extra 5,http://tv-213424.ifiesta.net:80/TV-7926745948196/892281004173/221318
ESPN College Extra 6,http://tv-213424.ifiesta.net:80/TV-7926745948196/892281004173/221319
ESPN College Extra 7,http://tv-213424.ifiesta.net:80/TV-7926745948196/892281004173/221320
ESPN Deportes,http://tv-213424.ifiesta.net:80/TV-7926745948196/892281004173/221230
ESPNews,http://tv-213424.ifiesta.net:80/TV-7926745948196/892281004173/221232
ESPNU,http://tv-213424.ifiesta.net:80/TV-7926745948196/892281004173/221234
FanDuel Racing,http://tv-213424.ifiesta.net:80/TV-7926745948196/892281004173/221310
FanDuel TV,http://tv-213424.ifiesta.net:80/TV-7926745948196/892281004173/221309
FIFA+,http://tv-213424.ifiesta.net:80/TV-7926745948196/892281004173/221359
FNTSY Sports Network,http://tv-213424.ifiesta.net:80/TV-7926745948196/892281004173/221236
For The Fans (FTF),http://tv-213424.ifiesta.net:80/TV-7926745948196/892281004173/221369
Fox Deportes,http://tv-213424.ifiesta.net:80/TV-7926745948196/892281004173/221237
Fox Soccer Plus,http://tv-213424.ifiesta.net:80/TV-7926745948196/892281004173/221238
Fox Sports,http://tv-213424.ifiesta.net:80/TV-7926745948196/892281004173/221332
Fox Sports 1,http://tv-213424.ifiesta.net:80/TV-7926745948196/892281004173/221239
Fox Sports 2,http://tv-213424.ifiesta.net:80/TV-7926745948196/892281004173/221240
Glory Kickboxing,http://tv-213424.ifiesta.net:80/TV-7926745948196/892281004173/221263
Golf Channel,http://tv-213424.ifiesta.net:80/TV-7926745948196/892281004173/221269
Golf Channel,http://tv-213424.ifiesta.net:80/TV-7926745948196/892281004173/221241
GolfPass,http://tv-213424.ifiesta.net:80/TV-7926745948196/892281004173/221276
GolTV LatinoAmérica,http://tv-213424.ifiesta.net:80/TV-7926745948196/892281004173/221365
GolTV USA,http://tv-213424.ifiesta.net:80/TV-7926745948196/892281004173/221268
HBCU-GO Sports,http://tv-213424.ifiesta.net:80/TV-7926745948196/892281004173/221370
IMPACT Wrestling,http://tv-213424.ifiesta.net:80/TV-7926745948196/892281004173/221374
Lacrosse TV,http://tv-213424.ifiesta.net:80/TV-7926745948196/892281004173/221371
Longhorn Network,http://tv-213424.ifiesta.net:80/TV-7926745948196/892281004173/221231
LSN,http://tv-213424.ifiesta.net:80/TV-7926745948196/892281004173/221373
Marquee Sports Plus,http://tv-213424.ifiesta.net:80/TV-7926745948196/892281004173/221266
MASN,http://tv-213424.ifiesta.net:80/TV-7926745948196/892281004173/221270
MASN2,http://tv-213424.ifiesta.net:80/TV-7926745948196/892281004173/221271
MAVTV,http://tv-213424.ifiesta.net:80/TV-7926745948196/892281004173/221361
MAVTV Select,http://tv-213424.ifiesta.net:80/TV-7926745948196/892281004173/221362
MLB,http://tv-213424.ifiesta.net:80/TV-7926745948196/892281004173/221360
MLB Big Inning,http://tv-213424.ifiesta.net:80/TV-7926745948196/892281004173/221262
MLB Network,http://tv-213424.ifiesta.net:80/TV-7926745948196/892281004173/221243
MLB Network Alternate,http://tv-213424.ifiesta.net:80/TV-7926745948196/892281004173/221242
MLB Strike Zone,http://tv-213424.ifiesta.net:80/TV-7926745948196/892281004173/221244
Monumental Sports Network,http://tv-213424.ifiesta.net:80/TV-7926745948196/892281004173/221258
Monumental Sports Network Plus,http://tv-213424.ifiesta.net:80/TV-7926745948196/892281004173/221282
MSG,http://tv-213424.ifiesta.net:80/TV-7926745948196/892281004173/221272
MSG 2,http://tv-213424.ifiesta.net:80/TV-7926745948196/892281004173/221274
MSG Sportsnet,http://tv-213424.ifiesta.net:80/TV-7926745948196/892281004173/221273
MSG Sportsnet 2,http://tv-213424.ifiesta.net:80/TV-7926745948196/892281004173/221275
MSG SportsZone,http://tv-213424.ifiesta.net:80/TV-7926745948196/892281004173/221356
NBA TV,http://tv-213424.ifiesta.net:80/TV-7926745948196/892281004173/221245
NBA TV 4k,http://tv-213424.ifiesta.net:80/TV-7926745948196/892281004173/221256
NBC Sports 4k (Event Only),http://tv-213424.ifiesta.net:80/TV-7926745948196/892281004173/221247
NBC Sports Bay Area,http://tv-213424.ifiesta.net:80/TV-7926745948196/892281004173/221250
NBC Sports Bay Area Plus,http://tv-213424.ifiesta.net:80/TV-7926745948196/892281004173/221277
NBC Sports Boston,http://tv-213424.ifiesta.net:80/TV-7926745948196/892281004173/221249
NBC Sports California,http://tv-213424.ifiesta.net:80/TV-7926745948196/892281004173/221253
NBC Sports California Plus,http://tv-213424.ifiesta.net:80/TV-7926745948196/892281004173/221278
NBC Sports Chicago,http://tv-213424.ifiesta.net:80/TV-7926745948196/892281004173/221251
NBC Sports Chicago 4k (Event Only),http://tv-213424.ifiesta.net:80/TV-7926745948196/892281004173/221246
NBC Sports Chicago Plus,http://tv-213424.ifiesta.net:80/TV-7926745948196/892281004173/221280
NBC Sports Philadelphia,http://tv-213424.ifiesta.net:80/TV-7926745948196/892281004173/221252
NBC Sports Philadelphia Plus,http://tv-213424.ifiesta.net:80/TV-7926745948196/892281004173/221281
NBCSN,http://tv-213424.ifiesta.net:80/TV-7926745948196/892281004173/221322
NESN,http://tv-213424.ifiesta.net:80/TV-7926745948196/892281004173/221283
NESN Plus,http://tv-213424.ifiesta.net:80/TV-7926745948196/892281004173/221284
Nevada Sports Net,http://tv-213424.ifiesta.net:80/TV-7926745948196/892281004173/221285
Next Level Sports,http://tv-213424.ifiesta.net:80/TV-7926745948196/892281004173/221354
NFL Channel,http://tv-213424.ifiesta.net:80/TV-7926745948196/892281004173/221286
NFL Network,http://tv-213424.ifiesta.net:80/TV-7926745948196/892281004173/221255
NFL Network Alternate,http://tv-213424.ifiesta.net:80/TV-7926745948196/892281004173/221353
NFL RedZone,http://tv-213424.ifiesta.net:80/TV-7926745948196/892281004173/221257
NHL Alternate,http://tv-213424.ifiesta.net:80/TV-7926745948196/892281004173/221323
NHL Network,http://tv-213424.ifiesta.net:80/TV-7926745948196/892281004173/221287
NHL Network Alternate,http://tv-213424.ifiesta.net:80/TV-7926745948196/892281004173/221324
NHRA TV,http://tv-213424.ifiesta.net:80/TV-7926745948196/892281004173/221333
Origin Sports,http://tv-213424.ifiesta.net:80/TV-7926745948196/892281004173/221363
Pac-12 Arizona,http://tv-213424.ifiesta.net:80/TV-7926745948196/892281004173/221289
Pac-12 Bay Area,http://tv-213424.ifiesta.net:80/TV-7926745948196/892281004173/221290
Pac-12 Insider,http://tv-213424.ifiesta.net:80/TV-7926745948196/892281004173/221291
Pac-12 Los Angeles,http://tv-213424.ifiesta.net:80/TV-7926745948196/892281004173/221292
Pac-12 Mountain,http://tv-213424.ifiesta.net:80/TV-7926745948196/892281004173/221293
Pac-12 Networks,http://tv-213424.ifiesta.net:80/TV-7926745948196/892281004173/221294
Pac-12 Oregon,http://tv-213424.ifiesta.net:80/TV-7926745948196/892281004173/221295
Pac-12 Washington,http://tv-213424.ifiesta.net:80/TV-7926745948196/892281004173/221296
Perfect Game,http://tv-213424.ifiesta.net:80/TV-7926745948196/892281004173/221364
PFL MMA,http://tv-213424.ifiesta.net:80/TV-7926745948196/892281004173/221375
PokerGo,http://tv-213424.ifiesta.net:80/TV-7926745948196/892281004173/221352
Premier League TV,http://tv-213424.ifiesta.net:80/TV-7926745948196/892281004173/221297
Professional Pickleball Association (PPA),http://tv-213424.ifiesta.net:80/TV-7926745948196/892281004173/221298
Red Bull TV,http://tv-213424.ifiesta.net:80/TV-7926745948196/892281004173/221254
Root Sports Northwest,http://tv-213424.ifiesta.net:80/TV-7926745948196/892281004173/221299
Root Sports Northwest Plus,http://tv-213424.ifiesta.net:80/TV-7926745948196/892281004173/221300
SEC Network,http://tv-213424.ifiesta.net:80/TV-7926745948196/892281004173/221233
Spectrum Deportes LA,http://tv-213424.ifiesta.net:80/TV-7926745948196/892281004173/221301
Spectrum SportsNet,http://tv-213424.ifiesta.net:80/TV-7926745948196/892281004173/221351
Spectrum SportsNet LA,http://tv-213424.ifiesta.net:80/TV-7926745948196/892281004173/221303
Spectrum SportsNet Lakers,http://tv-213424.ifiesta.net:80/TV-7926745948196/892281004173/221302
Spectrum SportsNet Lakers Alternate,http://tv-213424.ifiesta.net:80/TV-7926745948196/892281004173/221304
Sports News Highlights,http://tv-213424.ifiesta.net:80/TV-7926745948196/892281004173/221357
SportsGrid,http://tv-213424.ifiesta.net:80/TV-7926745948196/892281004173/221325
Sportsman Channel,http://tv-213424.ifiesta.net:80/TV-7926745948196/892281004173/221305
SportsNet New York,http://tv-213424.ifiesta.net:80/TV-7926745948196/892281004173/221306
Sportsnews,http://tv-213424.ifiesta.net:80/TV-7926745948196/892281004173/221372
SportStak,http://tv-213424.ifiesta.net:80/TV-7926745948196/892281004173/221326
Sportswire,http://tv-213424.ifiesta.net:80/TV-7926745948196/892281004173/221378
Stadium,http://tv-213424.ifiesta.net:80/TV-7926745948196/892281004173/221307
Surf Now TV,http://tv-213424.ifiesta.net:80/TV-7926745948196/892281004173/221379
Swerve Sports,http://tv-213424.ifiesta.net:80/TV-7926745948196/892281004173/221368
Tennis Channel,http://tv-213424.ifiesta.net:80/TV-7926745948196/892281004173/221267
Tennis Channel International,http://tv-213424.ifiesta.net:80/TV-7926745948196/892281004173/221308
TNT Sports,http://tv-213424.ifiesta.net:80/TV-7926745948196/892281004173/221355
TUDN,http://tv-213424.ifiesta.net:80/TV-7926745948196/892281004173/221337
TyC Sports,http://tv-213424.ifiesta.net:80/TV-7926745948196/892281004173/221349
Unbeaten,http://tv-213424.ifiesta.net:80/TV-7926745948196/892281004173/221380
USA TODAY SPORTS,http://tv-213424.ifiesta.net:80/TV-7926745948196/892281004173/221336
ViX Lo Mejor de Liga MX,http://tv-213424.ifiesta.net:80/TV-7926745948196/892281004173/221358
VSiN,http://tv-213424.ifiesta.net:80/TV-7926745948196/892281004173/221311
Willow,http://tv-213424.ifiesta.net:80/TV-7926745948196/892281004173/221327
Willow Xtra,http://tv-213424.ifiesta.net:80/TV-7926745948196/892281004173/221328
Women's Sports Network,http://tv-213424.ifiesta.net:80/TV-7926745948196/892281004173/221331
World Poker Tour,http://tv-213424.ifiesta.net:80/TV-7926745948196/892281004173/221377
WWE Network,http://tv-213424.ifiesta.net:80/TV-7926745948196/892281004173/221288
WWE Network (Multi-Audio),http://tv-213424.ifiesta.net:80/TV-7926745948196/892281004173/221265
Yes Network,http://tv-213424.ifiesta.net:80/TV-7926745948196/892281004173/221312
YES2 Overflow,http://tv-213424.ifiesta.net:80/TV-7926745948196/892281004173/221313
BET Jams,http://tv-213424.ifiesta.net:80/TV-7926745948196/892281004173/221168
BET Jams,http://tv-213424.ifiesta.net:80/TV-7926745948196/892281004173/221171
BET Soul,http://tv-213424.ifiesta.net:80/TV-7926745948196/892281004173/221170
BET Soul,http://tv-213424.ifiesta.net:80/TV-7926745948196/892281004173/221169
CMT,http://tv-213424.ifiesta.net:80/TV-7926745948196/892281004173/221179
CMT Music,http://tv-213424.ifiesta.net:80/TV-7926745948196/892281004173/221178
MTV Classic East,http://tv-213424.ifiesta.net:80/TV-7926745948196/892281004173/221172
MTV Classic West,http://tv-213424.ifiesta.net:80/TV-7926745948196/892281004173/221173
MTV Live,http://tv-213424.ifiesta.net:80/TV-7926745948196/892281004173/221174
MTV Tr3s East,http://tv-213424.ifiesta.net:80/TV-7926745948196/892281004173/221176
MTV Tr3s West,http://tv-213424.ifiesta.net:80/TV-7926745948196/892281004173/221177
Music Choice 70s,http://tv-213424.ifiesta.net:80/TV-7926745948196/892281004173/221108
Music Choice 80s,http://tv-213424.ifiesta.net:80/TV-7926745948196/892281004173/221106
Music Choice 90s,http://tv-213424.ifiesta.net:80/TV-7926745948196/892281004173/221107
Music Choice Adult Alternative,http://tv-213424.ifiesta.net:80/TV-7926745948196/892281004173/221109
Music Choice Alternative,http://tv-213424.ifiesta.net:80/TV-7926745948196/892281004173/221110
Music Choice Blues,http://tv-213424.ifiesta.net:80/TV-7926745948196/892281004173/221111
Music Choice Classic Country,http://tv-213424.ifiesta.net:80/TV-7926745948196/892281004173/221112
Music Choice Classic Rock,http://tv-213424.ifiesta.net:80/TV-7926745948196/892281004173/221113
Music Choice Classical Masterpieces,http://tv-213424.ifiesta.net:80/TV-7926745948196/892281004173/221114
Music Choice Contemporary Christian,http://tv-213424.ifiesta.net:80/TV-7926745948196/892281004173/221115
Music Choice Country Hits,http://tv-213424.ifiesta.net:80/TV-7926745948196/892281004173/221116
Music Choice Dance/EDM,http://tv-213424.ifiesta.net:80/TV-7926745948196/892281004173/221117
Music Choice Easy Listening,http://tv-213424.ifiesta.net:80/TV-7926745948196/892281004173/221153
Music Choice Gospel,http://tv-213424.ifiesta.net:80/TV-7926745948196/892281004173/221118
Music Choice Hip-Hop and R&B,http://tv-213424.ifiesta.net:80/TV-7926745948196/892281004173/221148
Music Choice Hip-Hop Classics,http://tv-213424.ifiesta.net:80/TV-7926745948196/892281004173/221119
Music Choice Hit List,http://tv-213424.ifiesta.net:80/TV-7926745948196/892281004173/221120
Music Choice Indie,http://tv-213424.ifiesta.net:80/TV-7926745948196/892281004173/221121
Music Choice Jazz,http://tv-213424.ifiesta.net:80/TV-7926745948196/892281004173/221122
Music Choice Kids Only!,http://tv-213424.ifiesta.net:80/TV-7926745948196/892281004173/221154
Music Choice Kidz Only!,http://tv-213424.ifiesta.net:80/TV-7926745948196/892281004173/221123
Music Choice Light Classical,http://tv-213424.ifiesta.net:80/TV-7926745948196/892281004173/221124
Music Choice Love Songs,http://tv-213424.ifiesta.net:80/TV-7926745948196/892281004173/221125
Music Choice Max,http://tv-213424.ifiesta.net:80/TV-7926745948196/892281004173/221128
Music Choice Max,http://tv-213424.ifiesta.net:80/TV-7926745948196/892281004173/221149
Music Choice Metal,http://tv-213424.ifiesta.net:80/TV-7926745948196/892281004173/221126
Music Choice Mexicana,http://tv-213424.ifiesta.net:80/TV-7926745948196/892281004173/221127
Music Choice Music Urbana,http://tv-213424.ifiesta.net:80/TV-7926745948196/892281004173/221129
Music Choice Musica Urbana,http://tv-213424.ifiesta.net:80/TV-7926745948196/892281004173/221155
Music Choice Party Favorites,http://tv-213424.ifiesta.net:80/TV-7926745948196/892281004173/221130
Music Choice Pop & Country,http://tv-213424.ifiesta.net:80/TV-7926745948196/892281004173/221156
Music Choice Pop Country,http://tv-213424.ifiesta.net:80/TV-7926745948196/892281004173/221131
Music Choice Pop Hits,http://tv-213424.ifiesta.net:80/TV-7926745948196/892281004173/221132
Music Choice Pop Latino,http://tv-213424.ifiesta.net:80/TV-7926745948196/892281004173/221133
Music Choice R&B Classics,http://tv-213424.ifiesta.net:80/TV-7926745948196/892281004173/221134
Music Choice R&B Soul,http://tv-213424.ifiesta.net:80/TV-7926745948196/892281004173/221150
Music Choice Rap,http://tv-213424.ifiesta.net:80/TV-7926745948196/892281004173/221135
Music Choice Reggae,http://tv-213424.ifiesta.net:80/TV-7926745948196/892281004173/221136
Music Choice Rock,http://tv-213424.ifiesta.net:80/TV-7926745948196/892281004173/221151
Music Choice Rock Hits,http://tv-213424.ifiesta.net:80/TV-7926745948196/892281004173/221137
Music Choice Romance,http://tv-213424.ifiesta.net:80/TV-7926745948196/892281004173/221157
Music Choice Romances,http://tv-213424.ifiesta.net:80/TV-7926745948196/892281004173/221138
Music Choice Seasons,http://tv-213424.ifiesta.net:80/TV-7926745948196/892281004173/221158
Music Choice Singers & Swing,http://tv-213424.ifiesta.net:80/TV-7926745948196/892281004173/221139
Music Choice Smooth Jazz,http://tv-213424.ifiesta.net:80/TV-7926745948196/892281004173/221140
Music Choice Soft Rock,http://tv-213424.ifiesta.net:80/TV-7926745948196/892281004173/221141
Music Choice Solid Gold Oldies,http://tv-213424.ifiesta.net:80/TV-7926745948196/892281004173/221142
Music Choice Solid Old Goldies,http://tv-213424.ifiesta.net:80/TV-7926745948196/892281004173/221159
Music Choice Sounds of The Seasons,http://tv-213424.ifiesta.net:80/TV-7926745948196/892281004173/221175
Music Choice Soundscapes,http://tv-213424.ifiesta.net:80/TV-7926745948196/892281004173/221160
Music Choice Stage & Screen,http://tv-213424.ifiesta.net:80/TV-7926745948196/892281004173/221143
Music Choice Teen Beats,http://tv-213424.ifiesta.net:80/TV-7926745948196/892281004173/221152
Music Choice Throwback Jamz,http://tv-213424.ifiesta.net:80/TV-7926745948196/892281004173/221144
Music Choice Todays Country,http://tv-213424.ifiesta.net:80/TV-7926745948196/892281004173/221145
Music Choice Toddler Tunes,http://tv-213424.ifiesta.net:80/TV-7926745948196/892281004173/221146
Music Choice Tropicales,http://tv-213424.ifiesta.net:80/TV-7926745948196/892281004173/221147
Music Choice Y2K,http://tv-213424.ifiesta.net:80/TV-7926745948196/892281004173/221161
Music Todays Country,http://tv-213424.ifiesta.net:80/TV-7926745948196/892281004173/221162
Stingray Alternative,http://tv-213424.ifiesta.net:80/TV-7926745948196/892281004173/221180
Stingray Classic Rock,http://tv-213424.ifiesta.net:80/TV-7926745948196/892281004173/221181
Stingray Flashback 70s,http://tv-213424.ifiesta.net:80/TV-7926745948196/892281004173/221182
Stingray Hot Country,http://tv-213424.ifiesta.net:80/TV-7926745948196/892281004173/221183
Stingray Hot County,http://tv-213424.ifiesta.net:80/TV-7926745948196/892281004173/221184
Stingray Karaoke,http://tv-213424.ifiesta.net:80/TV-7926745948196/892281004173/221185
Stingray Latin Pop,http://tv-213424.ifiesta.net:80/TV-7926745948196/892281004173/221186
Stingray Nature Escape,http://tv-213424.ifiesta.net:80/TV-7926745948196/892281004173/221187
Stingray Naturescape,http://tv-213424.ifiesta.net:80/TV-7926745948196/892281004173/221188
Stingray Pop Adult,http://tv-213424.ifiesta.net:80/TV-7926745948196/892281004173/221189
Stingray Quello,http://tv-213424.ifiesta.net:80/TV-7926745948196/892281004173/221190
Stingray Remember The 80s,http://tv-213424.ifiesta.net:80/TV-7926745948196/892281004173/221192
Stingray Remember the '80s,http://tv-213424.ifiesta.net:80/TV-7926745948196/892281004173/221191
Vevo '70s,http://tv-213424.ifiesta.net:80/TV-7926745948196/892281004173/221193
Vevo '80s,http://tv-213424.ifiesta.net:80/TV-7926745948196/892281004173/221194
Vevo Country,http://tv-213424.ifiesta.net:80/TV-7926745948196/892281004173/221196
Vevo Hip-Hop,http://tv-213424.ifiesta.net:80/TV-7926745948196/892281004173/221163
Vevo Latino,http://tv-213424.ifiesta.net:80/TV-7926745948196/892281004173/221164
Vevo Pop,http://tv-213424.ifiesta.net:80/TV-7926745948196/892281004173/221165
Vevo R&B,http://tv-213424.ifiesta.net:80/TV-7926745948196/892281004173/221166
Vevo Reggaeton & Trap,http://tv-213424.ifiesta.net:80/TV-7926745948196/892281004173/221198
WMX Hip Hop,http://tv-213424.ifiesta.net:80/TV-7926745948196/892281004173/221197
WMX Pop,http://tv-213424.ifiesta.net:80/TV-7926745948196/892281004173/221167
WMX Rock,http://tv-213424.ifiesta.net:80/TV-7926745948196/892281004173/221195
Now Astro Cricket,http://tv-213424.ifiesta.net:80/TV-7926745948196/892281004173/199998
Now beIN Sports 1 F,http://tv-213424.ifiesta.net:80/TV-7926745948196/892281004173/199989
Now beIN Sports 2 F,http://tv-213424.ifiesta.net:80/TV-7926745948196/892281004173/199990
Now beIN Sports 3 F,http://tv-213424.ifiesta.net:80/TV-7926745948196/892281004173/199991
Now beIN Sports 4 F,http://tv-213424.ifiesta.net:80/TV-7926745948196/892281004173/199992
Now beIN Sports 5 F,http://tv-213424.ifiesta.net:80/TV-7926745948196/892281004173/199993
Now beIN Sports 6 F,http://tv-213424.ifiesta.net:80/TV-7926745948196/892281004173/199994
Now Fight Sports,http://tv-213424.ifiesta.net:80/TV-7926745948196/892281004173/199995
Now MUTV,http://tv-213424.ifiesta.net:80/TV-7926745948196/892281004173/200003
Now Sports 4K 1 U,http://tv-213424.ifiesta.net:80/TV-7926745948196/892281004173/199971
Now Sports 4K 2 U,http://tv-213424.ifiesta.net:80/TV-7926745948196/892281004173/199972
Now Sports 4K 3 U,http://tv-213424.ifiesta.net:80/TV-7926745948196/892281004173/199973
Now Sports 681 F,http://tv-213424.ifiesta.net:80/TV-7926745948196/892281004173/200000
Now Sports Plus F,http://tv-213424.ifiesta.net:80/TV-7926745948196/892281004173/199999
Now Sports Premier League TV,http://tv-213424.ifiesta.net:80/TV-7926745948196/892281004173/199974
Now Sports Premier League 1 F,http://tv-213424.ifiesta.net:80/TV-7926745948196/892281004173/199975
Now Sports Premier League 2 F,http://tv-213424.ifiesta.net:80/TV-7926745948196/892281004173/199976
Now Sports Premier League 3 F,http://tv-213424.ifiesta.net:80/TV-7926745948196/892281004173/199977
Now Sports Premier League 4 F,http://tv-213424.ifiesta.net:80/TV-7926745948196/892281004173/199978
Now Sports Premier League 5 F,http://tv-213424.ifiesta.net:80/TV-7926745948196/892281004173/199979
Now Sports Premier League 6 F,http://tv-213424.ifiesta.net:80/TV-7926745948196/892281004173/199980
Now SPOTV F,http://tv-213424.ifiesta.net:80/TV-7926745948196/892281004173/199996
Now SPOTV 2 F,http://tv-213424.ifiesta.net:80/TV-7926745948196/892281004173/199997
Hub Premier 1 F,http://tv-213424.ifiesta.net:80/TV-7926745948196/892281004173/14558
Hub Premier 2 F,http://tv-213424.ifiesta.net:80/TV-7926745948196/892281004173/14557
Hub Premier 3 F,http://tv-213424.ifiesta.net:80/TV-7926745948196/892281004173/14556
Hub Premier 4 F,http://tv-213424.ifiesta.net:80/TV-7926745948196/892281004173/14555
Hub Premier 5 F,http://tv-213424.ifiesta.net:80/TV-7926745948196/892281004173/14554
Hub Premier 6 F,http://tv-213424.ifiesta.net:80/TV-7926745948196/892281004173/14553
Hub Premier 7 F,http://tv-213424.ifiesta.net:80/TV-7926745948196/892281004173/14552
Hub Premier 8 F,http://tv-213424.ifiesta.net:80/TV-7926745948196/892281004173/14551
Hub Premier 9 F,http://tv-213424.ifiesta.net:80/TV-7926745948196/892281004173/14550
Hub Premier 10 F,http://tv-213424.ifiesta.net:80/TV-7926745948196/892281004173/14549
Hub Premier 11 F,http://tv-213424.ifiesta.net:80/TV-7926745948196/892281004173/14548
广西影视,http://107.150.60.122/live/gxys.m3u8
广西综艺旅游,http://107.150.60.122/live/gxzy.m3u8
广西都市,http://107.150.60.122/live/gxds.m3u8
吉林综艺文化,http://107.150.60.122/live/jlfz.m3u8
新疆汉语影视,http://107.150.60.122/live/xjtv6.m3u8
新疆汉语体育健康,http://107.150.60.122/live/xjtv7.m3u8
成龙电影,http://107.150.60.122/live/lbcl.m3u8
周润发电影,http://107.150.60.122/live/lbzrf.m3u8
周星驰电影,http://107.150.60.122/live/lbzxc.m3u8
林正英影院,http://107.150.60.122/live/lblzy.m3u8
天威TVG,http://116.77.33.98:44330/tsfile/live/1002_1.m3u8?key=txiptv&playlive=0&authid=0
旅游卫视,http://116.77.33.98:44330/tsfile/live/0114_1.m3u8?key=txiptv&playlive=0&authid=0
钱江,http://124.90.45.52:9901/tsfile/live/1007_1.m3u8?key=txiptv&playlive=1&authid=0
民生休闲,http://124.90.45.52:9901/tsfile/live/1010_1.m3u8?key=txiptv&playlive=1&authid=0
杭州TV1,http://124.90.45.52:9901/tsfile/live/1000_1.m3u8?key=txiptv&playlive=1&authid=0
CCTB高尔夫网球,http://63.141.230.178:82/gslb/zbdq5.m3u8?id=gefwq
广东4K超,http://63.141.230.178:82/gslb/zbdq5.m3u8?id=gdtvs3
广西都市,http://63.141.230.178:82/gslb/zbdq5.m3u8?id=gxds
广西移动,http://63.141.230.178:82/gslb/zbdq5.m3u8?id=gxyd
广西影视,http://63.141.230.178:82/gslb/zbdq5.m3u8?id=gxys
广西综艺旅游,http://63.141.230.178:82/gslb/zbdq5.m3u8?id=gxzy
福建教育,http://63.141.230.178:82/gslb/zbdq5.m3u8?id=fjjy
北京纪实科教,http://63.141.230.178:82/gslb/zbdq5.m3u8?id=btv3
国学,http://63.141.230.178:82/gslb/zbdq5.m3u8?id=gxpd
重庆文体娱乐,http://63.141.230.178:82/gslb/zbdq5.m3u8?id=cqyl
重庆社会与法,http://63.141.230.178:82/gslb/zbdq5.m3u8?id=cqds
重庆新农村,http://63.141.230.178:82/gslb/zbdq5.m3u8?id=cqgg
重庆重广融媒,http://63.141.230.178:82/gslb/zbdq5.m3u8?id=cqjc
重庆红叶,http://63.141.230.178:82/gslb/zbdq5.m3u8?id=cqkj
重庆少儿,http://63.141.230.178:82/gslb/zbdq5.m3u8?id=cqse
重庆红岩文化,http://63.141.230.178:82/gslb/zbdq5.m3u8?id=cqss
重庆影视剧,http://63.141.230.178:82/gslb/zbdq5.m3u8?id=cqys
青岛新闻综合,http://63.141.230.178:82/gslb/zbdq5.m3u8?id=sdqdtv1
青岛生活服务,http://63.141.230.178:82/gslb/zbdq5.m3u8?id=sdqdtv2
青岛影视,http://63.141.230.178:82/gslb/zbdq5.m3u8?id=sdqdtv3
青岛休闲资讯,http://63.141.230.178:82/gslb/zbdq5.m3u8?id=sdqdtv4
青岛都市,http://63.141.230.178:82/gslb/zbdq5.m3u8?id=sdqdtv5
天津教育,http://63.141.230.178:82/gslb/zbdq5.m3u8?id=tjtv6
成龙电影,http://63.141.230.178:82/gslb/zbdq5.m3u8?id=lbcl
周润发电影,http://63.141.230.178:82/gslb/zbdq5.m3u8?id=lbzrf
周星驰电影,http://63.141.230.178:82/gslb/zbdq5.m3u8?id=lbzxc
林正英影院,http://63.141.230.178:82/gslb/zbdq5.m3u8?id=lblzy
邵氏电影,http://63.141.230.178:82/gslb/zbdq5.m3u8?id=lbssdy
邵氏武侠,http://63.141.230.178:82/gslb/zbdq5.m3u8?id=lbsswx
邵氏动作,http://63.141.230.178:82/gslb/zbdq5.m3u8?id=lbssdz
邵氏喜剧,http://63.141.230.178:82/gslb/zbdq5.m3u8?id=lbssxj
公共新闻,http://2280.eu.org:1234/626064693
盐城新闻综合,http://2280.eu.org:1234/639731825
泰州新闻综合,http://2280.eu.org:1234/639731818
宿迁新闻综合,http://2280.eu.org:1234/639731832
徐州新闻综合,http://2280.eu.org:1234/639731747
江阴新闻综合,http://2280.eu.org:1234/955227979
宜兴新闻综合,http://2280.eu.org:1234/955227996
陕西银龄,http://2280.eu.org:1234/956909362
陕西秦腔,http://2280.eu.org:1234/956909303
辽宁广播电视台公共,http://2280.eu.org:1234/962045223
辽宁广播电视台生活,http://2280.eu.org:1234/962045226
辽宁广播电视台影视剧,http://2280.eu.org:1234/962067517
宁夏广播电视台文旅,http://2280.eu.org:1234/962067523
宁夏广播电视台经济,http://2280.eu.org:1234/962067520
辽宁广播电视台体育休闲,http://2280.eu.org:1234/962067526
赛事最经典,http://2280.eu.org:1234/646596895
经典香港电影,http://2280.eu.org:1234/625703337
抗战经典影片,http://2280.eu.org:1234/617432318
新片放映厅,http://2280.eu.org:1234/619495952
和美乡途轮播,http://2280.eu.org:1234/713591450
南方影视,http://2280.eu.org:1234/614961829
最强综艺趴,http://2280.eu.org:1234/629942228
新动力量创一流,http://2280.eu.org:1234/713589837
中华特产,http://2280.eu.org:1234/959986618
经典动画大集合,http://2280.eu.org:1234/629942219
ABC 7 KABC,http://sanlix.xyz/live/WJ74AC4SRKQQYR7/pahruAQRs8/213872.ts
CBS 2 KCBS,http://sanlix.xyz/live/WJ74AC4SRKQQYR7/pahruAQRs8/213933.ts
CBS 9 KCAL,http://sanlix.xyz/live/WJ74AC4SRKQQYR7/pahruAQRs8/213994.ts
CBSN LOS ANGELES,http://sanlix.xyz/live/WJ74AC4SRKQQYR7/pahruAQRs8/1032473.ts
FOX 11 KTTV,http://sanlix.xyz/live/WJ74AC4SRKQQYR7/pahruAQRs8/214418.ts
KTLA 5,http://sanlix.xyz/live/WJ74AC4SRKQQYR7/pahruAQRs8/1321712.ts
KTLA,http://sanlix.xyz/live/WJ74AC4SRKQQYR7/pahruAQRs8/30435.ts
SPECTRUM NEWS 1 SO CAL,http://sanlix.xyz/live/WJ74AC4SRKQQYR7/pahruAQRs8/1284290.ts
7 NEWS BOSTON (WHDH),http://sanlix.xyz/live/WJ74AC4SRKQQYR7/pahruAQRs8/910812.ts
ABC 13 HOUSTON,http://sanlix.xyz/live/WJ74AC4SRKQQYR7/pahruAQRs8/71638.ts
ABC NEWS,http://sanlix.xyz/live/WJ74AC4SRKQQYR7/pahruAQRs8/248840.ts
ACCU WEATHER U,http://sanlix.xyz/live/WJ74AC4SRKQQYR7/pahruAQRs8/71503.ts
BBC WORLD NEWS U,http://sanlix.xyz/live/WJ74AC4SRKQQYR7/pahruAQRs8/71484.ts
BBC NEWS F,http://sanlix.xyz/live/WJ74AC4SRKQQYR7/pahruAQRs8/1382478.ts
BEK SPORTS NEWS,http://sanlix.xyz/live/WJ74AC4SRKQQYR7/pahruAQRs8/1032478.ts
BLAZE TV,http://sanlix.xyz/live/WJ74AC4SRKQQYR7/pahruAQRs8/1088233.ts
BLOOMBERG+ U,http://sanlix.xyz/live/WJ74AC4SRKQQYR7/pahruAQRs8/271345.ts
BLOOMBERG TV+ F,http://sanlix.xyz/live/WJ74AC4SRKQQYR7/pahruAQRs8/792246.ts
BLOOMBERG,http://sanlix.xyz/live/WJ74AC4SRKQQYR7/pahruAQRs8/71498.ts
C-SPAN,http://sanlix.xyz/live/WJ74AC4SRKQQYR7/pahruAQRs8/71506.ts
C-SPAN 2,http://sanlix.xyz/live/WJ74AC4SRKQQYR7/pahruAQRs8/71507.ts
C-SPAN 3,http://sanlix.xyz/live/WJ74AC4SRKQQYR7/pahruAQRs8/1298269.ts
CBSN BAY AREA,http://sanlix.xyz/live/WJ74AC4SRKQQYR7/pahruAQRs8/1032468.ts
CBSN BOSTON,http://sanlix.xyz/live/WJ74AC4SRKQQYR7/pahruAQRs8/1032469.ts
CBSN CHICAGO,http://sanlix.xyz/live/WJ74AC4SRKQQYR7/pahruAQRs8/1032470.ts
CBSN DALLAS,http://sanlix.xyz/live/WJ74AC4SRKQQYR7/pahruAQRs8/1032471.ts
CBSN DENVER,http://sanlix.xyz/live/WJ74AC4SRKQQYR7/pahruAQRs8/1032472.ts
CBSN MINNESOTA,http://sanlix.xyz/live/WJ74AC4SRKQQYR7/pahruAQRs8/1032474.ts
CBSN NEW YORK,http://sanlix.xyz/live/WJ74AC4SRKQQYR7/pahruAQRs8/1032475.ts
CBSN PHILADELPHIA,http://sanlix.xyz/live/WJ74AC4SRKQQYR7/pahruAQRs8/1032476.ts
CBSN PITTSBURGH,http://sanlix.xyz/live/WJ74AC4SRKQQYR7/pahruAQRs8/1032477.ts
CBS NEWS BOSTON,http://sanlix.xyz/live/WJ74AC4SRKQQYR7/pahruAQRs8/364778.ts
CBS NEWS DETROIT F,http://sanlix.xyz/live/WJ74AC4SRKQQYR7/pahruAQRs8/364781.ts
CBS 11 HOUSTON,http://sanlix.xyz/live/WJ74AC4SRKQQYR7/pahruAQRs8/71672.ts
CHEDDAR BUSINESS F,http://sanlix.xyz/live/WJ74AC4SRKQQYR7/pahruAQRs8/71499.ts
CHICAGO NEWS,http://sanlix.xyz/live/WJ74AC4SRKQQYR7/pahruAQRs8/1063018.ts
CNBC,http://sanlix.xyz/live/WJ74AC4SRKQQYR7/pahruAQRs8/71485.ts
CNBC WORLD,http://sanlix.xyz/live/WJ74AC4SRKQQYR7/pahruAQRs8/71492.ts
CNN UHD+,http://sanlix.xyz/live/WJ74AC4SRKQQYR7/pahruAQRs8/76564.ts
CNN U,http://sanlix.xyz/live/WJ74AC4SRKQQYR7/pahruAQRs8/71493.ts
CNN,http://sanlix.xyz/live/WJ74AC4SRKQQYR7/pahruAQRs8/72329.ts
CNN INTERNATIONAL,http://sanlix.xyz/live/WJ74AC4SRKQQYR7/pahruAQRs8/71486.ts
DEFIANCE,http://sanlix.xyz/live/WJ74AC4SRKQQYR7/pahruAQRs8/277136.ts
ESTRELLA NEWS F,http://sanlix.xyz/live/WJ74AC4SRKQQYR7/pahruAQRs8/792250.ts
FOX 26 HOUSTON,http://sanlix.xyz/live/WJ74AC4SRKQQYR7/pahruAQRs8/71620.ts
FOX BUSINESS NETWORK,http://sanlix.xyz/live/WJ74AC4SRKQQYR7/pahruAQRs8/71494.ts
FOX NEWS LIVE NOW,http://sanlix.xyz/live/WJ74AC4SRKQQYR7/pahruAQRs8/957038.ts
FOX NEWS CHANNEL,http://sanlix.xyz/live/WJ74AC4SRKQQYR7/pahruAQRs8/71487.ts
FOX NEWS CHANNEL [BK],http://sanlix.xyz/live/WJ74AC4SRKQQYR7/pahruAQRs8/1084575.ts
FOX WEATHER,http://sanlix.xyz/live/WJ74AC4SRKQQYR7/pahruAQRs8/521134.ts
FREE SPEECH,http://sanlix.xyz/live/WJ74AC4SRKQQYR7/pahruAQRs8/657920.ts
HLN,http://sanlix.xyz/live/WJ74AC4SRKQQYR7/pahruAQRs8/71367.ts
I24 NEWS,http://sanlix.xyz/live/WJ74AC4SRKQQYR7/pahruAQRs8/906943.ts
INFOWARS,http://sanlix.xyz/live/WJ74AC4SRKQQYR7/pahruAQRs8/1086616.ts
MS NOW,http://sanlix.xyz/live/WJ74AC4SRKQQYR7/pahruAQRs8/71491.ts
MS NOW HD [BK],http://sanlix.xyz/live/WJ74AC4SRKQQYR7/pahruAQRs8/1383250.ts
NBC NEWS NOW U,http://sanlix.xyz/live/WJ74AC4SRKQQYR7/pahruAQRs8/232800.ts
NBC 2 HOUSTON TX,http://sanlix.xyz/live/WJ74AC4SRKQQYR7/pahruAQRs8/71585.ts
NBC CHICAGO NEWS,http://sanlix.xyz/live/WJ74AC4SRKQQYR7/pahruAQRs8/1063020.ts
NBC DATELINE,http://sanlix.xyz/live/WJ74AC4SRKQQYR7/pahruAQRs8/1281001.ts
NBC LOS ANGELES NEWS,http://sanlix.xyz/live/WJ74AC4SRKQQYR7/pahruAQRs8/1063022.ts
NBC LOS ANGLES NEWS,http://sanlix.xyz/live/WJ74AC4SRKQQYR7/pahruAQRs8/1063014.ts
NBC PHILADELPHIA NEWS,http://sanlix.xyz/live/WJ74AC4SRKQQYR7/pahruAQRs8/1063024.ts
NBC PHILEDELPHIA NEWS,http://sanlix.xyz/live/WJ74AC4SRKQQYR7/pahruAQRs8/1063015.ts
NBC WASHINGTON DC NEWS,http://sanlix.xyz/live/WJ74AC4SRKQQYR7/pahruAQRs8/1063025.ts
NBC LX,http://sanlix.xyz/live/WJ74AC4SRKQQYR7/pahruAQRs8/275009.ts
NE CABLE NEWS,http://sanlix.xyz/live/WJ74AC4SRKQQYR7/pahruAQRs8/71501.ts
NEWS 12 LONG ISLAND U,http://sanlix.xyz/live/WJ74AC4SRKQQYR7/pahruAQRs8/181244.ts
NEWS 12 HUDSON VALLEY F,http://sanlix.xyz/live/WJ74AC4SRKQQYR7/pahruAQRs8/1301743.ts
NEWS 12 BROOKLYN,http://sanlix.xyz/live/WJ74AC4SRKQQYR7/pahruAQRs8/267018.ts
NEWS 12 CONNECTICUT,http://sanlix.xyz/live/WJ74AC4SRKQQYR7/pahruAQRs8/276944.ts
NEWS 12 THE BRONX,http://sanlix.xyz/live/WJ74AC4SRKQQYR7/pahruAQRs8/332937.ts
NEWS 12 WESTCHESTER,http://sanlix.xyz/live/WJ74AC4SRKQQYR7/pahruAQRs8/181243.ts
NEWS 9 SAN DIEGO (KUSI),http://sanlix.xyz/live/WJ74AC4SRKQQYR7/pahruAQRs8/1345058.ts
NEWS 25 BOSTON,http://sanlix.xyz/live/WJ74AC4SRKQQYR7/pahruAQRs8/214461.ts
NEWS 69 PHILADELPHIA (WFMZ) SD,http://sanlix.xyz/live/WJ74AC4SRKQQYR7/pahruAQRs8/767859.ts
NEW JERSEY NEWS 12,http://sanlix.xyz/live/WJ74AC4SRKQQYR7/pahruAQRs8/1011739.ts
NEWSMAX TV,http://sanlix.xyz/live/WJ74AC4SRKQQYR7/pahruAQRs8/169717.ts
NEWSNATION,http://sanlix.xyz/live/WJ74AC4SRKQQYR7/pahruAQRs8/332166.ts
ONE AMERICA NEWS NETWORK,http://sanlix.xyz/live/WJ74AC4SRKQQYR7/pahruAQRs8/71483.ts
PIX11 (WPIX) NEW YORK,http://sanlix.xyz/live/WJ74AC4SRKQQYR7/pahruAQRs8/984840.ts
REAL AMERICA'S VOICE F,http://sanlix.xyz/live/WJ74AC4SRKQQYR7/pahruAQRs8/1282170.ts
RT NEWS AMERICA,http://sanlix.xyz/live/WJ74AC4SRKQQYR7/pahruAQRs8/773812.ts
SCRIPPS NEWS F,http://sanlix.xyz/live/WJ74AC4SRKQQYR7/pahruAQRs8/792253.ts
SPECTRUM NEWS 13,http://sanlix.xyz/live/WJ74AC4SRKQQYR7/pahruAQRs8/974332.ts
SPECTRUM NEWS NY1,http://sanlix.xyz/live/WJ74AC4SRKQQYR7/pahruAQRs8/1200218.ts
THE FIRST TV F,http://sanlix.xyz/live/WJ74AC4SRKQQYR7/pahruAQRs8/1403615.ts
THE WEATHER CHANNEL,http://sanlix.xyz/live/WJ74AC4SRKQQYR7/pahruAQRs8/71504.ts
THE SPOT 66 (WXPX) TAMPA,http://sanlix.xyz/live/WJ74AC4SRKQQYR7/pahruAQRs8/1379606.ts
TYT NETWORK,http://sanlix.xyz/live/WJ74AC4SRKQQYR7/pahruAQRs8/1032479.ts
UNIVISION 45 HOUSTON TX,http://sanlix.xyz/live/WJ74AC4SRKQQYR7/pahruAQRs8/271349.ts
VEGAS34 (KMCC) LAS VEGAS,http://sanlix.xyz/live/WJ74AC4SRKQQYR7/pahruAQRs8/1408604.ts
WEATHER NATION,http://sanlix.xyz/live/WJ74AC4SRKQQYR7/pahruAQRs8/71489.ts
WGN 9 CHICAGO,http://sanlix.xyz/live/WJ74AC4SRKQQYR7/pahruAQRs8/330207.ts
WSVN7 MIAMI,http://sanlix.xyz/live/WJ74AC4SRKQQYR7/pahruAQRs8/1172727.ts
WPIX 11 New York,http://sanlix.xyz/live/WJ74AC4SRKQQYR7/pahruAQRs8/984812.ts
SPECTRUM,http://sanlix.xyz/live/WJ74AC4SRKQQYR7/pahruAQRs8/1284260.ts
SPECTRUM XCAST,http://sanlix.xyz/live/WJ74AC4SRKQQYR7/pahruAQRs8/1284319.ts
SPECTRUM XCAST 2,http://sanlix.xyz/live/WJ74AC4SRKQQYR7/pahruAQRs8/1284318.ts
SPECTRUM XCAST 3,http://sanlix.xyz/live/WJ74AC4SRKQQYR7/pahruAQRs8/1284320.ts
SPECTRUM DEPORTES LA,http://sanlix.xyz/live/WJ74AC4SRKQQYR7/pahruAQRs8/1284261.ts
SPECTRUM LOCAL 77,http://sanlix.xyz/live/WJ74AC4SRKQQYR7/pahruAQRs8/1284262.ts
SPECTRUM NEWS - (NEW YORK) ROCHESTER,http://sanlix.xyz/live/WJ74AC4SRKQQYR7/pahruAQRs8/1284266.ts
SPECTRUM NEWS - ALBANY CAPITAL REGION,http://sanlix.xyz/live/WJ74AC4SRKQQYR7/pahruAQRs8/1284267.ts
SPECTRUM NEWS - AUSTIN,http://sanlix.xyz/live/WJ74AC4SRKQQYR7/pahruAQRs8/1284268.ts
SPECTRUM NEWS - HUDSON VALLEY,http://sanlix.xyz/live/WJ74AC4SRKQQYR7/pahruAQRs8/1284269.ts
SPECTRUM NEWS - NY1,http://sanlix.xyz/live/WJ74AC4SRKQQYR7/pahruAQRs8/1284270.ts
SPECTRUM NEWS 1 ALBANY,http://sanlix.xyz/live/WJ74AC4SRKQQYR7/pahruAQRs8/1284291.ts
SPECTRUM NEWS 1 BUFFALO,http://sanlix.xyz/live/WJ74AC4SRKQQYR7/pahruAQRs8/1284292.ts
SPECTRUM NEWS 1 CAROLINAS MOUNTAIN,http://sanlix.xyz/live/WJ74AC4SRKQQYR7/pahruAQRs8/1284293.ts
SPECTRUM NEWS 1 CHARLOTTE,http://sanlix.xyz/live/WJ74AC4SRKQQYR7/pahruAQRs8/1284272.ts
SPECTRUM NEWS 1 CHARLOTTE,http://sanlix.xyz/live/WJ74AC4SRKQQYR7/pahruAQRs8/1284294.ts
SPECTRUM NEWS 1 CINCINNATI,http://sanlix.xyz/live/WJ74AC4SRKQQYR7/pahruAQRs8/1284283.ts
SPECTRUM NEWS 1 CLEVELAND/AKRON,http://sanlix.xyz/live/WJ74AC4SRKQQYR7/pahruAQRs8/1284284.ts
SPECTRUM NEWS 1 COASTAL,http://sanlix.xyz/live/WJ74AC4SRKQQYR7/pahruAQRs8/1284273.ts
SPECTRUM NEWS 1 COLUMBUS,http://sanlix.xyz/live/WJ74AC4SRKQQYR7/pahruAQRs8/1284285.ts
SPECTRUM NEWS 1 COVINGTON,http://sanlix.xyz/live/WJ74AC4SRKQQYR7/pahruAQRs8/1284277.ts
SPECTRUM NEWS 1 DALLAS,http://sanlix.xyz/live/WJ74AC4SRKQQYR7/pahruAQRs8/1284276.ts
SPECTRUM NEWS 1 DALLAS,http://sanlix.xyz/live/WJ74AC4SRKQQYR7/pahruAQRs8/1284295.ts
SPECTRUM NEWS 1 DALLAS -FT WORTH,http://sanlix.xyz/live/WJ74AC4SRKQQYR7/pahruAQRs8/1284286.ts
SPECTRUM NEWS 1 DAYTON,http://sanlix.xyz/live/WJ74AC4SRKQQYR7/pahruAQRs8/1284287.ts
SPECTRUM NEWS 1 EL PASO,http://sanlix.xyz/live/WJ74AC4SRKQQYR7/pahruAQRs8/1284296.ts
SPECTRUM NEWS 1 EL PASO TEXAS,http://sanlix.xyz/live/WJ74AC4SRKQQYR7/pahruAQRs8/1284288.ts
SPECTRUM NEWS 1 EVANSVILLE,http://sanlix.xyz/live/WJ74AC4SRKQQYR7/pahruAQRs8/1284278.ts
SPECTRUM NEWS 1 HUDSON VALLEY,http://sanlix.xyz/live/WJ74AC4SRKQQYR7/pahruAQRs8/1284297.ts
SPECTRUM NEWS 1 KANSAS CITY,http://sanlix.xyz/live/WJ74AC4SRKQQYR7/pahruAQRs8/1284289.ts
SPECTRUM NEWS 1 KANSAS CITY,http://sanlix.xyz/live/WJ74AC4SRKQQYR7/pahruAQRs8/1284298.ts
SPECTRUM NEWS 1 LEXINGTON,http://sanlix.xyz/live/WJ74AC4SRKQQYR7/pahruAQRs8/1284279.ts
SPECTRUM NEWS 1 LOUISVILLE,http://sanlix.xyz/live/WJ74AC4SRKQQYR7/pahruAQRs8/1284280.ts
SPECTRUM NEWS 1 MILWAUKEE,http://sanlix.xyz/live/WJ74AC4SRKQQYR7/pahruAQRs8/1284265.ts
SPECTRUM NEWS 1 MOUNTAIN,http://sanlix.xyz/live/WJ74AC4SRKQQYR7/pahruAQRs8/1284274.ts
SPECTRUM NEWS 1 OHIO,http://sanlix.xyz/live/WJ74AC4SRKQQYR7/pahruAQRs8/1284299.ts
SPECTRUM NEWS 1 PITTSFIELD,http://sanlix.xyz/live/WJ74AC4SRKQQYR7/pahruAQRs8/1284281.ts
SPECTRUM NEWS 1 PITTSFIELD,http://sanlix.xyz/live/WJ74AC4SRKQQYR7/pahruAQRs8/1284300.ts
SPECTRUM NEWS 1 RALEIGH,http://sanlix.xyz/live/WJ74AC4SRKQQYR7/pahruAQRs8/1284275.ts
SPECTRUM NEWS 1 RALEIGH,http://sanlix.xyz/live/WJ74AC4SRKQQYR7/pahruAQRs8/1284301.ts
SPECTRUM NEWS 1 ROTX,http://sanlix.xyz/live/WJ74AC4SRKQQYR7/pahruAQRs8/1284302.ts
SPECTRUM NEWS 1 SAN ANTONIO,http://sanlix.xyz/live/WJ74AC4SRKQQYR7/pahruAQRs8/1284271.ts
SPECTRUM NEWS 1 SPRINGFIELD,http://sanlix.xyz/live/WJ74AC4SRKQQYR7/pahruAQRs8/1284282.ts
SPECTRUM NEWS 1 SPRINGFIELD,http://sanlix.xyz/live/WJ74AC4SRKQQYR7/pahruAQRs8/1284303.ts
SPECTRUM NEWS 1 WILMINGTON,http://sanlix.xyz/live/WJ74AC4SRKQQYR7/pahruAQRs8/1284304.ts
SPECTRUM NEWS 1 WISCONSIN,http://sanlix.xyz/live/WJ74AC4SRKQQYR7/pahruAQRs8/1284305.ts
SPECTRUM NEWS 9 BAY,http://sanlix.xyz/live/WJ74AC4SRKQQYR7/pahruAQRs8/1370142.ts
SPECTRUM NEWS AUSTIN,http://sanlix.xyz/live/WJ74AC4SRKQQYR7/pahruAQRs8/1284306.ts
SPECTRUM NEWS MAINE,http://sanlix.xyz/live/WJ74AC4SRKQQYR7/pahruAQRs8/1284307.ts
SPECTRUM NEWS MO ST LOUIS,http://sanlix.xyz/live/WJ74AC4SRKQQYR7/pahruAQRs8/1284308.ts
SPECTRUM NEWS SAN ANTONIO,http://sanlix.xyz/live/WJ74AC4SRKQQYR7/pahruAQRs8/1284309.ts
SPECTRUM NEWS ST LOUIS,http://sanlix.xyz/live/WJ74AC4SRKQQYR7/pahruAQRs8/1284310.ts
SPECTRUM NOTICIAS NY1,http://sanlix.xyz/live/WJ74AC4SRKQQYR7/pahruAQRs8/1284311.ts
SPECTRUM RADAR,http://sanlix.xyz/live/WJ74AC4SRKQQYR7/pahruAQRs8/1284312.ts
SPECTRUM SPORTS 1,http://sanlix.xyz/live/WJ74AC4SRKQQYR7/pahruAQRs8/1284313.ts
SPECTRUM SPORTS 2,http://sanlix.xyz/live/WJ74AC4SRKQQYR7/pahruAQRs8/1284314.ts
SPECTRUM SPORTSNET LA,http://sanlix.xyz/live/WJ74AC4SRKQQYR7/pahruAQRs8/1284315.ts
SPECTRUM SURF CHANNEL,http://sanlix.xyz/live/WJ74AC4SRKQQYR7/pahruAQRs8/1284316.ts
SPECTRUM TRAFFIC ALBANY,http://sanlix.xyz/live/WJ74AC4SRKQQYR7/pahruAQRs8/1284317.ts
凤凰美洲,http://sanlix.xyz/live/WJ74AC4SRKQQYR7/pahruAQRs8/269828.ts
凤凰美洲,http://sanlix.xyz/live/WJ74AC4SRKQQYR7/pahruAQRs8/269822.ts
TVB DRAMA,http://sanlix.xyz/live/WJ74AC4SRKQQYR7/pahruAQRs8/269830.ts
NOW HK PREMIER SPORTS 1 F,http://sanlix.xyz/live/WJ74AC4SRKQQYR7/pahruAQRs8/748430.ts
NOW HK PREMIER SPORTS 2 F,http://sanlix.xyz/live/WJ74AC4SRKQQYR7/pahruAQRs8/748431.ts
NOW HK PREMIER SPORTS 3 F,http://sanlix.xyz/live/WJ74AC4SRKQQYR7/pahruAQRs8/748432.ts
NOW HK PREMIER SPORTS 4 F,http://sanlix.xyz/live/WJ74AC4SRKQQYR7/pahruAQRs8/748433.ts
NOW HK PREMIER SPORTS 5 F,http://sanlix.xyz/live/WJ74AC4SRKQQYR7/pahruAQRs8/748434.ts
NOW HK PREMIER SPORTS 6 F,http://sanlix.xyz/live/WJ74AC4SRKQQYR7/pahruAQRs8/748435.ts
NOW HK PREMIER SPORTS 7 F,http://sanlix.xyz/live/WJ74AC4SRKQQYR7/pahruAQRs8/748436.ts
NOW HK PREMIER SPORTS 8 F,http://sanlix.xyz/live/WJ74AC4SRKQQYR7/pahruAQRs8/748437.ts
CGTN-ESPANOL,http://sanlix.xyz/live/WJ74AC4SRKQQYR7/pahruAQRs8/269816.ts
BABYTV MANDARIN,http://sanlix.xyz/live/WJ74AC4SRKQQYR7/pahruAQRs8/269827.ts
CHINA MOVIE CHANNEL,http://sanlix.xyz/live/WJ74AC4SRKQQYR7/pahruAQRs8/269813.ts
GUANGDONG SOUTHERN TV SD,http://sanlix.xyz/live/WJ74AC4SRKQQYR7/pahruAQRs8/269819.ts
东方国际,http://sanlix.xyz/live/WJ74AC4SRKQQYR7/pahruAQRs8/269815.ts
长城精品,http://sanlix.xyz/live/WJ74AC4SRKQQYR7/pahruAQRs8/269821.ts
东森美洲,http://sanlix.xyz/live/WJ74AC4SRKQQYR7/pahruAQRs8/269923.ts
东森卫视,http://sanlix.xyz/live/WJ74AC4SRKQQYR7/pahruAQRs8/269926.ts
东森中国,http://sanlix.xyz/live/WJ74AC4SRKQQYR7/pahruAQRs8/269927.ts
美国城市卫视ICITI,http://sanlix.xyz/live/WJ74AC4SRKQQYR7/pahruAQRs8/269919.ts
SKYLINK TELEVISION,http://sanlix.xyz/live/WJ74AC4SRKQQYR7/pahruAQRs8/269921.ts
SKYLINK TELEVISION 2,http://sanlix.xyz/live/WJ74AC4SRKQQYR7/pahruAQRs8/269920.ts
YOYO TV,http://sanlix.xyz/live/WJ74AC4SRKQQYR7/pahruAQRs8/269917.ts
Astro欢喜,http://sanlix.xyz/live/WJ74AC4SRKQQYR7/pahruAQRs8/1052397.ts
BBC WORLD NEWS,http://sanlix.xyz/live/WJ74AC4SRKQQYR7/pahruAQRs8/543290.ts
BLOOMBERG,http://sanlix.xyz/live/WJ74AC4SRKQQYR7/pahruAQRs8/543286.ts
CHANNEL 5 SG,http://sanlix.xyz/live/WJ74AC4SRKQQYR7/pahruAQRs8/986278.ts
CHANNEL 8 SG,http://sanlix.xyz/live/WJ74AC4SRKQQYR7/pahruAQRs8/986282.ts
CHANNEL U SG,http://sanlix.xyz/live/WJ74AC4SRKQQYR7/pahruAQRs8/986286.ts
CNBC ASIA,http://sanlix.xyz/live/WJ74AC4SRKQQYR7/pahruAQRs8/1052459.ts
KBS WORLD,http://sanlix.xyz/live/WJ74AC4SRKQQYR7/pahruAQRs8/543274.ts
NHK WORLD,http://sanlix.xyz/live/WJ74AC4SRKQQYR7/pahruAQRs8/1003472.ts
NHK WORLD PREMIUM,http://sanlix.xyz/live/WJ74AC4SRKQQYR7/pahruAQRs8/1003470.ts
SKY NEWS,http://sanlix.xyz/live/WJ74AC4SRKQQYR7/pahruAQRs8/1052585.ts
BEIN SPOTYS 1,http://sanlix.xyz/live/WJ74AC4SRKQQYR7/pahruAQRs8/1052432.ts
BEIN SPOTYS 2,http://sanlix.xyz/live/WJ74AC4SRKQQYR7/pahruAQRs8/1052426.ts
BEIN SPOTYS 3,http://sanlix.xyz/live/WJ74AC4SRKQQYR7/pahruAQRs8/1052430.ts
ASTRO PREMIER LEAGUE,http://sanlix.xyz/live/WJ74AC4SRKQQYR7/pahruAQRs8/955661.ts
ASTRO PREMIER LEAGUE 2,http://sanlix.xyz/live/WJ74AC4SRKQQYR7/pahruAQRs8/955663.ts
ASTRO PREMIER LEAGUE 4,http://sanlix.xyz/live/WJ74AC4SRKQQYR7/pahruAQRs8/955665.ts
ASTRO ARENA,http://sanlix.xyz/live/WJ74AC4SRKQQYR7/pahruAQRs8/1052376.ts
ASTRO ARENA 2,http://sanlix.xyz/live/WJ74AC4SRKQQYR7/pahruAQRs8/1052374.ts
ASTRO CRICKET,http://sanlix.xyz/live/WJ74AC4SRKQQYR7/pahruAQRs8/1274760.ts
A-SPORTS,http://sanlix.xyz/live/WJ74AC4SRKQQYR7/pahruAQRs8/1292018.ts
FOX SPORTS 501,http://sanlix.xyz/live/WJ74AC4SRKQQYR7/pahruAQRs8/1274758.ts
NBA TV,http://sanlix.xyz/live/WJ74AC4SRKQQYR7/pahruAQRs8/1380370.ts
ONE SPORTS+,http://sanlix.xyz/live/WJ74AC4SRKQQYR7/pahruAQRs8/543261.ts
ONE SPORTS,http://sanlix.xyz/live/WJ74AC4SRKQQYR7/pahruAQRs8/543262.ts
PTV SPORTS,http://sanlix.xyz/live/WJ74AC4SRKQQYR7/pahruAQRs8/1274771.ts
SKY SPORTS CRICKET,http://sanlix.xyz/live/WJ74AC4SRKQQYR7/pahruAQRs8/1274763.ts
SUPERSPORT CRICKET,http://sanlix.xyz/live/WJ74AC4SRKQQYR7/pahruAQRs8/1274762.ts
TEN SPORTS,http://sanlix.xyz/live/WJ74AC4SRKQQYR7/pahruAQRs8/129201.ts
ABC 7 LOS ANGELES CA (KABC),http://line.senpay23.com:80/play/live.php?mac=00:1A:79:CA:A3:92&extension=ts&stream=172930
CBS 2 LOS ANGELES CA (KCBS),http://line.senpay23.com:80/play/live.php?mac=00:1A:79:CA:A3:92&extension=ts&stream=173138
CBS 9 LOS ANGELES CA (KCAL),http://line.senpay23.com:80/play/live.php?mac=00:1A:79:CA:A3:92&extension=ts&stream=397115
CBSN LOS ANGELES,http://line.senpay23.com:80/play/live.php?mac=00:1A:79:CA:A3:92&extension=ts&stream=976293
FOX 11 LOS ANGELES CA (KTTV),http://line.senpay23.com:80/play/live.php?mac=00:1A:79:CA:A3:92&extension=ts&stream=173612
KTLA LOS ANGELES,http://line.senpay23.com:80/play/live.php?mac=00:1A:79:CA:A3:92&extension=ts&stream=990397
NBC 4 LOS ANGELES CA (KNBC),http://line.senpay23.com:80/play/live.php?mac=00:1A:79:CA:A3:92&extension=ts&stream=45533
US| 69 NEWS (WFMZ) PHILADELPHIA,http://line.senpay23.com:80/play/live.php?mac=00:1A:79:CA:A3:92&extension=ts&stream=496646
US| 7NEWS BOSTON (WHDH),http://line.senpay23.com:80/play/live.php?mac=00:1A:79:CA:A3:92&extension=ts&stream=860289
US| ABC NEWS,http://line.senpay23.com:80/play/live.php?mac=00:1A:79:CA:A3:92&extension=ts&stream=45438
US| AL JAZEERA ENGLISH,http://line.senpay23.com:80/play/live.php?mac=00:1A:79:CA:A3:92&extension=ts&stream=45614
US| AMERICA TV,http://line.senpay23.com:80/play/live.php?mac=00:1A:79:CA:A3:92&extension=ts&stream=790500
US| BBC WORLD NEWS,http://line.senpay23.com:80/play/live.php?mac=00:1A:79:CA:A3:92&extension=ts&stream=91766
US| BLOOMBERG,http://line.senpay23.com:80/play/live.php?mac=00:1A:79:CA:A3:92&extension=ts&stream=91936
US| BNC,http://line.senpay23.com:80/play/live.php?mac=00:1A:79:CA:A3:92&extension=ts&stream=864834
US| CBS HARTFORD (WFSB),http://line.senpay23.com:80/play/live.php?mac=00:1A:79:CA:A3:92&extension=ts&stream=143000
US| CBS,http://line.senpay23.com:80/play/live.php?mac=00:1A:79:CA:A3:92&extension=ts&stream=45604
US| CBS NEWS,http://line.senpay23.com:80/play/live.php?mac=00:1A:79:CA:A3:92&extension=ts&stream=45603
US| CBS PHILADELPHIA,http://line.senpay23.com:80/play/live.php?mac=00:1A:79:CA:A3:92&extension=ts&stream=45605
US| CHEDDAR BUSINESS,http://line.senpay23.com:80/play/live.php?mac=00:1A:79:CA:A3:92&extension=ts&stream=91784
US| CHEDDAR NEWS,http://line.senpay23.com:80/play/live.php?mac=00:1A:79:CA:A3:92&extension=ts&stream=91783
US| CNBC,http://line.senpay23.com:80/play/live.php?mac=00:1A:79:CA:A3:92&extension=ts&stream=45593
US| CNBC WORLD,http://line.senpay23.com:80/play/live.php?mac=00:1A:79:CA:A3:92&extension=ts&stream=91782
US| CNN F,http://line.senpay23.com:80/play/live.php?mac=00:1A:79:CA:A3:92&extension=ts&stream=442785
US| CNN,http://line.senpay23.com:80/play/live.php?mac=00:1A:79:CA:A3:92&extension=ts&stream=45592
US| C-SPAN 1,http://line.senpay23.com:80/play/live.php?mac=00:1A:79:CA:A3:92&extension=ts&stream=91952
US| C-SPAN 2,http://line.senpay23.com:80/play/live.php?mac=00:1A:79:CA:A3:92&extension=ts&stream=91953
US| CW ATLANTA,http://line.senpay23.com:80/play/live.php?mac=00:1A:79:CA:A3:92&extension=ts&stream=90948
US| CW CHICAGO,http://line.senpay23.com:80/play/live.php?mac=00:1A:79:CA:A3:92&extension=ts&stream=45589
US| CW PHILADELPHIA,http://line.senpay23.com:80/play/live.php?mac=00:1A:79:CA:A3:92&extension=ts&stream=90947
US| CW PITTSBURGH,http://line.senpay23.com:80/play/live.php?mac=00:1A:79:CA:A3:92&extension=ts&stream=90953
US| CW SACRAMENTO,http://line.senpay23.com:80/play/live.php?mac=00:1A:79:CA:A3:92&extension=ts&stream=90952
US| CW SAN FRANCISCO,http://line.senpay23.com:80/play/live.php?mac=00:1A:79:CA:A3:92&extension=ts&stream=90949
US| CW SEATTLE,http://line.senpay23.com:80/play/live.php?mac=00:1A:79:CA:A3:92&extension=ts&stream=90950
US| CW TAMPA BAY,http://line.senpay23.com:80/play/live.php?mac=00:1A:79:CA:A3:92&extension=ts&stream=90951
US| FOX 29,http://line.senpay23.com:80/play/live.php?mac=00:1A:79:CA:A3:92&extension=ts&stream=45576
US| FOX BUSINESS NETWORK,http://line.senpay23.com:80/play/live.php?mac=00:1A:79:CA:A3:92&extension=ts&stream=45575
US| FOX HARTFORD (WTIC),http://line.senpay23.com:80/play/live.php?mac=00:1A:79:CA:A3:92&extension=ts&stream=143001
US| FOX,http://line.senpay23.com:80/play/live.php?mac=00:1A:79:CA:A3:92&extension=ts&stream=90959
US| FOX KANSAS,http://line.senpay23.com:80/play/live.php?mac=00:1A:79:CA:A3:92&extension=ts&stream=45574
US| FOX NEWS,http://line.senpay23.com:80/play/live.php?mac=00:1A:79:CA:A3:92&extension=ts&stream=45573
US| LIVENOW FROM FOX,http://line.senpay23.com:80/play/live.php?mac=00:1A:79:CA:A3:92&extension=ts&stream=730908
US| MEGA TV,http://line.senpay23.com:80/play/live.php?mac=00:1A:79:CA:A3:92&extension=ts&stream=790501
US| MSNBC,http://line.senpay23.com:80/play/live.php?mac=00:1A:79:CA:A3:92&extension=ts&stream=45535
US| NBC PHILADELPHIA,http://line.senpay23.com:80/play/live.php?mac=00:1A:79:CA:A3:92&extension=ts&stream=45531
US| NBC SN,http://line.senpay23.com:80/play/live.php?mac=00:1A:79:CA:A3:92&extension=ts&stream=45530
US| NECN,http://line.senpay23.com:80/play/live.php?mac=00:1A:79:CA:A3:92&extension=ts&stream=45529
US| NESN,http://line.senpay23.com:80/play/live.php?mac=00:1A:79:CA:A3:92&extension=ts&stream=45528
US| NESN PLUS,http://line.senpay23.com:80/play/live.php?mac=00:1A:79:CA:A3:92&extension=ts&stream=91903
US| NEWS 12 BROOKLYN,http://line.senpay23.com:80/play/live.php?mac=00:1A:79:CA:A3:92&extension=ts&stream=45527
US| NEWS 12 CONNECTICUT,http://line.senpay23.com:80/play/live.php?mac=00:1A:79:CA:A3:92&extension=ts&stream=142999
US| NEWS 12 LONG ISLAND,http://line.senpay23.com:80/play/live.php?mac=00:1A:79:CA:A3:92&extension=ts&stream=1002506
US| NEWS 12 NEW JERSEY,http://line.senpay23.com:80/play/live.php?mac=00:1A:79:CA:A3:92&extension=ts&stream=613082
US| NEWS 12 THE BRONX,http://line.senpay23.com:80/play/live.php?mac=00:1A:79:CA:A3:92&extension=ts&stream=1126508
US| NEWS 12 WESTCHESTER,http://line.senpay23.com:80/play/live.php?mac=00:1A:79:CA:A3:92&extension=ts&stream=1050760
US| NEWS NATION,http://line.senpay23.com:80/play/live.php?mac=00:1A:79:CA:A3:92&extension=ts&stream=679098
US| NEWS Y,http://line.senpay23.com:80/play/live.php?mac=00:1A:79:CA:A3:92&extension=ts&stream=91908
US| NEWSMAX,http://line.senpay23.com:80/play/live.php?mac=00:1A:79:CA:A3:92&extension=ts&stream=150355
US| NEWSY,http://line.senpay23.com:80/play/live.php?mac=00:1A:79:CA:A3:92&extension=ts&stream=869509
US| ONE AMERICAN NEWS NETWORK,http://line.senpay23.com:80/play/live.php?mac=00:1A:79:CA:A3:92&extension=ts&stream=91942
US| SPECTRUM NEWS 1,http://line.senpay23.com:80/play/live.php?mac=00:1A:79:CA:A3:92&extension=ts&stream=150358
US| SPECTRUM NEWS NY1,http://line.senpay23.com:80/play/live.php?mac=00:1A:79:CA:A3:92&extension=ts&stream=921724
US| SPECTRUM NOTICIAS NY1,http://line.senpay23.com:80/play/live.php?mac=00:1A:79:CA:A3:92&extension=ts&stream=930696
US| A&E,http://line.senpay23.com:80/play/live.php?mac=00:1A:79:CA:A3:92&extension=ts&stream=45619
US| ABC,http://line.senpay23.com:80/play/live.php?mac=00:1A:79:CA:A3:92&extension=ts&stream=45439
US| ACCUWEATHER,http://line.senpay23.com:80/play/live.php?mac=00:1A:79:CA:A3:92&extension=ts&stream=91946
US| ADULT SWIM,http://line.senpay23.com:80/play/live.php?mac=00:1A:79:CA:A3:92&extension=ts&stream=150345
US| ADULT SWIM WEST,http://line.senpay23.com:80/play/live.php?mac=00:1A:79:CA:A3:92&extension=ts&stream=1131979
US| AMC,http://line.senpay23.com:80/play/live.php?mac=00:1A:79:CA:A3:92&extension=ts&stream=45445
US| AMC PLUS,http://line.senpay23.com:80/play/live.php?mac=00:1A:79:CA:A3:92&extension=ts&stream=534381
US| AMERICA HEROES,http://line.senpay23.com:80/play/live.php?mac=00:1A:79:CA:A3:92&extension=ts&stream=45613
US| ANIMAL PLANET,http://line.senpay23.com:80/play/live.php?mac=00:1A:79:CA:A3:92&extension=ts&stream=45447
US| ANIMAL PLANET WEST,http://line.senpay23.com:80/play/live.php?mac=00:1A:79:CA:A3:92&extension=ts&stream=91762
US| ANTENNA TV,http://line.senpay23.com:80/play/live.php?mac=00:1A:79:CA:A3:92&extension=ts&stream=398879
US| ASPIRE,http://line.senpay23.com:80/play/live.php?mac=00:1A:79:CA:A3:92&extension=ts&stream=91763
US| AWE,http://line.senpay23.com:80/play/live.php?mac=00:1A:79:CA:A3:92&extension=ts&stream=91955
US| AXS TV,http://line.senpay23.com:80/play/live.php?mac=00:1A:79:CA:A3:92&extension=ts&stream=91760
US| BBC AMERICA,http://line.senpay23.com:80/play/live.php?mac=00:1A:79:CA:A3:92&extension=ts&stream=45612
US| BET,http://line.senpay23.com:80/play/live.php?mac=00:1A:79:CA:A3:92&extension=ts&stream=45610
US| BET HER,http://line.senpay23.com:80/play/live.php?mac=00:1A:79:CA:A3:92&extension=ts&stream=91768
US| BET JAMS,http://line.senpay23.com:80/play/live.php?mac=00:1A:79:CA:A3:92&extension=ts&stream=91769
US| BET SOUL,http://line.senpay23.com:80/play/live.php?mac=00:1A:79:CA:A3:92&extension=ts&stream=91770
US| BOUNCE TV,http://line.senpay23.com:80/play/live.php?mac=00:1A:79:CA:A3:92&extension=ts&stream=91771
US| BOUNCE XL,http://line.senpay23.com:80/play/live.php?mac=00:1A:79:CA:A3:92&extension=ts&stream=730910
US| BRAVO,http://line.senpay23.com:80/play/live.php?mac=00:1A:79:CA:A3:92&extension=ts&stream=45446
US| BRAVO WEST,http://line.senpay23.com:80/play/live.php?mac=00:1A:79:CA:A3:92&extension=ts&stream=91772
US| BUZZR,http://line.senpay23.com:80/play/live.php?mac=00:1A:79:CA:A3:92&extension=ts&stream=105189
US| CBN,http://line.senpay23.com:80/play/live.php?mac=00:1A:79:CA:A3:92&extension=ts&stream=204987
US| CHARGE!,http://line.senpay23.com:80/play/live.php?mac=00:1A:79:CA:A3:92&extension=ts&stream=789119
US| CLEO TV,http://line.senpay23.com:80/play/live.php?mac=00:1A:79:CA:A3:92&extension=ts&stream=1128930
US| CMT,http://line.senpay23.com:80/play/live.php?mac=00:1A:79:CA:A3:92&extension=ts&stream=90937
US| COMEDY CENTRAL EAST,http://line.senpay23.com:80/play/live.php?mac=00:1A:79:CA:A3:92&extension=ts&stream=1131978
US| COMEDY CENTRAL,http://line.senpay23.com:80/play/live.php?mac=00:1A:79:CA:A3:92&extension=ts&stream=45448
US| COMEDY TV,http://line.senpay23.com:80/play/live.php?mac=00:1A:79:CA:A3:92&extension=ts&stream=91944
US| COMET,http://line.senpay23.com:80/play/live.php?mac=00:1A:79:CA:A3:92&extension=ts&stream=91807
US| COOKING CHANNEL,http://line.senpay23.com:80/play/live.php?mac=00:1A:79:CA:A3:92&extension=ts&stream=45591
US| COURT TV,http://line.senpay23.com:80/play/live.php?mac=00:1A:79:CA:A3:92&extension=ts&stream=150347
US| COZI,http://line.senpay23.com:80/play/live.php?mac=00:1A:79:CA:A3:92&extension=ts&stream=45590
US| CRIME & INVESTIGATION,http://line.senpay23.com:80/play/live.php?mac=00:1A:79:CA:A3:92&extension=ts&stream=90938
US| DAYSTAR,http://line.senpay23.com:80/play/live.php?mac=00:1A:79:CA:A3:92&extension=ts&stream=91813
US| DECADES,http://line.senpay23.com:80/play/live.php?mac=00:1A:79:CA:A3:92&extension=ts&stream=789120
US| DESTINATION AMERICA,http://line.senpay23.com:80/play/live.php?mac=00:1A:79:CA:A3:92&extension=ts&stream=90954
US| DISCOVERY FAMILY,http://line.senpay23.com:80/play/live.php?mac=00:1A:79:CA:A3:92&extension=ts&stream=45443
US| DISCOVERY,http://line.senpay23.com:80/play/live.php?mac=00:1A:79:CA:A3:92&extension=ts&stream=45442
US| DISCOVERY LIFE,http://line.senpay23.com:80/play/live.php?mac=00:1A:79:CA:A3:92&extension=ts&stream=91820
US| DISCOVERY SCIENCE,http://line.senpay23.com:80/play/live.php?mac=00:1A:79:CA:A3:92&extension=ts&stream=45441
US| DISCOVERY TURBO,http://line.senpay23.com:80/play/live.php?mac=00:1A:79:CA:A3:92&extension=ts&stream=1092802
US| DISCOVERY WEST,http://line.senpay23.com:80/play/live.php?mac=00:1A:79:CA:A3:92&extension=ts&stream=91819
US| DOG TV,http://line.senpay23.com:80/play/live.php?mac=00:1A:79:CA:A3:92&extension=ts&stream=91950
US| E! ENTERTAINMENT,http://line.senpay23.com:80/play/live.php?mac=00:1A:79:CA:A3:92&extension=ts&stream=45584
US| E! ENTERTAINMENT WEST,http://line.senpay23.com:80/play/live.php?mac=00:1A:79:CA:A3:92&extension=ts&stream=91834
US| EWTN CATHOLIC,http://line.senpay23.com:80/play/live.php?mac=00:1A:79:CA:A3:92&extension=ts&stream=204984
US| FETV,http://line.senpay23.com:80/play/live.php?mac=00:1A:79:CA:A3:92&extension=ts&stream=789121
US| FOLK TV,http://line.senpay23.com:80/play/live.php?mac=00:1A:79:CA:A3:92&extension=ts&stream=789122
US| FOOD NETWORK,http://line.senpay23.com:80/play/live.php?mac=00:1A:79:CA:A3:92&extension=ts&stream=45577
US| FOOD NETWORK WEST,http://line.senpay23.com:80/play/live.php?mac=00:1A:79:CA:A3:92&extension=ts&stream=91850
US| FOX SOUL,http://line.senpay23.com:80/play/live.php?mac=00:1A:79:CA:A3:92&extension=ts&stream=730907
US| FREEFORM,http://line.senpay23.com:80/play/live.php?mac=00:1A:79:CA:A3:92&extension=ts&stream=45557
US| FREEFORM WEST,http://line.senpay23.com:80/play/live.php?mac=00:1A:79:CA:A3:92&extension=ts&stream=91849
US| FUSE,http://line.senpay23.com:80/play/live.php?mac=00:1A:79:CA:A3:92&extension=ts&stream=91910
US| FUSE MUSIC,http://line.senpay23.com:80/play/live.php?mac=00:1A:79:CA:A3:92&extension=ts&stream=91941
US| FX,http://line.senpay23.com:80/play/live.php?mac=00:1A:79:CA:A3:92&extension=ts&stream=45451
US| FX WEST,http://line.senpay23.com:80/play/live.php?mac=00:1A:79:CA:A3:92&extension=ts&stream=91852
US| FXM,http://line.senpay23.com:80/play/live.php?mac=00:1A:79:CA:A3:92&extension=ts&stream=45450
US| FXX,http://line.senpay23.com:80/play/live.php?mac=00:1A:79:CA:A3:92&extension=ts&stream=45449
US| FXX WEST,http://line.senpay23.com:80/play/live.php?mac=00:1A:79:CA:A3:92&extension=ts&stream=91853
US| FYI,http://line.senpay23.com:80/play/live.php?mac=00:1A:79:CA:A3:92&extension=ts&stream=45555
US| GAME TV,http://line.senpay23.com:80/play/live.php?mac=00:1A:79:CA:A3:92&extension=ts&stream=45472
US| GET TV,http://line.senpay23.com:80/play/live.php?mac=00:1A:79:CA:A3:92&extension=ts&stream=150349
US| GREAT AMERICAN COUNTRY,http://line.senpay23.com:80/play/live.php?mac=00:1A:79:CA:A3:92&extension=ts&stream=91855
US| GREAT AMERICAN FAMILY,http://line.senpay23.com:80/play/live.php?mac=00:1A:79:CA:A3:92&extension=ts&stream=1038601
US| GRIT,http://line.senpay23.com:80/play/live.php?mac=00:1A:79:CA:A3:92&extension=ts&stream=91856
US| GSN,http://line.senpay23.com:80/play/live.php?mac=00:1A:79:CA:A3:92&extension=ts&stream=45553
US| HALLMARK DRAMA,http://line.senpay23.com:80/play/live.php?mac=00:1A:79:CA:A3:92&extension=ts&stream=90961
US| HALLMARK,http://line.senpay23.com:80/play/live.php?mac=00:1A:79:CA:A3:92&extension=ts&stream=45458
US| HALLMARK M & M,http://line.senpay23.com:80/play/live.php?mac=00:1A:79:CA:A3:92&extension=ts&stream=45457
US| HD NET MOVIES,http://line.senpay23.com:80/play/live.php?mac=00:1A:79:CA:A3:92&extension=ts&stream=91885
US| HEROES & ICONS,http://line.senpay23.com:80/play/live.php?mac=00:1A:79:CA:A3:92&extension=ts&stream=150351
US| HGTV,http://line.senpay23.com:80/play/live.php?mac=00:1A:79:CA:A3:92&extension=ts&stream=45459
US| HGTV WEST,http://line.senpay23.com:80/play/live.php?mac=00:1A:79:CA:A3:92&extension=ts&stream=91925
US| HISTORY,http://line.senpay23.com:80/play/live.php?mac=00:1A:79:CA:A3:92&extension=ts&stream=45444
US| HLN,http://line.senpay23.com:80/play/live.php?mac=00:1A:79:CA:A3:92&extension=ts&stream=91857
US| HOPE CHANNEL,http://line.senpay23.com:80/play/live.php?mac=00:1A:79:CA:A3:92&extension=ts&stream=204986
US| HUNT CHANNEL,http://line.senpay23.com:80/play/live.php?mac=00:1A:79:CA:A3:92&extension=ts&stream=150352
US| ID,http://line.senpay23.com:80/play/live.php?mac=00:1A:79:CA:A3:92&extension=ts&stream=45545
US| ID WEST,http://line.senpay23.com:80/play/live.php?mac=00:1A:79:CA:A3:92&extension=ts&stream=91858
US| IFC,http://line.senpay23.com:80/play/live.php?mac=00:1A:79:CA:A3:92&extension=ts&stream=45544
US| INDIEPLEX,http://line.senpay23.com:80/play/live.php?mac=00:1A:79:CA:A3:92&extension=ts&stream=45543
US| INFOWARS TV,http://line.senpay23.com:80/play/live.php?mac=00:1A:79:CA:A3:92&extension=ts&stream=297628
US| INSP,http://line.senpay23.com:80/play/live.php?mac=00:1A:79:CA:A3:92&extension=ts&stream=91914
US| ION,http://line.senpay23.com:80/play/live.php?mac=00:1A:79:CA:A3:92&extension=ts&stream=872292
US| ION PLUS,http://line.senpay23.com:80/play/live.php?mac=00:1A:79:CA:A3:92&extension=ts&stream=730909
US| JUSTICE CENTRAL,http://line.senpay23.com:80/play/live.php?mac=00:1A:79:CA:A3:92&extension=ts&stream=91943
US| LAW AND CRIME,http://line.senpay23.com:80/play/live.php?mac=00:1A:79:CA:A3:92&extension=ts&stream=91861
US| LIFETIME,http://line.senpay23.com:80/play/live.php?mac=00:1A:79:CA:A3:92&extension=ts&stream=45541
US| LIFETIME MOVIE NETWORK,http://line.senpay23.com:80/play/live.php?mac=00:1A:79:CA:A3:92&extension=ts&stream=45456
US| LIFETIME REAL WOMEN,http://line.senpay23.com:80/play/live.php?mac=00:1A:79:CA:A3:92&extension=ts&stream=150353
US| LMN,http://line.senpay23.com:80/play/live.php?mac=00:1A:79:CA:A3:92&extension=ts&stream=1110680
US| LOCAL NOW,http://line.senpay23.com:80/play/live.php?mac=00:1A:79:CA:A3:92&extension=ts&stream=91909
US| LOGO,http://line.senpay23.com:80/play/live.php?mac=00:1A:79:CA:A3:92&extension=ts&stream=91862
US| LONGHORN NETWORK,http://line.senpay23.com:80/play/live.php?mac=00:1A:79:CA:A3:92&extension=ts&stream=45540
US| MAGNOLIA NETWORK,http://line.senpay23.com:80/play/live.php?mac=00:1A:79:CA:A3:92&extension=ts&stream=45585
US| MAV TV,http://line.senpay23.com:80/play/live.php?mac=00:1A:79:CA:A3:92&extension=ts&stream=91898
US| ME TV,http://line.senpay23.com:80/play/live.php?mac=00:1A:79:CA:A3:92&extension=ts&stream=91863
US| MGM,http://line.senpay23.com:80/play/live.php?mac=00:1A:79:CA:A3:92&extension=ts&stream=91886
US| MILITARY HISTORY,http://line.senpay23.com:80/play/live.php?mac=00:1A:79:CA:A3:92&extension=ts&stream=91864
US| MOTORTREND,http://line.senpay23.com:80/play/live.php?mac=00:1A:79:CA:A3:92&extension=ts&stream=90962
US| MTV 2,http://line.senpay23.com:80/play/live.php?mac=00:1A:79:CA:A3:92&extension=ts&stream=90963
US| MTV,http://line.senpay23.com:80/play/live.php?mac=00:1A:79:CA:A3:92&extension=ts&stream=45461
US| MTV LIVE,http://line.senpay23.com:80/play/live.php?mac=00:1A:79:CA:A3:92&extension=ts&stream=45460
US| MTV U,http://line.senpay23.com:80/play/live.php?mac=00:1A:79:CA:A3:92&extension=ts&stream=91913
US| MUSIC CHOICE  MAX,http://line.senpay23.com:80/play/live.php?mac=00:1A:79:CA:A3:92&extension=ts&stream=991598
US| MUSIC CHOICE '70's,http://line.senpay23.com:80/play/live.php?mac=00:1A:79:CA:A3:92&extension=ts&stream=991608
US| MUSIC CHOICE CLASSIC COUNTRY,http://line.senpay23.com:80/play/live.php?mac=00:1A:79:CA:A3:92&extension=ts&stream=991605
US| MUSIC CHOICE HIP-HOP AND R&B,http://line.senpay23.com:80/play/live.php?mac=00:1A:79:CA:A3:92&extension=ts&stream=991602
US| MUSIC CHOICE JAZZ,http://line.senpay23.com:80/play/live.php?mac=00:1A:79:CA:A3:92&extension=ts&stream=991599
US| MUSIC CHOICE POP HITS,http://line.senpay23.com:80/play/live.php?mac=00:1A:79:CA:A3:92&extension=ts&stream=991601
US| MUSIC CHOICE ROCK,http://line.senpay23.com:80/play/live.php?mac=00:1A:79:CA:A3:92&extension=ts&stream=991597
US| MUSIC CHOICE ROCK HITS,http://line.senpay23.com:80/play/live.php?mac=00:1A:79:CA:A3:92&extension=ts&stream=991596
US| MUSIC CHOICE ROMANCES,http://line.senpay23.com:80/play/live.php?mac=00:1A:79:CA:A3:92&extension=ts&stream=991595
US| MUSIC CHOICE TROPICALES,http://line.senpay23.com:80/play/live.php?mac=00:1A:79:CA:A3:92&extension=ts&stream=991607
US| NASA TV,http://line.senpay23.com:80/play/live.php?mac=00:1A:79:CA:A3:92&extension=ts&stream=1114426
US| NAT GEO,http://line.senpay23.com:80/play/live.php?mac=00:1A:79:CA:A3:92&extension=ts&stream=45453
US| NAT GEO WEST,http://line.senpay23.com:80/play/live.php?mac=00:1A:79:CA:A3:92&extension=ts&stream=91865
US| NAT GEO WILD,http://line.senpay23.com:80/play/live.php?mac=00:1A:79:CA:A3:92&extension=ts&stream=45452
US| NBT,http://line.senpay23.com:80/play/live.php?mac=00:1A:79:CA:A3:92&extension=ts&stream=1105820
US| OUTDOOR CHANNEL,http://line.senpay23.com:80/play/live.php?mac=00:1A:79:CA:A3:92&extension=ts&stream=90964
US| OUTSIDE TV,http://line.senpay23.com:80/play/live.php?mac=00:1A:79:CA:A3:92&extension=ts&stream=91866
US| OVATION,http://line.senpay23.com:80/play/live.php?mac=00:1A:79:CA:A3:92&extension=ts&stream=91867
US| OWN,http://line.senpay23.com:80/play/live.php?mac=00:1A:79:CA:A3:92&extension=ts&stream=45518
US| OXYGEN,http://line.senpay23.com:80/play/live.php?mac=00:1A:79:CA:A3:92&extension=ts&stream=45517
US| OXYGEN WEST,http://line.senpay23.com:80/play/live.php?mac=00:1A:79:CA:A3:92&extension=ts&stream=91868
US| PARAMOUNT,http://line.senpay23.com:80/play/live.php?mac=00:1A:79:CA:A3:92&extension=ts&stream=45500
US| PBS,http://line.senpay23.com:80/play/live.php?mac=00:1A:79:CA:A3:92&extension=ts&stream=45510
US| PEOPLE TV,http://line.senpay23.com:80/play/live.php?mac=00:1A:79:CA:A3:92&extension=ts&stream=91911
US| PIXL,http://line.senpay23.com:80/play/live.php?mac=00:1A:79:CA:A3:92&extension=ts&stream=91937
US| POP,http://line.senpay23.com:80/play/live.php?mac=00:1A:79:CA:A3:92&extension=ts&stream=45509
US| PURSUIT CHANNEL,http://line.senpay23.com:80/play/live.php?mac=00:1A:79:CA:A3:92&extension=ts&stream=91869
US| QVC 2,http://line.senpay23.com:80/play/live.php?mac=00:1A:79:CA:A3:92&extension=ts&stream=90967
US| QVC,http://line.senpay23.com:80/play/live.php?mac=00:1A:79:CA:A3:92&extension=ts&stream=90966
US| RED BULL TV,http://line.senpay23.com:80/play/live.php?mac=00:1A:79:CA:A3:92&extension=ts&stream=150356
US| REELZ,http://line.senpay23.com:80/play/live.php?mac=00:1A:79:CA:A3:92&extension=ts&stream=45508
US| RETRO TV,http://line.senpay23.com:80/play/live.php?mac=00:1A:79:CA:A3:92&extension=ts&stream=150357
US| RETROPLEX,http://line.senpay23.com:80/play/live.php?mac=00:1A:79:CA:A3:92&extension=ts&stream=45507
US| REVOLT,http://line.senpay23.com:80/play/live.php?mac=00:1A:79:CA:A3:92&extension=ts&stream=91915
US| RFD TV,http://line.senpay23.com:80/play/live.php?mac=00:1A:79:CA:A3:92&extension=ts&stream=91870
US| RIDE TV,http://line.senpay23.com:80/play/live.php?mac=00:1A:79:CA:A3:92&extension=ts&stream=91871
US| RT DOCUMENTARY,http://line.senpay23.com:80/play/live.php?mac=00:1A:79:CA:A3:92&extension=ts&stream=233242
US| RT NEWS,http://line.senpay23.com:80/play/live.php?mac=00:1A:79:CA:A3:92&extension=ts&stream=91935
US| SHOWTIME BET,http://line.senpay23.com:80/play/live.php?mac=00:1A:79:CA:A3:92&extension=ts&stream=303331
US| SMITHSONIAN CHANNEL,http://line.senpay23.com:80/play/live.php?mac=00:1A:79:CA:A3:92&extension=ts&stream=91872
US| SMITHSONIAN CHANNEL WEST,http://line.senpay23.com:80/play/live.php?mac=00:1A:79:CA:A3:92&extension=ts&stream=91926
US| SO YUMMY!,http://line.senpay23.com:80/play/live.php?mac=00:1A:79:CA:A3:92&extension=ts&stream=774212
US| SUNDANCE,http://line.senpay23.com:80/play/live.php?mac=00:1A:79:CA:A3:92&extension=ts&stream=45477
US| SYFY,http://line.senpay23.com:80/play/live.php?mac=00:1A:79:CA:A3:92&extension=ts&stream=45476
US| SYFY WEST,http://line.senpay23.com:80/play/live.php?mac=00:1A:79:CA:A3:92&extension=ts&stream=91875
US| TASTEMADE,http://line.senpay23.com:80/play/live.php?mac=00:1A:79:CA:A3:92&extension=ts&stream=150360
US| TBN,http://line.senpay23.com:80/play/live.php?mac=00:1A:79:CA:A3:92&extension=ts&stream=204985
US| TCM,http://line.senpay23.com:80/play/live.php?mac=00:1A:79:CA:A3:92&extension=ts&stream=90968
US| TEEN NICK,http://line.senpay23.com:80/play/live.php?mac=00:1A:79:CA:A3:92&extension=ts&stream=91877
US| THE BLAZE,http://line.senpay23.com:80/play/live.php?mac=00:1A:79:CA:A3:92&extension=ts&stream=1053425
US| THE WEATHER CHANNEL,http://line.senpay23.com:80/play/live.php?mac=00:1A:79:CA:A3:92&extension=ts&stream=45455
US| TLC,http://line.senpay23.com:80/play/live.php?mac=00:1A:79:CA:A3:92&extension=ts&stream=45471
US| TLC WEST,http://line.senpay23.com:80/play/live.php?mac=00:1A:79:CA:A3:92&extension=ts&stream=91912
US| TNT,http://line.senpay23.com:80/play/live.php?mac=00:1A:79:CA:A3:92&extension=ts&stream=45470
US| TNT,http://line.senpay23.com:80/play/live.php?mac=00:1A:79:CA:A3:92&extension=ts&stream=45469
US| TNT WEST,http://line.senpay23.com:80/play/live.php?mac=00:1A:79:CA:A3:92&extension=ts&stream=91879
US| TRAVEL CHANNEL,http://line.senpay23.com:80/play/live.php?mac=00:1A:79:CA:A3:92&extension=ts&stream=45437
US| TRAVEL CHANNEL WEST,http://line.senpay23.com:80/play/live.php?mac=00:1A:79:CA:A3:92&extension=ts&stream=91880
US| TRUTV,http://line.senpay23.com:80/play/live.php?mac=00:1A:79:CA:A3:92&extension=ts&stream=45468
US| TRUTV WEST,http://line.senpay23.com:80/play/live.php?mac=00:1A:79:CA:A3:92&extension=ts&stream=91878
US| TV LAND,http://line.senpay23.com:80/play/live.php?mac=00:1A:79:CA:A3:92&extension=ts&stream=45467
US| TV ONE,http://line.senpay23.com:80/play/live.php?mac=00:1A:79:CA:A3:92&extension=ts&stream=90969
US| TVG NETWORK,http://line.senpay23.com:80/play/live.php?mac=00:1A:79:CA:A3:92&extension=ts&stream=91939
US| TVG NETWORK 2,http://line.senpay23.com:80/play/live.php?mac=00:1A:79:CA:A3:92&extension=ts&stream=91940
US| UP TV,http://line.senpay23.com:80/play/live.php?mac=00:1A:79:CA:A3:92&extension=ts&stream=91881
US| USA NETWORK EAST,http://line.senpay23.com:80/play/live.php?mac=00:1A:79:CA:A3:92&extension=ts&stream=188997
US| USA NETWORK,http://line.senpay23.com:80/play/live.php?mac=00:1A:79:CA:A3:92&extension=ts&stream=45466
US| USA NETWORK WEST,http://line.senpay23.com:80/play/live.php?mac=00:1A:79:CA:A3:92&extension=ts&stream=91882
US| VH1,http://line.senpay23.com:80/play/live.php?mac=00:1A:79:CA:A3:92&extension=ts&stream=45436
US| VICELAND,http://line.senpay23.com:80/play/live.php?mac=00:1A:79:CA:A3:92&extension=ts&stream=45465
US| WE TV,http://line.senpay23.com:80/play/live.php?mac=00:1A:79:CA:A3:92&extension=ts&stream=45464
US| WGN9,http://line.senpay23.com:80/play/live.php?mac=00:1A:79:CA:A3:92&extension=ts&stream=290879
US| WORLD FISHING NETWORK,http://line.senpay23.com:80/play/live.php?mac=00:1A:79:CA:A3:92&extension=ts&stream=91906
US| ACC NETWORK,http://line.senpay23.com:80/play/live.php?mac=00:1A:79:CA:A3:92&extension=ts&stream=90960
US| AFN SPORT,http://line.senpay23.com:80/play/live.php?mac=00:1A:79:CA:A3:92&extension=ts&stream=1099330
US| ALTITUDE SPORTS 2,http://line.senpay23.com:80/play/live.php?mac=00:1A:79:CA:A3:92&extension=ts&stream=1060883
US| ALTITUDE SPORTS,http://line.senpay23.com:80/play/live.php?mac=00:1A:79:CA:A3:92&extension=ts&stream=460918
US| AT&T SPORTSNET PITTSBURGH,http://line.senpay23.com:80/play/live.php?mac=00:1A:79:CA:A3:92&extension=ts&stream=272825
US| AT&T SPORTSNET ROCKY MOUNTAIN,http://line.senpay23.com:80/play/live.php?mac=00:1A:79:CA:A3:92&extension=ts&stream=272826
US| AT&T SPORTSNET SOUTHWEST,http://line.senpay23.com:80/play/live.php?mac=00:1A:79:CA:A3:92&extension=ts&stream=91892
US| BEIN SPORTS 2,http://line.senpay23.com:80/play/live.php?mac=00:1A:79:CA:A3:92&extension=ts&stream=83953
US| BEIN SPORTS 4,http://line.senpay23.com:80/play/live.php?mac=00:1A:79:CA:A3:92&extension=ts&stream=83954
US| BEIN SPORTS 5,http://line.senpay23.com:80/play/live.php?mac=00:1A:79:CA:A3:92&extension=ts&stream=83955
US| BEIN SPORTS 6,http://line.senpay23.com:80/play/live.php?mac=00:1A:79:CA:A3:92&extension=ts&stream=83956
US| BEIN SPORTS 7,http://line.senpay23.com:80/play/live.php?mac=00:1A:79:CA:A3:92&extension=ts&stream=83957
US| BEIN SPORTS 8,http://line.senpay23.com:80/play/live.php?mac=00:1A:79:CA:A3:92&extension=ts&stream=83958
US| BEIN SPORTS,http://line.senpay23.com:80/play/live.php?mac=00:1A:79:CA:A3:92&extension=ts&stream=45611
US| BEIN SPORTS XTRA N (ES),http://line.senpay23.com:80/play/live.php?mac=00:1A:79:CA:A3:92&extension=ts&stream=1127391
US| BIG TEN NETWORK,http://line.senpay23.com:80/play/live.php?mac=00:1A:79:CA:A3:92&extension=ts&stream=45609
US| CBS SPORTS NETWORK,http://line.senpay23.com:80/play/live.php?mac=00:1A:79:CA:A3:92&extension=ts&stream=45601
US| COWBOY CHANNEL,http://line.senpay23.com:80/play/live.php?mac=00:1A:79:CA:A3:92&extension=ts&stream=91951
US| CSN BAY AREA,http://line.senpay23.com:80/play/live.php?mac=00:1A:79:CA:A3:92&extension=ts&stream=91893
US| CSN BOSTON,http://line.senpay23.com:80/play/live.php?mac=00:1A:79:CA:A3:92&extension=ts&stream=90945
US| CSN CALIFORNIA,http://line.senpay23.com:80/play/live.php?mac=00:1A:79:CA:A3:92&extension=ts&stream=91894
US| CSN PHILADELPHIA,http://line.senpay23.com:80/play/live.php?mac=00:1A:79:CA:A3:92&extension=ts&stream=90939
US| CSN PHILADELPHIA PLUS,http://line.senpay23.com:80/play/live.php?mac=00:1A:79:CA:A3:92&extension=ts&stream=90943
US| CSN WASHINGTON,http://line.senpay23.com:80/play/live.php?mac=00:1A:79:CA:A3:92&extension=ts&stream=90940
US| CSN WASHINGTON PLUS,http://line.senpay23.com:80/play/live.php?mac=00:1A:79:CA:A3:92&extension=ts&stream=90941
US| DAZN 1,http://line.senpay23.com:80/play/live.php?mac=00:1A:79:CA:A3:92&extension=ts&stream=437299
US| DAZN 10,http://line.senpay23.com:80/play/live.php?mac=00:1A:79:CA:A3:92&extension=ts&stream=437308
US| DAZN 11,http://line.senpay23.com:80/play/live.php?mac=00:1A:79:CA:A3:92&extension=ts&stream=437309
US| DAZN 12,http://line.senpay23.com:80/play/live.php?mac=00:1A:79:CA:A3:92&extension=ts&stream=437310
US| DAZN 13,http://line.senpay23.com:80/play/live.php?mac=00:1A:79:CA:A3:92&extension=ts&stream=437311
US| DAZN 3,http://line.senpay23.com:80/play/live.php?mac=00:1A:79:CA:A3:92&extension=ts&stream=437301
US| DAZN 4,http://line.senpay23.com:80/play/live.php?mac=00:1A:79:CA:A3:92&extension=ts&stream=437302
US| DAZN 5,http://line.senpay23.com:80/play/live.php?mac=00:1A:79:CA:A3:92&extension=ts&stream=437303
US| DAZN 6,http://line.senpay23.com:80/play/live.php?mac=00:1A:79:CA:A3:92&extension=ts&stream=437304
US| DAZN 7,http://line.senpay23.com:80/play/live.php?mac=00:1A:79:CA:A3:92&extension=ts&stream=437305
US| DAZN 8,http://line.senpay23.com:80/play/live.php?mac=00:1A:79:CA:A3:92&extension=ts&stream=437306
US| DAZN 9,http://line.senpay23.com:80/play/live.php?mac=00:1A:79:CA:A3:92&extension=ts&stream=437307
US| ELEVEN SPORTS,http://line.senpay23.com:80/play/live.php?mac=00:1A:79:CA:A3:92&extension=ts&stream=45583
US| ESPN 2,http://line.senpay23.com:80/play/live.php?mac=00:1A:79:CA:A3:92&extension=ts&stream=45580
US| ESPN,http://line.senpay23.com:80/play/live.php?mac=00:1A:79:CA:A3:92&extension=ts&stream=45579
US| ESPN NEWS,http://line.senpay23.com:80/play/live.php?mac=00:1A:79:CA:A3:92&extension=ts&stream=45578
US| ESPN U,http://line.senpay23.com:80/play/live.php?mac=00:1A:79:CA:A3:92&extension=ts&stream=90958
US| FIGHT NETWORK,http://line.senpay23.com:80/play/live.php?mac=00:1A:79:CA:A3:92&extension=ts&stream=91897
US| FLORACING,http://line.senpay23.com:80/play/live.php?mac=00:1A:79:CA:A3:92&extension=ts&stream=1076781
US| FOX REGIONAL UHD/4K (EVENT ONLY),http://line.senpay23.com:80/play/live.php?mac=00:1A:79:CA:A3:92&extension=ts&stream=1124347
US| FOX SOCCER PLUS,http://line.senpay23.com:80/play/live.php?mac=00:1A:79:CA:A3:92&extension=ts&stream=45572
US| FOX SPORTS 1,http://line.senpay23.com:80/play/live.php?mac=00:1A:79:CA:A3:92&extension=ts&stream=45571
US| FOX SPORTS 2,http://line.senpay23.com:80/play/live.php?mac=00:1A:79:CA:A3:92&extension=ts&stream=45570
US| FOX SPORTS ARIZONA,http://line.senpay23.com:80/play/live.php?mac=00:1A:79:CA:A3:92&extension=ts&stream=45569
US| FOX SPORTS CAROLINAS,http://line.senpay23.com:80/play/live.php?mac=00:1A:79:CA:A3:92&extension=ts&stream=91679
US| FOX SPORTS DETROIT,http://line.senpay23.com:80/play/live.php?mac=00:1A:79:CA:A3:92&extension=ts&stream=45568
US| FOX SPORTS FLORIDA,http://line.senpay23.com:80/play/live.php?mac=00:1A:79:CA:A3:92&extension=ts&stream=45567
US| FOX SPORTS NORTH,http://line.senpay23.com:80/play/live.php?mac=00:1A:79:CA:A3:92&extension=ts&stream=45566
US| FOX SPORTS OHIO,http://line.senpay23.com:80/play/live.php?mac=00:1A:79:CA:A3:92&extension=ts&stream=84908
US| FOX SPORTS OKLAHOMA,http://line.senpay23.com:80/play/live.php?mac=00:1A:79:CA:A3:92&extension=ts&stream=91692
US| FOX SPORTS PRIME TICKET,http://line.senpay23.com:80/play/live.php?mac=00:1A:79:CA:A3:92&extension=ts&stream=45565
US| FOX SPORTS SAN DIEGO,http://line.senpay23.com:80/play/live.php?mac=00:1A:79:CA:A3:92&extension=ts&stream=45564
US| FOX SPORTS SOUTH,http://line.senpay23.com:80/play/live.php?mac=00:1A:79:CA:A3:92&extension=ts&stream=45563
US| FOX SPORTS SOUTHEAST,http://line.senpay23.com:80/play/live.php?mac=00:1A:79:CA:A3:92&extension=ts&stream=45562
US| FOX SPORTS SOUTHWEST,http://line.senpay23.com:80/play/live.php?mac=00:1A:79:CA:A3:92&extension=ts&stream=45561
US| FOX SPORTS SUN,http://line.senpay23.com:80/play/live.php?mac=00:1A:79:CA:A3:92&extension=ts&stream=45560
US| FOX SPORTS TENNESSEE,http://line.senpay23.com:80/play/live.php?mac=00:1A:79:CA:A3:92&extension=ts&stream=91696
US| FOX SPORTS UHD/4K (EVENT ONLY),http://line.senpay23.com:80/play/live.php?mac=00:1A:79:CA:A3:92&extension=ts&stream=1124346
US| FOX SPORTS WEST,http://line.senpay23.com:80/play/live.php?mac=00:1A:79:CA:A3:92&extension=ts&stream=45559
US| FOX SPORTS WISCONSIN,http://line.senpay23.com:80/play/live.php?mac=00:1A:79:CA:A3:92&extension=ts&stream=45558
US| FOX SPORTSTIME OHIO,http://line.senpay23.com:80/play/live.php?mac=00:1A:79:CA:A3:92&extension=ts&stream=91699
US| FOX UHD/4K (EVENT ONLY),http://line.senpay23.com:80/play/live.php?mac=00:1A:79:CA:A3:92&extension=ts&stream=1124348
US| FUBO SPORTS 1,http://line.senpay23.com:80/play/live.php?mac=00:1A:79:CA:A3:92&extension=ts&stream=738902
US| FUBO SPORTS 2,http://line.senpay23.com:80/play/live.php?mac=00:1A:79:CA:A3:92&extension=ts&stream=738901
US| FUBO SPORTS 3,http://line.senpay23.com:80/play/live.php?mac=00:1A:79:CA:A3:92&extension=ts&stream=738900
US| FUBO SPORTS 4,http://line.senpay23.com:80/play/live.php?mac=00:1A:79:CA:A3:92&extension=ts&stream=738899
US| FUBO SPORTS 5,http://line.senpay23.com:80/play/live.php?mac=00:1A:79:CA:A3:92&extension=ts&stream=738898
US| FUBO SPORTS NETWORK,http://line.senpay23.com:80/play/live.php?mac=00:1A:79:CA:A3:92&extension=ts&stream=91895
US| GINX ESPORTS,http://line.senpay23.com:80/play/live.php?mac=00:1A:79:CA:A3:92&extension=ts&stream=91854
US| GOL TV,http://line.senpay23.com:80/play/live.php?mac=00:1A:79:CA:A3:92&extension=ts&stream=91896
US| GOLF CHANNEL,http://line.senpay23.com:80/play/live.php?mac=00:1A:79:CA:A3:92&extension=ts&stream=45554
US| MARQUEE SPORTS NETWORK,http://line.senpay23.com:80/play/live.php?mac=00:1A:79:CA:A3:92&extension=ts&stream=272828
US| MLB NETWORK,http://line.senpay23.com:80/play/live.php?mac=00:1A:79:CA:A3:92&extension=ts&stream=45539
US| MLB STRIKE ZONE,http://line.senpay23.com:80/play/live.php?mac=00:1A:79:CA:A3:92&extension=ts&stream=91899
US| MSG 2,http://line.senpay23.com:80/play/live.php?mac=00:1A:79:CA:A3:92&extension=ts&stream=91901
US| MSG 2 PLUS,http://line.senpay23.com:80/play/live.php?mac=00:1A:79:CA:A3:92&extension=ts&stream=91902
US| MSG,http://line.senpay23.com:80/play/live.php?mac=00:1A:79:CA:A3:92&extension=ts&stream=91900
US| MSG PLUS,http://line.senpay23.com:80/play/live.php?mac=00:1A:79:CA:A3:92&extension=ts&stream=91922
US| NBC GOLF,http://line.senpay23.com:80/play/live.php?mac=00:1A:79:CA:A3:92&extension=ts&stream=45532
US| NBC SPORTS BAY AREA,http://line.senpay23.com:80/play/live.php?mac=00:1A:79:CA:A3:92&extension=ts&stream=234675
US| NBC SPORTS CALIFORNIA,http://line.senpay23.com:80/play/live.php?mac=00:1A:79:CA:A3:92&extension=ts&stream=234673
US| NBC SPORTS CHICAGO,http://line.senpay23.com:80/play/live.php?mac=00:1A:79:CA:A3:92&extension=ts&stream=234674
US| NBC SPORTS CHICAGO,http://line.senpay23.com:80/play/live.php?mac=00:1A:79:CA:A3:92&extension=ts&stream=90942
US| NBC SPORTS CHICAGO PLUS,http://line.senpay23.com:80/play/live.php?mac=00:1A:79:CA:A3:92&extension=ts&stream=90944
US| NBC SPORTS CHICAGO UHD/4K (EVENT ONLY),http://line.senpay23.com:80/play/live.php?mac=00:1A:79:CA:A3:92&extension=ts&stream=1124349
US| NBC SPORTS NETWORK,http://line.senpay23.com:80/play/live.php?mac=00:1A:79:CA:A3:92&extension=ts&stream=234677
US| NBC SPORTS NORTHWEST,http://line.senpay23.com:80/play/live.php?mac=00:1A:79:CA:A3:92&extension=ts&stream=234676
US| NBC SPORTS PHILADELFIA,http://line.senpay23.com:80/play/live.php?mac=00:1A:79:CA:A3:92&extension=ts&stream=234671
US| NBC SPORTS UHD/4K,http://line.senpay23.com:80/play/live.php?mac=00:1A:79:CA:A3:92&extension=ts&stream=1124350
US| NBC SPORTS WASHINGTON,http://line.senpay23.com:80/play/live.php?mac=00:1A:79:CA:A3:92&extension=ts&stream=234672
US| NESN UHD/4K,http://line.senpay23.com:80/play/live.php?mac=00:1A:79:CA:A3:92&extension=ts&stream=1124351
US| PAC 12 ARIZONA,http://line.senpay23.com:80/play/live.php?mac=00:1A:79:CA:A3:92&extension=ts&stream=45516
US| PAC 12 BAY AREA,http://line.senpay23.com:80/play/live.php?mac=00:1A:79:CA:A3:92&extension=ts&stream=45515
US| PAC 12 LOS ANGELES,http://line.senpay23.com:80/play/live.php?mac=00:1A:79:CA:A3:92&extension=ts&stream=45514
US| PAC 12 MOUNTAIN,http://line.senpay23.com:80/play/live.php?mac=00:1A:79:CA:A3:92&extension=ts&stream=45513
US| PAC 12 NATIONAL,http://line.senpay23.com:80/play/live.php?mac=00:1A:79:CA:A3:92&extension=ts&stream=84041
US| PAC 12 OREGON,http://line.senpay23.com:80/play/live.php?mac=00:1A:79:CA:A3:92&extension=ts&stream=45512
US| PAC 12 WASHINGTON,http://line.senpay23.com:80/play/live.php?mac=00:1A:79:CA:A3:92&extension=ts&stream=45511
US| POKERGO,http://line.senpay23.com:80/play/live.php?mac=00:1A:79:CA:A3:92&extension=ts&stream=806919
US| REDBULL TV,http://line.senpay23.com:80/play/live.php?mac=00:1A:79:CA:A3:92&extension=ts&stream=1088241
US| ROOT SPORTS,http://line.senpay23.com:80/play/live.php?mac=00:1A:79:CA:A3:92&extension=ts&stream=272827
US| SEC NETWORK,http://line.senpay23.com:80/play/live.php?mac=00:1A:79:CA:A3:92&extension=ts&stream=45506
US| SPORTSGRID,http://line.senpay23.com:80/play/live.php?mac=00:1A:79:CA:A3:92&extension=ts&stream=988340
US| SPORTSMAN CHANNEL,http://line.senpay23.com:80/play/live.php?mac=00:1A:79:CA:A3:92&extension=ts&stream=91873
US| SPORTSNET LA DODGERS,http://line.senpay23.com:80/play/live.php?mac=00:1A:79:CA:A3:92&extension=ts&stream=91905
US| SPORTSNET LA LAKERS,http://line.senpay23.com:80/play/live.php?mac=00:1A:79:CA:A3:92&extension=ts&stream=91904
US| SPORTSNET NEW YORK,http://line.senpay23.com:80/play/live.php?mac=00:1A:79:CA:A3:92&extension=ts&stream=90946
US| STADIUM 1,http://line.senpay23.com:80/play/live.php?mac=00:1A:79:CA:A3:92&extension=ts&stream=91918
US| STADIUM 2,http://line.senpay23.com:80/play/live.php?mac=00:1A:79:CA:A3:92&extension=ts&stream=91919
US| STADIUM 3,http://line.senpay23.com:80/play/live.php?mac=00:1A:79:CA:A3:92&extension=ts&stream=91920
US| STADIUM,http://line.senpay23.com:80/play/live.php?mac=00:1A:79:CA:A3:92&extension=ts&stream=91917
US| SUPERSPORT TENNIS,http://line.senpay23.com:80/play/live.php?mac=00:1A:79:CA:A3:92&extension=ts&stream=811666
US| TENNIS CHANNEL,http://line.senpay23.com:80/play/live.php?mac=00:1A:79:CA:A3:92&extension=ts&stream=811667
US| TENNIS CHANNEL PLUS 1,http://line.senpay23.com:80/play/live.php?mac=00:1A:79:CA:A3:92&extension=ts&stream=959419
US| TENNIS CHANNEL PLUS 10,http://line.senpay23.com:80/play/live.php?mac=00:1A:79:CA:A3:92&extension=ts&stream=959428
US| TENNIS CHANNEL PLUS 11,http://line.senpay23.com:80/play/live.php?mac=00:1A:79:CA:A3:92&extension=ts&stream=959429
US| TENNIS CHANNEL PLUS 12,http://line.senpay23.com:80/play/live.php?mac=00:1A:79:CA:A3:92&extension=ts&stream=959430
US| TENNIS CHANNEL PLUS 2,http://line.senpay23.com:80/play/live.php?mac=00:1A:79:CA:A3:92&extension=ts&stream=959420
US| TENNIS CHANNEL PLUS 3,http://line.senpay23.com:80/play/live.php?mac=00:1A:79:CA:A3:92&extension=ts&stream=959421
US| TENNIS CHANNEL PLUS 4,http://line.senpay23.com:80/play/live.php?mac=00:1A:79:CA:A3:92&extension=ts&stream=959422
US| TENNIS CHANNEL PLUS 5,http://line.senpay23.com:80/play/live.php?mac=00:1A:79:CA:A3:92&extension=ts&stream=959423
US| TENNIS CHANNEL PLUS 6,http://line.senpay23.com:80/play/live.php?mac=00:1A:79:CA:A3:92&extension=ts&stream=959424
US| TENNIS CHANNEL PLUS 7,http://line.senpay23.com:80/play/live.php?mac=00:1A:79:CA:A3:92&extension=ts&stream=959425
US| TENNIS CHANNEL PLUS 8,http://line.senpay23.com:80/play/live.php?mac=00:1A:79:CA:A3:92&extension=ts&stream=959426
US| TENNIS CHANNEL PLUS 9,http://line.senpay23.com:80/play/live.php?mac=00:1A:79:CA:A3:92&extension=ts&stream=959427
US| TENNIS,http://line.senpay23.com:80/play/live.php?mac=00:1A:79:CA:A3:92&extension=ts&stream=45474
US| UFC,http://line.senpay23.com:80/play/live.php?mac=00:1A:79:CA:A3:92&extension=ts&stream=91949
US| VSIN,http://line.senpay23.com:80/play/live.php?mac=00:1A:79:CA:A3:92&extension=ts&stream=91923
US| WILLOW CRICKET,http://line.senpay23.com:80/play/live.php?mac=00:1A:79:CA:A3:92&extension=ts&stream=45463
US| WORLD POKER TOUR,http://line.senpay23.com:80/play/live.php?mac=00:1A:79:CA:A3:92&extension=ts&stream=806920
US| WWE,http://line.senpay23.com:80/play/live.php?mac=00:1A:79:CA:A3:92&extension=ts&stream=45462
US| YES NETWORK,http://line.senpay23.com:80/play/live.php?mac=00:1A:79:CA:A3:92&extension=ts&stream=90970
US| Z CLASSIC,http://line.senpay23.com:80/play/live.php?mac=00:1A:79:CA:A3:92&extension=ts&stream=150359
CBS News Los Angeles,http://proxpanel.cc/Aidan12/Aidan1212/1051
ABC KABC Los Angeles,http://proxpanel.cc/Aidan12/Aidan1212/1239
CBS KCAL Los AngelesL,http://proxpanel.cc/Aidan12/Aidan1212/1514
CBS KCBS Los Angeles,http://proxpanel.cc/Aidan12/Aidan1212/1404
CW KTLA Los Angeles,http://proxpanel.cc/Aidan12/Aidan1212/2031
FOX KTTV Los Angeles,http://proxpanel.cc/Aidan12/Aidan1212/1682
NBC KNBC Los Angeles,http://proxpanel.cc/Aidan12/Aidan1212/1836
CA Fairchild 2,http://proxpanel.cc/Aidan12/Aidan1212/3888
CA Fairchild Television,http://proxpanel.cc/Aidan12/Aidan1212/3887
CA Fairchild Television Mandarin,http://proxpanel.cc/Aidan12/Aidan1212/3886
CA Fairchild Television West,http://proxpanel.cc/Aidan12/Aidan1212/3885
USA 7 News Boston (WHDH),http://proxpanel.cc/Aidan12/Aidan1212/1019
USA AccuWeather,http://proxpanel.cc/Aidan12/Aidan1212/515
USA Alaska's News Source KTUU,http://proxpanel.cc/Aidan12/Aidan1212/997
USA BBC America,http://proxpanel.cc/Aidan12/Aidan1212/1066
USA BBC World News,http://proxpanel.cc/Aidan12/Aidan1212/1065
USA Bloomberg,http://proxpanel.cc/Aidan12/Aidan1212/1062
USA Bloomberg Originals,http://proxpanel.cc/Aidan12/Aidan1212/637147
USA CBS News 24/7,http://proxpanel.cc/Aidan12/Aidan1212/1057
USA CBS News Bay Area,http://proxpanel.cc/Aidan12/Aidan1212/1056
USA CBS News Boston,http://proxpanel.cc/Aidan12/Aidan1212/1055
USA CBS News Chicago,http://proxpanel.cc/Aidan12/Aidan1212/1054
USA CBS News Colorado,http://proxpanel.cc/Aidan12/Aidan1212/1053
USA CBS News Detroit,http://proxpanel.cc/Aidan12/Aidan1212/1052
USA CBS News New York,http://proxpanel.cc/Aidan12/Aidan1212/1049
USA CBS News Philly,http://proxpanel.cc/Aidan12/Aidan1212/1048
USA CBS News Pittsburgh,http://proxpanel.cc/Aidan12/Aidan1212/1047
USA CBSN Minnesota,http://proxpanel.cc/Aidan12/Aidan1212/1050
USA CGTN (English),http://proxpanel.cc/Aidan12/Aidan1212/1046
USA Cheddar Business,http://proxpanel.cc/Aidan12/Aidan1212/1045
USA Cheddar News,http://proxpanel.cc/Aidan12/Aidan1212/1044
USA CNBC,http://proxpanel.cc/Aidan12/Aidan1212/1043
USA CNBC World,http://proxpanel.cc/Aidan12/Aidan1212/636630
USA CNBC World,http://proxpanel.cc/Aidan12/Aidan1212/1042
USA CNN,http://proxpanel.cc/Aidan12/Aidan1212/1041
USA CNN INTERNATIONAL,http://proxpanel.cc/Aidan12/Aidan1212/1040
USA C-SPAN,http://proxpanel.cc/Aidan12/Aidan1212/1061
USA C-SPAN 2,http://proxpanel.cc/Aidan12/Aidan1212/1060
USA C-SPAN 3,http://proxpanel.cc/Aidan12/Aidan1212/1059
USA Fox Business,http://proxpanel.cc/Aidan12/Aidan1212/1039
USA Fox News,http://proxpanel.cc/Aidan12/Aidan1212/1038
USA FOX Weather,http://proxpanel.cc/Aidan12/Aidan1212/994
USA HLN,http://proxpanel.cc/Aidan12/Aidan1212/1036
USA Infowars,http://proxpanel.cc/Aidan12/Aidan1212/1035
USA Live NOW from FOX,http://proxpanel.cc/Aidan12/Aidan1212/993
USA MSNBC,http://proxpanel.cc/Aidan12/Aidan1212/1034
USA NBC News NOW,http://proxpanel.cc/Aidan12/Aidan1212/992
USA NBCLX,http://proxpanel.cc/Aidan12/Aidan1212/991
USA New England Cable News,http://proxpanel.cc/Aidan12/Aidan1212/1033
USA News 12 Brooklyn,http://proxpanel.cc/Aidan12/Aidan1212/1032
USA News 12 Hudson Valley,http://proxpanel.cc/Aidan12/Aidan1212/1030
USA News 12 Long Island,http://proxpanel.cc/Aidan12/Aidan1212/1029
USA News 12 New Jersey,http://proxpanel.cc/Aidan12/Aidan1212/1028
USA News 12 New York,http://proxpanel.cc/Aidan12/Aidan1212/1031
USA News 12 The Bronx,http://proxpanel.cc/Aidan12/Aidan1212/1026
USA News 12 Westchester,http://proxpanel.cc/Aidan12/Aidan1212/1025
USA NewsNation,http://proxpanel.cc/Aidan12/Aidan1212/995
USA Newsy (Scripps News),http://proxpanel.cc/Aidan12/Aidan1212/1023
USA One American News,http://proxpanel.cc/Aidan12/Aidan1212/1022
USA Revry News,http://proxpanel.cc/Aidan12/Aidan1212/637148
USA RT America,http://proxpanel.cc/Aidan12/Aidan1212/1021
USA Salem News Channel,http://proxpanel.cc/Aidan12/Aidan1212/637146
USA Scripps News,http://proxpanel.cc/Aidan12/Aidan1212/636600
USA Spectrum Bay News 9,http://proxpanel.cc/Aidan12/Aidan1212/1018
USA Spectrum News 1 Albany NY,http://proxpanel.cc/Aidan12/Aidan1212/1014
USA Spectrum News 1 Austin TX,http://proxpanel.cc/Aidan12/Aidan1212/1007
USA SPECTRUM NEWS 1 CAROLINAS COASTAL,http://proxpanel.cc/Aidan12/Aidan1212/634241
USA SPECTRUM NEWS 1 CAROLINAS GREENSBORO,http://proxpanel.cc/Aidan12/Aidan1212/634239
USA SPECTRUM NEWS 1 CAROLINAS MOUNTAIN,http://proxpanel.cc/Aidan12/Aidan1212/634240
USA SPECTRUM NEWS 1 CAROLINAS RALEIGH,http://proxpanel.cc/Aidan12/Aidan1212/634242
USA Spectrum News 1 Charlotte NC,http://proxpanel.cc/Aidan12/Aidan1212/1013
USA Spectrum News 1 CINCINNATI,http://proxpanel.cc/Aidan12/Aidan1212/1009
USA SPECTRUM NEWS 1 CLEVELAND AKRON,http://proxpanel.cc/Aidan12/Aidan1212/634234
USA SPECTRUM NEWS 1 COLUMBUS,http://proxpanel.cc/Aidan12/Aidan1212/634233
USA Spectrum News 1 Dallas,http://proxpanel.cc/Aidan12/Aidan1212/1012
USA SPECTRUM NEWS 1 DAYTON,http://proxpanel.cc/Aidan12/Aidan1212/634232
USA SPECTRUM NEWS 1 EL PASO TEXAS,http://proxpanel.cc/Aidan12/Aidan1212/634230
USA SPECTRUM News 1 GREEN BAY APPLETON,http://proxpanel.cc/Aidan12/Aidan1212/634229
USA SPECTRUM NEWS 1 KENTUCKY,http://proxpanel.cc/Aidan12/Aidan1212/1015
USA Spectrum News 1 KENTUCKY EVANSVILLE,http://proxpanel.cc/Aidan12/Aidan1212/634248
USA SPECTRUM NEWS 1 KENTUCKY LEXINGTON,http://proxpanel.cc/Aidan12/Aidan1212/634247
USA Spectrum News 1 Kentucky Louisville,http://proxpanel.cc/Aidan12/Aidan1212/634246
USA Spectrum News 1 MA Pittsfield,http://proxpanel.cc/Aidan12/Aidan1212/634245
USA Spectrum News 1 MA SpringField,http://proxpanel.cc/Aidan12/Aidan1212/634244
USA Spectrum News 1 MA Worcester,http://proxpanel.cc/Aidan12/Aidan1212/634243
USA SPECTRUM NEWS 1 MADISON,http://proxpanel.cc/Aidan12/Aidan1212/634228
USA SPECTRUM NEWS 1 MILWAUKEE,http://proxpanel.cc/Aidan12/Aidan1212/634227
USA Spectrum News 1 San Antonio,http://proxpanel.cc/Aidan12/Aidan1212/1005
USA Spectrum News 13 Central,http://proxpanel.cc/Aidan12/Aidan1212/632318
USA Spectrum News 13 Central FL,http://proxpanel.cc/Aidan12/Aidan1212/1008
USA Spectrum News Albany,http://proxpanel.cc/Aidan12/Aidan1212/634225
USA Spectrum News Buffalo,http://proxpanel.cc/Aidan12/Aidan1212/306308
USA SPECTRUM NEWS CENTRAL NY,http://proxpanel.cc/Aidan12/Aidan1212/634237
USA SPECTRUM NEWS HUDSON VALLEY,http://proxpanel.cc/Aidan12/Aidan1212/634236
USA Spectrum News MO St Louis,http://proxpanel.cc/Aidan12/Aidan1212/634226
USA Spectrum News NEW YORK ROCHESTER,http://proxpanel.cc/Aidan12/Aidan1212/634235
USA SPECTRUM NEWS NY1,http://proxpanel.cc/Aidan12/Aidan1212/634238
USA SPECTRUM NEWS NY1,http://proxpanel.cc/Aidan12/Aidan1212/1006
USA Spectrum News South Carolina,http://proxpanel.cc/Aidan12/Aidan1212/999
USA Spectrum News1 Toledo Lima,http://proxpanel.cc/Aidan12/Aidan1212/634231
USA Spectrum Noticias NY1,http://proxpanel.cc/Aidan12/Aidan1212/632317
USA Spectrum OC16,http://proxpanel.cc/Aidan12/Aidan1212/634250
USA Spectrum Sports Encore,http://proxpanel.cc/Aidan12/Aidan1212/634249
USA The Grio,http://proxpanel.cc/Aidan12/Aidan1212/1063
USA The Weather Channel,http://proxpanel.cc/Aidan12/Aidan1212/369
USA TVG Network,http://proxpanel.cc/Aidan12/Aidan1212/836
USA TVG 2 Network,http://proxpanel.cc/Aidan12/Aidan1212/835
USA TYT Network,http://proxpanel.cc/Aidan12/Aidan1212/990
USA Weather Nation,http://proxpanel.cc/Aidan12/Aidan1212/1020
USA Yahoo Finance,http://proxpanel.cc/Aidan12/Aidan1212/636592
ABC 20/20,https://jmp2.uk/stvp-US4800001W5
AccuWeather NOW,https://jmp2.uk/stvp-US50000551O
Asianet News,https://jmp2.uk/stvp-IN800012RO
BFM Business,https://jmp2.uk/stvp-FRBD4100006OC
Bloomberg Originals,https://jmp2.uk/stvp-USAJ30000041W
Bloomberg TV+,https://jmp2.uk/stvp-USAJ3400011A8
Bloomberg TV+,https://jmp2.uk/stvp-DEBA3300027ZJ
Bloomberg TV+,https://jmp2.uk/stvp-FR1400004VF
Bloomberg TV+,https://jmp2.uk/stvp-ATBA3300018K1
Bloomberg TV+,https://jmp2.uk/stvp-CHBA3300018TD
Bloomberg TV+,https://jmp2.uk/stvp-ITBA3300025F5
Bloomberg TV+,https://jmp2.uk/stvp-GBBA3300033C2
CBC News,https://jmp2.uk/stvp-CABC2300009KD
CBC News,https://jmp2.uk/stvp-USBC4400003OU
CBS News 24/7,https://jmp2.uk/stvp-USBA370000104
CBS News 24/7,https://jmp2.uk/plu-5a6b92f6e22a617379789618.m3u8
CBS News 24/7,https://jmp2.uk/plu-6350fdd266e9ea0007bedec5.m3u8
Class CNBC,https://jmp2.uk/stvp-IT2700002ZN
CNBC,https://jmp2.uk/stvp-ESBD36000026Z
CNBC,https://jmp2.uk/stvp-GBBD3600001NO
CNBC,https://jmp2.uk/stvp-ITBD3600002PA
CNN,https://jmp2.uk/stvp-ATBD800001VA
CNN Headlines,https://jmp2.uk/stvp-DEBD19000012M
CNN Headlines,https://jmp2.uk/stvp-ATBD190000101
CNN Headlines,https://jmp2.uk/stvp-FRBD190001055
CNN Headlines,https://jmp2.uk/stvp-CHBD1900001JB
CNN Headlines,https://jmp2.uk/stvp-ITBD19000097D
CNN Headlines,https://jmp2.uk/stvp-GBBD1900008O3
CNN News18,https://jmp2.uk/stvp-INBD1300009QZ
Euronews EN DIRECT,https://jmp2.uk/stvp-FR2600004SS
Euronews LIVE,https://jmp2.uk/stvp-DE2600003TR
Euronews LIVE,https://jmp2.uk/stvp-GB2600019ON
Euronews LIVE,https://jmp2.uk/stvp-CH26000037F
Euronews LIVE,https://jmp2.uk/stvp-AT2600002KW
FanDuel TV Extra,https://jmp2.uk/stvp-US1400012RF
FOX News Los Angeles,https://jmp2.uk/plu-667f2c7b22acab0008b7072b.m3u8
LiveNOW from FOX,https://jmp2.uk/stvp-USBA300024TN
FOX Weather,https://jmp2.uk/stvp-USBD700003L7
FRANCE 24 FAST,https://jmp2.uk/stvp-DEBD1100002II
FRANCE 24 FAST,https://jmp2.uk/stvp-CHBD1100003CW
FRANCE 24 FAST,https://jmp2.uk/stvp-ATBD1100002TA
FRANCE 24 FAST,https://jmp2.uk/stvp-GBBD1100002L5
FRANCE 24 FAST,https://jmp2.uk/stvp-ITBD1100002WX
GB News,https://jmp2.uk/stvp-GBBB1600008R3
LOCAL NOW Los Angeles,https://catram-packager-018.nextologies.com/6382dce7bdc0a0da/cfcdd58ca01e6ce9/b4b88b6078603f45/cfcdd58ca01e6ce92500/chunks.m3u8
NBC News Los Angeles,https://jmp2.uk/plu-65790cda6e4f6a0008768764.m3u8
NBC LX Home,https://jmp2.uk/stvp-USBB40000028E
Rai News 24,https://jmp2.uk/stvp-IT3200004WU
Reuters,https://jmp2.uk/stvp-DEBD4900001QV
Reuters,https://jmp2.uk/stvp-FRBD490000195
Reuters,https://jmp2.uk/stvp-GBBD4900001RG
Sky News,https://jmp2.uk/stvp-USBB52000022Q
Sky News,https://jmp2.uk/stvp-GB3300002NF
Sky News International,https://jmp2.uk/stvp-CH34000014Q
Sky News International,https://jmp2.uk/stvp-AT1100004SR
Sky News International,https://jmp2.uk/stvp-IT3400003D6
Sky News International,https://jmp2.uk/stvp-FR3400002VW
Sky News International,https://jmp2.uk/stvp-DE3400001N1
SPIEGEL TV,https://jmp2.uk/stvp-DEAK0500441A
SPIEGEL TV,https://jmp2.uk/stvp-CHAJ0500445A
SPIEGEL TV,https://jmp2.uk/stvp-ATAJ0500445A
Talk,https://jmp2.uk/stvp-GB1200006IV
Tech & Co,https://jmp2.uk/stvp-FRBD4100010ZZ
The Weather Network,https://jmp2.uk/stvp-CABC23000223U
TV5 Monde Info,https://jmp2.uk/stvp-IT18000033C
TV5 Monde Info,https://jmp2.uk/stvp-FR1800005X0
Yahoo Finance,https://jmp2.uk/stvp-USAJ4300005PJ
KABC,http://primep2.tv:826/live/SourPatchKid/nlnE4DVQUs/98469.ts
KCAL,http://primep2.tv:826/live/SourPatchKid/nlnE4DVQUs/106298.ts
KCBS,http://primep2.tv:826/live/SourPatchKid/nlnE4DVQUs/106299.ts
KNBC,http://primep2.tv:826/live/SourPatchKid/nlnE4DVQUs/106497.ts
KTTV,http://primep2.tv:826/live/SourPatchKid/nlnE4DVQUs/106405.ts
ACCUWEATHER,http://primep2.tv:826/live/SourPatchKid/nlnE4DVQUs/102227.ts
BBC WORLD NEWS,http://primep2.tv:826/live/SourPatchKid/nlnE4DVQUs/105861.ts
BLOOMBERG,http://primep2.tv:826/live/SourPatchKid/nlnE4DVQUs/102140.ts
CGTN DOC,http://primep2.tv:826/live/SourPatchKid/nlnE4DVQUs/107166.ts
CNN INTL,http://primep2.tv:826/live/SourPatchKid/nlnE4DVQUs/112859.ts
CNBC,http://primep2.tv:826/live/SourPatchKid/nlnE4DVQUs/102154.ts
CP24,http://primep2.tv:826/live/SourPatchKid/nlnE4DVQUs/36921.ts
FOX BUSINESS,http://primep2.tv:826/live/SourPatchKid/nlnE4DVQUs/105893.ts
FOX NEWS,http://primep2.tv:826/live/SourPatchKid/nlnE4DVQUs/105894.ts
MS NOW,http://primep2.tv:826/live/SourPatchKid/nlnE4DVQUs/102192.ts
RTE NEWS,http://primep2.tv:826/live/SourPatchKid/nlnE4DVQUs/106992.ts
SKY NEWS,http://primep2.tv:826/live/SourPatchKid/nlnE4DVQUs/109062.ts
FANDUEL TV,http://primep2.tv:826/live/SourPatchKid/nlnE4DVQUs/105975.ts
FANDUEL RACING,http://primep2.tv:826/live/SourPatchKid/nlnE4DVQUs/97589.ts
THE WEATHER CHANNEL,http://primep2.tv:826/live/SourPatchKid/nlnE4DVQUs/102226.ts
KABC,http://me.mdmfista.com:80/play/live.php?mac=00:1A:79:B7:2C:3B&stream=986302&extension=ts
KABC,http://best-8k.org/live/jjyw70ss4w/ek5ui8ithc/76897.ts
KABC,http://v3tv.live:80/play/live.php?extension=ts&mac=00:1A:79:C2:01:8B&stream=76897
KABC,http://volltv.site/live/EDW455451/bf82f0256c44be73/715250.ts
CBS NEWS LOS ANGELES,http://me.mdmfista.com:80/play/live.php?mac=00:1A:79:B7:2C:3B&stream=855310&extension=ts
CBS NEWS LOS ANGELES,http://volltv.site/live/EDW455451/bf82f0256c44be73/597249.ts
KCAL,http://me.mdmfista.com:80/play/live.php?mac=00:1A:79:B7:2C:3B&stream=986800&extension=ts
KCAL,http://best-8k.org/live/jjyw70ss4w/ek5ui8ithc/76860.ts
KCAL,http://best-8k.org/live/jjyw70ss4w/ek5ui8ithc/76861.ts
KCAL,http://lunar.pm:8080/live/kita/Twin/64570.ts
KCAL,http://v3tv.live:80/play/live.php?extension=ts&mac=00:1A:79:C2:01:8B&stream=76860
KCBS,http://me.mdmfista.com:80/play/live.php?mac=00:1A:79:B7:2C:3B&stream=986751&extension=ts
KCBS,http://best-8k.org/live/jjyw70ss4w/ek5ui8ithc/76745.ts
KCBS,http://volltv.site/live/EDW455451/bf82f0256c44be73/596205.ts
KTTV,http://me.mdmfista.com:80/play/live.php?mac=00:1A:79:B7:2C:3B&stream=987066&extension=ts
KTTV,http://volltv.site/live/EDW455451/bf82f0256c44be73/716313.ts
KTTV,http://best-8k.org/live/jjyw70ss4w/ek5ui8ithc/76434.ts
KTTV,http://v3tv.live:80/play/live.php?extension=ts&mac=00:1A:79:C2:01:8B&stream=76434
KNBC,http://me.mdmfista.com:80/play/live.php?mac=00:1A:79:B7:2C:3B&stream=987459&extension=ts
KNBC,http://best-8k.org/live/jjyw70ss4w/ek5ui8ithc/76617.ts
KNBC,http://volltv.site/live/EDW455451/bf82f0256c44be73/715766.ts
KTLA,http://volltv.site/live/EDW455451/bf82f0256c44be73/235634.ts
KTLA,http://best-8k.org/live/jjyw70ss4w/ek5ui8ithc/279327.ts
KTLA,http://v3tv.live:80/play/live.php?extension=ts&mac=00:1A:79:C2:01:8B&stream=279327
SPECTRUM NEWS 1 LOS ANGELES,http://me.mdmfista.com:80/play/live.php?mac=00:1A:79:B7:2C:3B&stream=855273&extension=ts
SPECTRUM NEWS 1 LOS ANGELES,http://v3tv.live:80/play/live.php?extension=ts&mac=00:1A:79:C2:01:8B&stream=306915
SPECTRUM NEWS 1 LOS ANGELES,http://best-8k.org/live/jjyw70ss4w/ek5ui8ithc/306933.ts
ACCU WEATHER,http://me.mdmfista.com:80/play/live.php?mac=00:1A:79:B7:2C:3B&stream=855359&extension=ts
CBS NEWS 24/7,http://me.mdmfista.com:80/play/live.php?mac=00:1A:79:B7:2C:3B&stream=986865&extension=ts
CGTN DOCUMENTARY,http://best-8k.org/live/jjyw70ss4w/ek5ui8ithc/1802487.ts
CNBC,http://me.mdmfista.com:80/play/live.php?mac=00:1A:79:B7:2C:3B&stream=911053&extension=ts
CNBC,http://best-8k.org/live/jjyw70ss4w/ek5ui8ithc/13150.ts
CNBC,http://d029dcec.kazmazpaz.ru/iptv/FHKC2D3GGKYK3Q/962/index.m3u8
CNN INTL,http://me.mdmfista.com:80/play/live.php?mac=00:1A:79:B7:2C:3B&stream=855336&extension=ts
CNN INTL,http://best-8k.org/live/jjyw70ss4w/ek5ui8ithc/279311.ts
CNN INTL,http://d029dcec.kazmazpaz.ru/iptv/FHKC2D3GGKYK3Q/31301/index.m3u8
EURONEWS,https://live-manifest.production-public.tubi.io/live/c841471d-dc14-43fb-9ba5-c266e7edcce4/playlist.m3u8
EURONEWS,http://best-8k.org/live/jjyw70ss4w/ek5ui8ithc/1870431.ts
FOX BUSINESS,http://me.mdmfista.com:80/play/live.php?mac=00:1A:79:B7:2C:3B&stream=855305&extension=ts
FOX BUSINESS,http://best-8k.org/live/jjyw70ss4w/ek5ui8ithc/1861261.ts
FOX NEWS,http://me.mdmfista.com:80/play/live.php?mac=00:1A:79:B7:2C:3B&stream=855338&extension=ts
FOX NEWS,http://best-8k.org/live/jjyw70ss4w/ek5ui8ithc/1236471.ts
FOX NEWS,http://d029dcec.kazmazpaz.ru/iptv/FHKC2D3GGKYK3Q/19147/index.m3u8
FOX NEWS NOW,http://me.mdmfista.com:80/play/live.php?mac=00:1A:79:B7:2C:3B&stream=987158&extension=ts
FOX NEWS NOW,https://live-manifest.production-public.tubi.io/live/a576cd08-8cbc-43e2-a873-8647b363abcb/playlist.m3u8
FOX WEATHER,http://me.mdmfista.com:80/play/live.php?mac=00:1A:79:B7:2C:3B&stream=855304&extension=ts
FOX WEATHER,https://live-manifest.production-public.tubi.io/live/f1fd1442-62f5-4663-9049-c08c27f6d980/playlist.m3u8
MSNBC,http://me.mdmfista.com:80/play/live.php?mac=00:1A:79:B7:2C:3B&stream=855331&extension=ts
MSNBC,http://best-8k.org/live/jjyw70ss4w/ek5ui8ithc/1236515.ts
RTE NEWS,http://me.mdmfista.com:80/play/live.php?mac=00:1A:79:B7:2C:3B&stream=595799&extension=ts
RTE NEWS,http://best-8k.org/live/jjyw70ss4w/ek5ui8ithc/13643.ts
SKY NEWS,http://me.mdmfista.com:80/play/live.php?mac=00:1A:79:B7:2C:3B&stream=823742&extension=ts
SKY NEWS,http://d029dcec.kazmazpaz.ru/iptv/FHKC2D3GGKYK3Q/2475/index.m3u8
SKY NEWS,http://best-8k.org/live/jjyw70ss4w/ek5ui8ithc/75411.ts
THE WEATHER CHANNEL,http://me.mdmfista.com:80/play/live.php?mac=00:1A:79:B7:2C:3B&stream=855457&extension=ts
THE WEATHER CHANNEL,http://best-8k.org/live/jjyw70ss4w/ek5ui8ithc/75416.ts
TRT WORLD,http://best-8k.org/live/jjyw70ss4w/ek5ui8ithc/1174205.ts
TVG,http://me.mdmfista.com:80/play/live.php?mac=00:1A:79:B7:2C:3B&stream=858679&extension=ts
TVG,http://best-8k.org/live/jjyw70ss4w/ek5ui8ithc/54180.ts
TVG2,http://best-8k.org/live/jjyw70ss4w/ek5ui8ithc/54179.ts
AccuWeather,http://bgdc.live:25461/randallo2023/6064013450/30528
Bloomberg,ttp://bgdc.live:25461/randallo2023/6064013450/15336
BBC WORLD NEWS,http://skyfilex.fun/live/249433528395/864483763454/1059.ts
BBC WORLD NEWS,http://23.237.104.106:8080/USA_BBC_NEWS/mpegts
BBC WORLD NEWS,https://jmp2.uk/rok-6183f9f73a64394cf3c55690605af2a7.m3u8
BBC WORLD NEWS,http://lunar.pm:8080/live/kita/Twin/8805.ts
CBS NEWS 24/7,http://ky-tv.cc/live/brendan1/brendan1/517979.ts
CGTN DOCUMENTARY,https://amg00405-rakutentv-cgtndocumentary-rakuten-0ql8j.amagi.tv/master.m3u8
CGTN DOCUMENTARY,https://english-livebkali.cgtn.com/live/doccgtn.m3u8
CNBC,http://d029dcec.kazmazpaz.ru/iptv/FHKC2D3GGKYK3Q/6482/index.m3u8
CNBC WORLD,http://live.btv.mx:2424/stream/279678/smAVz_uhytj5REM-4pYNZbkrcB2
CNN,http://d029dcec.kazmazpaz.ru/iptv/FHKC2D3GGKYK3Q/6499/index.m3u8
CNN,https://jmp2.uk/stvp-GBBD8000016N
CNN INTL,http://skyfilex.fun/live/249433528395/864483763454/1486.ts
CNN INTL,http://lunar.pm:8080/live/kita/Twin/120251.ts
CNN INTL,https://dqmhiwgbe98iq.cloudfront.net/v1/master/3722c60a815c199d9c0ef36c5b73da68a62b09d1/cc-1e8xhm2nv4xdw/index.m3u8
CNN INTL,http://163.172.64.96:2017/live/GBa19qrcQYa3/u2c8FLfgkK/253.ts
CP 24 CA,http://skyfilex.fun/live/249433528395/864483763454/616224.ts
CP 24 CA,http://d029dcec.kazmazpaz.ru/iptv/FHKC2D3GGKYK3Q/6501/index.m3u8
EURONEWS,http://skyfilex.fun/live/249433528395/864483763454/148676.ts
FOX BUSINESS,http://lunar.pm:8080/live/kita/Twin/9328.ts
FOX NEWS,http://skyfilex.fun/live/249433528395/864483763454/51.ts
FOX NEWS,http://lunar.pm:8080/live/kita/Twin/123011.ts
FOX NEWS,http://d029dcec.kazmazpaz.ru/iptv/3K5Z3VE8M7N89U/19147/index.m3u8
LIVENOW FROM FOX,https://jmp2.uk/rok-f9c0d48b540a55dcb98b04d2cc8abf25.m3u8
LIVENOW FROM FOX,http://163.172.64.96:2017/live/GBa19qrcQYa3/u2c8FLfgkK/252.ts
FOX WEATHER,http://bgdc.live:25461/randallo2023/6064013450/56245
FOX WEATHER,https://247wlive.foxweather.com/stream/index.m3u8
FOX WEATHER,https://livetv-fa.tubi.video/fox-weather/index.m3u8
FOX WEATHER,https://foxweather-xumo.amagi.tv/playlist.m3u8
Live NOW from FOX,https://livetv-fa.tubi.video/fox-live-now/index.m3u8
FS1,http://84.17.50.102/foxsports1/mpegts
FS1 US,http://d029dcec.kazmazpaz.ru/iptv/FHKC2D3GGKYK3Q/7322/index.m3u8
FS2 US,http://d029dcec.kazmazpaz.ru/iptv/FHKC2D3GGKYK3Q/7323/index.m3u8
MSNBC,http://skyfilex.fun/live/249433528395/864483763454/871.ts
MSNBC,http://bgdc.live:25461/randallo2023/6064013450/31407
MSNBC,http://lunar.pm:8080/live/kita/Twin/9326.ts
REUTERS TV,https://amg00453-reuters-amg00453c1-samsung-de-2111.playouts.now.amagi.tv/playlist/amg00453-reuters-reuters-samsungde/playlist.m3u8
SKY NEWS,http://skyfilex.fun/live/249433528395/864483763454/1060.ts
SKY NEWS,http://lunar.pm:8080/live/kita/Twin/25465.ts
TRT WORLD,http://skyfilex.fun/live/249433528395/864483763454/148235.ts
TRT WORLD,https://tv-trtworld.medya.trt.com.tr/master_1080.m3u8
FANDUEL TV RACING,http://bgdc.live:25461/randallo2023/6064013450/217326
FANDUEL TV RACING,http://104.129.12.146:18080/stream/fanduel-tv.ts
THE WEATHER CHANNEL,http://bgdc.live:25461/randallo2023/6064013450/10449
beIN SPORTS XTRA en Espanol,https://bein-esp-xumo.amagi.tv/playlist.m3u8
beIN SPORTS XTRA en Espanol,https://bein-esp-klowdtv.amagi.tv/playlist.m3u8
Concerto,https://amg01076-amg01076c14-mytvsuper-apac-7914.playouts.now.amagi.tv/playlist/amg01076-lightning-concerto-mytvsuperapac/playlist.m3u8?ads.did=&ads.dnt=0&ads.us_privacy=0&ads.app_domain=&ads.app_name=myTV%20SUPER
MAGIC,http://185.18.56.26:8888/magic/index.m3u8
MAGIC,http://84.54.128.52:9090/play/a00c/index.m3u8
NOW 70s,https://amg01076-amg01076c1-mytvsuper-apac-7840.playouts.now.amagi.tv/playlist/amg01076-lightning-now70s-mytvsuperapac/playlist.m3u8?ads.did=&ads.dnt=0&ads.us_privacy=0&ads.app_domain=&ads.app_name=myTV%20SUPER
NOW 70s,https://lightning-now70s-rakuten.amagi.tv/hls/amagi_hls_data_rakutenAA-lightning-now70s-rakuten/CDN/playlist.m3u8
NOW 70s,https://lightning-now70s-samsungnz.amagi.tv/playlist.m3u8
NOW 80s,https://amg01076-amg01076c2-mytvsuper-apac-7839.playouts.now.amagi.tv/playlist/amg01076-lightning-now80s-mytvsuperapac/playlist.m3u8?ads.did=&ads.dnt=0&ads.us_privacy=0&ads.app_domain=&ads.app_name=myTV%20SUPER
Now 80s,https://lightning-now80s-samsungnz.amagi.tv/playlist.m3u8
NOW 80s,https://lightning-now80s-rakuten.amagi.tv/hls/amagi_hls_data_rakutenAA-lightning-now80s-rakuten/CDN/playlist.m3u8
Now 90s,https://lightning-now90s-samsungnz.amagi.tv/playlist720p.m3u8
NOW ROCK,https://amg01076-amg01076c3-mytvsuper-apac-7835.playouts.now.amagi.tv/playlist/amg01076-lightning-now90s-mytvsuperapac/playlist.m3u8?ads.did=&ads.dnt=0&ads.us_privacy=0&ads.app_domain=&ads.app_name=myTV%20SUPER
Stingray Nothin' But 90s,https://lotus.stingray.com/manifest/ose-142ads-montreal/samsungtvplus/master.m3u8
﻿Stingray Flashback 70's,https://lotus.stingray.com/manifest/ose-115ads-montreal/samsungtvplus/master.m3u8
Stingray Everything '80s,https://lotus.stingray.com/manifest/ose-128ads-montreal/samsungtvplus/master.m3u8
Stingray Classic Rock,https://lotus.stingray.com/manifest/ose-101ads-montreal/samsungtvplus/master.m3u8
Stingray CMusic,https://lotus.stingray.com/manifest/cmusic-cme004-montreal/samsungtvplus/master.m3u8
Stingray Easy Listening,https://lotus.stingray.com/manifest/ose-137ads-montreal/samsungtvplus/master.m3u8
TRACE Urban,https://amg01131-amg01131c1-mytvsuper-apac-7990.playouts.now.amagi.tv/playlist/amg01131-tracetvfast-traceurban-m
KABC,http://1tv41.icu:8080/darriusthomas115@gmail.com/darriusthomas115@2025/324431
KCAL,http://1tv41.icu:8080/darriusthomas115@gmail.com/darriusthomas115@2025/120654
KCBS,http://1tv41.icu:8080/darriusthomas115@gmail.com/darriusthomas115@2025/324432
KNBC,http://1tv41.icu:8080/darriusthomas115@gmail.com/darriusthomas115@2025/324434
KTLA,http://1tv41.icu:8080/darriusthomas115@gmail.com/darriusthomas115@2025/120889
KTTV,http://1tv41.icu:8080/darriusthomas115@gmail.com/darriusthomas115@2025/324433
BBC WORLD NEWS,http://1tv41.icu:8080/darriusthomas115@gmail.com/darriusthomas115@2025/305067
BLOOMBERG,http://1tv41.icu:8080/darriusthomas115@gmail.com/darriusthomas115@2025/272900
CBS NEWS 24/7,http://1tv41.icu:8080/darriusthomas115@gmail.com/darriusthomas115@2025/21259
CNN INTL,http://1tv41.icu:8080/darriusthomas115@gmail.com/darriusthomas115@2025/57398
CNBC,http://1tv41.icu:8080/darriusthomas115@gmail.com/darriusthomas115@2025/9815
CP24,http://1tv41.icu:8080/darriusthomas115@gmail.com/darriusthomas115@2025/57401
FOX BUSINESS,http://1tv41.icu:8080/darriusthomas115@gmail.com/darriusthomas115@2025/17639
FOX NEWS,http://1tv41.icu:8080/darriusthomas115@gmail.com/darriusthomas115@2025/1818
MSNBC,http://1tv41.icu:8080/darriusthomas115@gmail.com/darriusthomas115@2025/21376
RTE NEWS,http://1tv41.icu:8080/darriusthomas115@gmail.com/darriusthomas115@2025/79108
SKY NEWS,http://1tv41.icu:8080/darriusthomas115@gmail.com/darriusthomas115@2025/53757
FANDUEL TV RACING,http://1tv41.icu:8080/darriusthomas115@gmail.com/darriusthomas115@2025/10259
THE WEATHER CHANNEL,http://1tv41.icu:8080/darriusthomas115@gmail.com/darriusthomas115@2025/18926
2025大湾区电影音乐晚会,https://vip.dytt-kan.com/20251002/7177_2723ad49/index.m3u8
《周杰伦2002THE ONE台北演唱会 完整版》金曲版,https://vd3.bdstatic.com/mda-nmgdfvsm9kc46pcz/576p/h264/1671270120913302151/mda-nmgdfvsm9kc46pcz.mp4
《周杰伦2004无与伦比演唱会完整版》,https://vd4.bdstatic.com/mda-nmbpre7yr8iug4m1/576p/h264/1670863877948761917/mda-nmbpre7yr8iug4m1.mp4
《周杰伦2007年世界巡回演唱会完整版》,https://vd4.bdstatic.com/mda-nmbgya8v797emg7u/576p/h264/1670847005358747234/mda-nmbgya8v797emg7u.mp4
《周杰伦2010超时代演唱会完整版》,https://vd2.bdstatic.com/mda-nmc4khkjnn0k62bn/360p/h264/1670901524505595792/mda-nmc4khkjnn0k62bn.mp4
《周杰伦2013年摩天轮世界巡回演唱会完整版》,https://vd4.bdstatic.com/mda-nmcex5u2u9puxz6d/576p/h264/1670928165588976698/mda-nmcex5u2u9puxz6d.mp4
《周杰伦2016年地表最强世界巡回演唱会完整版》,https://vd2.bdstatic.com/mda-nmd5ujxqrmxh59qj/576p/h264/1670992604552514459/mda-nmd5ujxqrmxh59qj.mp4
《林俊杰2015时线新地球 巡回演唱会 完整版》,https://vd3.bdstatic.com/mda-nms50i1sia113r2r/576p/h264/1672112770324111320/mda-nms50i1sia113r2r.mp4
《郭富城2013年回演唱会香港站 完整版》,https://vd4.bdstatic.com/mda-nmdfbhu809ktgnuh/360p/h264/1671015249590151746/mda-nmdfbhu809ktgnuh.mp4
梅艳芳《2003年经典金曲演唱会完整版》,https://vd4.bdstatic.com/mda-nmegba7fpnyzhds1/576p/h264/1671104210184413087/mda-nmegba7fpnyzhds1.mp4
刀郎《2007 乌鲁木齐十周年演唱会 完整版》,https://vd4.bdstatic.com/mda-nmsk6gmfyex21hr1/360p/h264/1672150647837878589/mda-nmsk6gmfyex21hr1.mp4
谢霆锋2000年viva演唱会完整版》锋迷必看！,https://vd2.bdstatic.com/mda-nmcj7tziypfkmubu/360p/h264/1670938894231640080/mda-nmcj7tziypfkmubu.mp4
王心凌《2021 台北小巨蛋演唱会 完整版》,https://vd2.bdstatic.com/mda-pa2cpund9weddj58/576p/h264/1672736536177563955/mda-pa2cpund9weddj58.mp4
叶倩文演唱会,https://alimov2.a.kwimgs.com/upic/2020/10/01/20/BMjAyMDEwMDEyMDMzNDlfMTE0Mzc4ODk3OF8zNjk0Njc4ODI3OF8yXzM=_b_B77b9c6c66d5b6dafbe520a286bb6e6b9.mp4
迈克杰克逊《危险之旅演唱会 完整版 珍藏版》,https://vd2.bdstatic.com/mda-nmu42idx0zwhihq8/576p/h264/1672282865450326183/mda-nmu42idx0zwhihq8.mp4
周华健《2015今天唱什么 巡回演唱会完整版》,https://vd2.bdstatic.com/mda-pa3cxmj5kz5viwwq/576p/h264/1672824310339702670/mda-pa3cxmj5kz5viwwq.mp4
周华健《2016 出道30年演唱会 完整版》,https://vd3.bdstatic.com/mda-pa3ecnd7aukyaf4a/576p/h264/1672827636953342632/mda-pa3ecnd7aukyaf4a.mp4
张信哲《2016年 还爱光年演唱会 完整版》经典之作！,https://vd2.bdstatic.com/mda-nmh7q2cm8dwjnum3/576p/h264/1671341864394610629/mda-nmh7q2cm8dwjnum3.mp4
张信哲《2018年歌时代II 演唱会 完整版》非常好看,https://vd3.bdstatic.com/mda-nmh90x7nebc5706t/576p/h264/1671345460202595301/mda-nmh90x7nebc5706t.mp4
刘若英《2016 Renext 台北我敢世界巡回演唱会 完整版》,https://vd4.bdstatic.com/mda-nmq4kv7nj8fisyyu/576p/h264/1671939594909809041/mda-nmq4kv7nj8fisyyu.mp4
刘若英《2018跟我走 乌镇英小姐限定版演唱会 完整版》,https://vd3.bdstatic.com/mda-nmq65j4uv5s0beu7/hd/cae_h264/1673248606002110391/mda-nmq65j4uv5s0beu7.mp4
周慧敏《2006与爱长流演唱会 完整版》,https://vd3.bdstatic.com/mda-paf2ni0c5ys3hqtx/576p/h264/1673834172840368674/mda-paf2ni0c5ys3hqtx.mp4
周慧敏《DeepV25周年演唱会 完整版》,https://vd2.bdstatic.com/mda-nmji71xik2a94i0p/576p/h264/1671540995626474873/mda-nmji71xik2a94i0p.mp4
周慧敏《30周年 演唱会 完整版》,https://vd3.bdstatic.com/mda-nmk3vfc49zsei6ek/576p/h264/1671591746174731071/mda-nmk3vfc49zsei6ek.mp4
邓紫棋《2015年XXX北京演唱会 完整版》,https://vd2.bdstatic.com/mda-nmmdn9c6wfb058fg/576p/h264/1671702121121048555/mda-nmmdn9c6wfb058fg.mp4
邓紫棋《2017 世界巡回演唱会 完整版》,https://vd4.bdstatic.com/mda-nmme7ggr3353yfce/360p/h264/1671703414902151326/mda-nmme7ggr3353yfce.mp4
任贤齐《2015年 落跑吧 爱情演唱会完整版》,https://vd2.bdstatic.com/mda-nmfghew2rp3wcqp5/hd/cae_h264/1671202143575146017/mda-nmfghew2rp3wcqp5.mp4
任贤齐《2020年齐迹演唱会 台北站 完整版 蓝光字幕》,https://vd3.bdstatic.com/mda-nmfkavww2vps91pz/hd/cae_h264/1671209200204248516/mda-nmfkavww2vps91pz.mp4
陈奕迅《2007红磡体育馆演唱会 4K 完整版》,https://vd4.bdstatic.com/mda-paw7k4hdfnz4xyry/576p/h264/1675143278817711982/mda-paw7k4hdfnz4xyry.mp4
陈奕迅《2010“DUO”演唱会完整版》神级现场！,https://vd4.bdstatic.com/mda-nmfac23y1z5zr3mn/hd/cae_h264/1671183014510079803/mda-nmfac23y1z5zr3mn.mp4
陈奕迅《Eason’s Life 2013香港演唱会 完整版》,https://vd2.bdstatic.com/mda-nmn90etbajxggvpb/576p/h264/1671777371048275385/mda-nmn90etbajxggvpb.mp4
伍佰2018年China.Blue.透南风演唱会完整版》,https://vd2.bdstatic.com/mda-nmeb54vh3bws7c4c/576p/h264/1671091096057328271/mda-nmeb54vh3bws7c4c.mp4
伍佰生命现场演唱会全集》,https://vd2.bdstatic.com/mda-nmbk1dc1rd2h9m1t/576p/h264/1670854626527512118/mda-nmbk1dc1rd2h9m1t.mp4
伍佰演唱会,https://txmov2.a.kwimgs.com/upic/2021/01/07/22/BMjAyMTAxMDcyMjU0MzRfODI4NTk1NTQ0XzQyMDMwMTYyOTIwXzJfMw==_b_Bf5420efd42bfae1dca666d543730fbda.mp4
周传雄演唱会,https://vd2.bdstatic.com/mda-nmgc0ms3fm9b3bu3/576p/h264/1671266481202765955/mda-nmgc0ms3fm9b3bu3.mp4
张学友91年每天爱你多一些演唱会完整版》,https://vd2.bdstatic.com/mda-nmc6bf7vqqtxnjs6/hd/cae_h264/1670912304665334108/mda-nmc6bf7vqqtxnjs6.mp4
张学友《1993年 学与友经典演唱会 完整版》,https://vd4.bdstatic.com/mda-nmbjevniypk396e3/576p/h264/1670853087045956378/mda-nmbjevniypk396e3.mp4
张学友《1995年友学友 经典演唱会 完整版》,https://vd3.bdstatic.com/mda-nmf3ms2fzrxski1f/hd/cae_h264/1671162288536760512/mda-nmf3ms2fzrxski1f.mp4
张学友《1999 友个人演唱会 完整版》,https://vd2.bdstatic.com/mda-pb36w8b6rnc0z5hj/576p/h264/1675486718975622631/mda-pb36w8b6rnc0z5hj.mp4
张学友《2007年 光年巡回 演唱会 完整版》,https://vd4.bdstatic.com/mda-nmek3yr26v0mmia8/360p/h264/1671114180615380093/mda-nmek3yr26v0mmia8.mp4
张学友《2016年学友经典台北演唱会 完整版》,https://vd4.bdstatic.com/mda-nmn72w34juavvyx6/576p/h264/1671772109003214938/mda-nmn72w34juavvyx6.mp4
张学友演唱会,https://alimov2.a.kwimgs.com/upic/2020/05/11/04/BMjAyMDA1MTEwNDE3NTRfMTA4ODgyMjg1OF8yODM1OTM2NTkxMl8yXzM=_b_Bf2cbd177f1349dcfc12d89443cf374af.mp4
《谭咏麟94年纯金曲演唱会完整版》,https://vd2.bdstatic.com/mda-nmcb4ycjrf5qhjaw/hd/cae_h264/1670924774390584075/mda-nmcb4ycjrf5qhjaw.mp4
《2005 歌者恋歌浓情30年 演唱会 完整字幕版》,https://vd3.bdstatic.com/mda-pb288z52kkp24j7d/hd/cae_h264/1675405760149439666/mda-pb288z52kkp24j7d.mp4
《2010 再度感动香港演唱会 完整版》,https://vd4.bdstatic.com/mda-pb34i0fpkj0m4cps/hd/cae_h264/1675494022570178771/mda-pb34i0fpkj0m4cps.mp4
《谭咏麟2015年银河岁月40载演唱会 完整版》,https://vd4.bdstatic.com/mda-nmdgivr6da7bqpqs/hd/cae_h264/1671028643276847054/mda-nmdgivr6da7bqpqs.mp4
刘德华1994演唱会,https://alimov2.a.kwimgs.com/upic/2020/11/21/21/BMjAyMDExMjEyMTA2NDdfODI4NTk1NTQ0XzM5NTk1NzIyODQ0XzJfMw==_b_Bd2a633720f4eb58f50fcf669ac9f6481.mp4
刘德华1996演唱会,https://txmov2.a.kwimgs.com/upic/2020/11/24/04/BMjAyMDExMjQwNDAwMzFfODI4NTk1NTQ0XzM5NzA5NDUwNzEyXzJfMw==_b_B5b8c14b2ba01d46f3c1f12fbeba49c43.mp4
刘德华1999演唱会,https://alimov2.a.kwimgs.com/upic/2020/11/18/21/BMjAyMDExMTgyMTQ0NDlfODI4NTk1NTQ0XzM5NDM1NzU0Njc0XzJfMw==_b_B98fc4057c592f311f03825bd7f3bb05c.mp4
刘德华2001演唱会,https://alimov2.a.kwimgs.com/upic/2020/11/18/21/BMjAyMDExMTgyMTA3MjdfODI4NTk1NTQ0XzM5NDMzNDM3OTI0XzJfMw==_b_B52993094a9f0b4a854478aca541a9a58.mp4
刘德华《2007香港红磡 演唱会 完整版》,https://vd2.bdstatic.com/mda-nmbnvt4myvg0x26d/576p/h264/1670861624347655626/mda-nmbnvt4myvg0x26d.mp4
刘德华2007演唱会,https://alimov2.a.kwimgs.com/upic/2020/02/28/13/BMjAyMDAyMjgxMzMwNDFfMTU5NTU2MTY2OV8yNDE4ODE5MDc1Ml8yXzM=_b_B48ce4518e73458e04dec4771e0deb6a4.mp4
刘德华《2010Unforgettable香港红馆演唱会 完整版》,https://vd2.bdstatic.com/mda-nmj6k2bc3adyg21b/576p/h264/1671511395304150666/mda-nmj6k2bc3adyg21b.mp4
刘德华《2011年中国巡回演唱会 上海站 完整版》,https://vd4.bdstatic.com/mda-pa4a49uy4h0r7wn4/576p/h264/1672903079005864993/mda-pa4a49uy4h0r7wn4.mp4
刘德华《巡回演唱会上海站 完整版》八万人大合唱,https://vd2.bdstatic.com/mda-nmedfmpuhx9k86xn/576p/h264/1671098620160374576/mda-nmedfmpuhx9k86xn.mp4
黎明《2005 红磡经典金曲演唱会 完整版》,https://vd3.bdstatic.com/mda-nmpe78rgx4gw838q/hd/cae_h264/1671883745043789332/mda-nmpe78rgx4gw838q.mp4
黎明《2011 Leon XU 红馆 Live演唱会 完整版》,https://vd4.bdstatic.com/mda-nmcde2gcrk3fjt5z/576p/h264/1670925006665758590/mda-nmcde2gcrk3fjt5z.mp4
李克勤《2002情情塔塔演唱会 修复版 完整版》,https://vd2.bdstatic.com/mda-pae7c6xjaeg7xer5/hd/cae_h264/1673762904075484432/mda-pae7c6xjaeg7xer5.mp4
李克勤《2011香港小交响乐团演奏厅演唱会 完整版》,https://vd4.bdstatic.com/mda-pae4mwxatd5nz24c/576p/h264/1673753222612308469/mda-pae4mwxatd5nz24c.mp4
《李克勤2017年庆祝成立30周年演唱会完整版》,https://vd3.bdstatic.com/mda-nmcism1928599nu6/576p/h264/1670937708736425187/mda-nmcism1928599nu6.mp4
容祖儿《2008 starlight 演唱会,经典
容祖儿《2010 Coccert Number 6演唱会 完整版,https://vd3.bdstatic.com/mda-pa86mtej4sz5n2vr/576p/h264/1673240260923662881/mda-pa86mtej4sz5n2vr.mp4
蔡依林《2007地才演唱会 4K完整版》,https://vd2.bdstatic.com/mda-nmu8j2k2rri1jsjb/hd/cae_h264/1672365159332310914/mda-nmu8j2k2rri1jsjb.mp4
蔡依林《2013Myself 台北演唱会完整版》,https://vd2.bdstatic.com/mda-nmuh0hr8u0u6cte0/576p/h264/1672315785506572864/mda-nmuh0hr8u0u6cte0.mp4
蔡依林《2014 Play 呸 演唱会 完整版》,https://vd2.bdstatic.com/mda-nmv6mkd1h1nadgd2/576p/h264/1672376027911881335/mda-nmv6mkd1h1nadgd2.mp4
蔡依林《2015 世界巡回演唱会 完整版》,https://vd3.bdstatic.com/mda-nmv7p5ckgd1y0q4r/576p/h264/1672378806357641364/mda-nmv7p5ckgd1y0q4r.mp4
蔡依林演唱会,https://alimov2.a.kwimgs.com/upic/2020/07/13/17/BMjAyMDA3MTMxNzEyMzZfODY2NDU4ODQ1XzMyMjk2MDQ4MzQ4XzJfMw==_b_B8f6ffb1ac85e8c6f0363ee3c3076d8df.mp4
萧亚轩《2001 夏日精彩 演唱会 完整版》,https://vd3.bdstatic.com/mda-nmva6i471kzy4s4w/576p/h264/1672384680417583405/mda-nmva6i471kzy4s4w.mp4
萧亚轩《2003年 Up2U 演唱会 完整版》,https://vd2.bdstatic.com/mda-nmv9c6vf0gmdvtcm/576p/h264/1672382727349291441/mda-nmv9c6vf0gmdvtcm.mp4
萧亚轩《2009 WOW3 LIVE 演唱会 完整版》,https://vd3.bdstatic.com/mda-pa3kh2zwascgw2c2/576p/h264/1672843937904836811/mda-pa3kh2zwascgw2c2.mp4
张惠妹《2010阿密特演唱会 完整版》,https://vd2.bdstatic.com/mda-pa4ggwqkg1hknakr/576p/h264/1672919548156014099/mda-pa4ggwqkg1hknakr.mp4
张惠妹《2013世界巡回演唱会完整版》,https://vd2.bdstatic.com/mda-pa59wsxnp6hvw6cd/576p/h264/1672989122541301764/mda-pa59wsxnp6hvw6cd.mp4
李宗盛《2006理性与感性演唱会 完整版》,https://vd4.bdstatic.com/mda-pb24ivm6mtvf47cw/hd/cae_h264/1675401338311630042/mda-pb24ivm6mtvf47cw.mp4
李宗盛《2016既然青春留不住演唱会完整版》,https://vd2.bdstatic.com/mda-nmm5d7310djqaw0d/576p/h264/1671681105695580161/mda-nmm5d7310djqaw0d.mp4
莫文蔚《2001好莫文蔚演唱会 4K修复 完整版》,https://vd3.bdstatic.com/mda-pb648pb8uqranzvw/hd/cae_h264/1675746234053274788/mda-pb648pb8uqranzvw.mp4
莫文蔚《2011回蔚 台北小巨蛋演唱会 完整版》,https://vd3.bdstatic.com/mda-pb658x0xe19hqdpp/360p/h264/1675741571130020178/mda-pb658x0xe19hqdpp.mp4
梁静茹《2001年 七夕勇气演唱会&完整版》,https://vd2.bdstatic.com/mda-pa97ypqyc6wu0zk8/576p/h264/1673329490406586933/mda-pa97ypqyc6wu0zk8.mp4
梁静茹《2002 Time&Love演唱会 完整版》,https://vd3.bdstatic.com/mda-pa98qb25xtnnbn8x/576p/h264/1673331155408906723/mda-pa98qb25xtnnbn8x.mp4
郑秀文《2015 touch mi巡回演唱会 完整版》,https://vd2.bdstatic.com/mda-nmpj84w16e73taxy/576p/h264/1671889503106158757/mda-nmpj84w16e73taxy.mp4
郑秀文《2018 生日演唱会,高清完整版》
杨千嬅《2010世界巡回演唱会 完整版》,https://vd2.bdstatic.com/mda-pa5egbg196xxmt2d/576p/h264/1673001655021314889/mda-pa5egbg196xxmt2d.mp4
杨千嬅《2015Lets Begin演唱会 完整版》,https://vd4.bdstatic.com/mda-pa5dji395y8xmq6z/576p/h264/1672999545437013514/mda-pa5dji395y8xmq6z.mp4
王菲《98-99唱游大世界 演唱会 完整版》,https://vd4.bdstatic.com/mda-pa38b031238njta3/hd/cae_h264/1672923987187598030/mda-pa38b031238njta3.mp4
王菲《2016 幻乐一场 演唱会 完整版》,https://vd2.bdstatic.com/mda-nmu5mwp547ea2qqi/hd/cae_h264/1672354630123138948/mda-nmu5mwp547ea2qqi.mp4
陈慧娴《1989几时再见 告别歌坛 演唱会》,https://vd3.bdstatic.com/mda-pa38zbarmey6ce76/360p/h264/1672813359525431064/mda-pa38zbarmey6ce76.mp4
陈慧娴1996年演唱会,https://alimov2.a.kwimgs.com/upic/2021/10/03/15/BMjAyMTEwMDMxNTUzNTFfMTE0Mzc4ODk3OF81ODM0NDAyOTMyMl8yXzM=_b_B85495f852ff71a0887f689798176cc08.mp4
陈慧娴《2003重返歌坛演唱会 完整版》,https://vd3.bdstatic.com/mda-pa2f7a9v7tx0rjcn/hd/cae_h264/1672852494712879502/mda-pa2f7a9v7tx0rjcn.mp4
陈慧娴《2014 30周年演唱会 完整 珍藏版》,https://vd2.bdstatic.com/mda-nmkc1znfw4dz5tbj/576p/h264/1671612650824205354/mda-nmkc1znfw4dz5tbj.mp4
陈慧娴《2016年Priscilla-ism演唱会完整版》,https://vd2.bdstatic.com/mda-nmkdh8zu3b6jeur2/576p/h264/1671615353015464234/mda-nmkdh8zu3b6jeur2.mp4
陈慧娴告别演唱会,https://alimov2.a.kwimgs.com/upic/2021/01/06/20/BMjAyMTAxMDYyMDM3MDlfODI4NTk1NTQ0XzQxOTc4MTcyNTcwXzJfMw==_b_B433cd58306ccc133cade9d3cdcf0b0f1.mp4
陈慧琳《2002 飞天舞会演唱会 完整版》,https://vd4.bdstatic.com/mda-panghz9yd2itiarg/576p/h264/1674474198720485545/mda-panghz9yd2itiarg.mp4
陈慧琳《2005纸醉金迷演唱会 完整版》,https://vd2.bdstatic.com/mda-pani2ii7ab475aqv/576p/h264/1674478244611200996/mda-pani2ii7ab475aqv.mp4
陈慧琳《2008 演唱会 完整版》,https://vd2.bdstatic.com/mda-pap5g5hdrs3a2f9n/hd/cae_h264/1674535115951758244/mda-pap5g5hdrs3a2f9n.mp4
李宇春《2014why me十周年 演唱会完整版》,https://vd3.bdstatic.com/mda-pa657mq60fuufg2k/576p/h264/1673063716911647630/mda-pa657mq60fuufg2k.mp4
李宇春《2016野蛮生长演唱会 重庆站 完整版》,https://vd2.bdstatic.com/mda-pa66z25sfybxrtnb/360p/h264/1673067794659521040/mda-pa66z25sfybxrtnb.mp4
李宇春《2018年 “流行”演唱会 北京站 完整版》,https://vd4.bdstatic.com/mda-pa6ai2q6tnihvw1a/576p/h264/1673076887061763198/mda-pa6ai2q6tnihvw1a.mp4
张靓颖《2011 我的模样演唱会 完整版》,https://vd4.bdstatic.com/mda-pa6drcydexjxs77s/576p/h264/1673085018757516458/mda-pa6drcydexjxs77s.mp4
张靓颖《2012 “倾听”演唱会  完整版》,https://vd4.bdstatic.com/mda-pa754jpi39ku61b2/576p/h264/1673149309487139562/mda-pa754jpi39ku61b2.mp4
张靓颖《2015 中国巡回演唱会 北京站 完整版》,https://vd2.bdstatic.com/mda-pa75yhuj2fm0mt8m/576p/h264/1673151621612626340/mda-pa75yhuj2fm0mt8m.mp4
小虎队《1995 虎啸龙腾演唱会》珍藏 完整版版,https://vd3.bdstatic.com/mda-paa1pps10rftbfvu/hd/cae_h264/1673418256085401013/mda-paa1pps10rftbfvu.mp4
“第一天团”纵贯线《台北2009「出发」演唱会致敬经典 完整版》,https://vd3.bdstatic.com/mda-pac5q1he7r5wjykx/576p/h264/1673583274906869271/mda-pac5q1he7r5wjykx.mp4
“怀念家驹”《Be yond经典演唱会,重映超清修复版
动力火车《2016年下一站台北演唱会  完整版》,https://vd4.bdstatic.com/mda-nmh64c39b2ss5p7j/576p/h264/1671338273583946669/mda-nmh64c39b2ss5p7j.mp4
S H E《2014 世界巡回演唱会 台北站 完整版》,https://vd2.bdstatic.com/mda-nmtebs1e731y7hfu/576p/h264/1672223127459067725/mda-nmtebs1e731y7hfu.mp4
S H E《2018 十七周年台北演唱会 完整版》,https://vd2.bdstatic.com/mda-nmtfbgevwx16brb0/576p/h264/1672224992649095576/mda-nmtfbgevwx16brb0.mp4
S H E《4EVER世界巡回演唱会 完整版》珍藏版,https://vd3.bdstatic.com/mda-nmkefmyd0arci215/576p/h264/1671618057578437373/mda-nmkefmyd0arci215.mp4
草蜢乐队《2005我们的演唱会 修复完整版》,https://vd4.bdstatic.com/mda-pab49n7eagcjyh3a/576p/h264/1673493039443053267/mda-pab49n7eagcjyh3a.mp4
草蜢乐队《2010 年25载香港演唱会 完整版》,https://vd2.bdstatic.com/mda-pabcjgycy75qd28g/576p/h264/1673514880213259882/mda-pabcjgycy75qd28g.mp4
宝丽金《成立20周年 1990群星演唱会完整版》,https://vd3.bdstatic.com/mda-pbp4sapcn5kmpxhg/hd/cae_h264/1677214872094217006/mda-pbp4sapcn5kmpxhg.mp4
宝丽金《成立25周年 群星演唱会完整版》,https://vd2.bdstatic.com/mda-pbq9cde2ii3ti6dc/hd/cae_h264/1677311810110678172/mda-pbq9cde2ii3ti6dc.mp4
宝丽金《成立30周年 群星演唱会完整版》,https://vd2.bdstatic.com/mda-pbr4g2edssnu2heu/576p/h264/1677381478074490840/mda-pbr4g2edssnu2heu.mp4
ELVIS 1,https://yst.lat:443/movie/PL.Vods-Fonte@Full/wBFJrWZ7sM/1976607.mp4
ELVIS 2,https://yst.lat:443/movie/PL.Vods-Fonte@Full/wBFJrWZ7sM/1987962.mp4
ELTON JOHN,https://yst.lat:443/movie/PL.Vods-Fonte@Full/wBFJrWZ7sM/1973832.mp4
今日演唱会上,https://sns-video-default.xhscdn.com/stream/1/110/258/01e8d5752d2b128a010370019981d8805d_258.mp4
今日演唱会中,https://sns-video-default.xhscdn.com/stream/79/110/258/01e8d575b81a468c4f0370019981d7590e_258.mp4
今日演唱会下,https://sns-video-default.xhscdn.com/stream/79/110/258/01e8d576391a55d74f0370019981d9b2f3_258.mp4
抖精彩片段一,https://sns-video-default.xhscdn.com/stream/1/110/258/01e8d55d9a38a29a01037001998179dc88_258.mp4
抖精彩片段二,https://sns-video-default.xhscdn.com/stream/1/110/258/01e8d55f342b33eb0103700199818a670e_258.mp4
今天演唱会一,https://sns-video-default.xhscdn.com/stream/1/110/258/01e8d56c0738b82a010370019981b0f51d_258.mp4
今天演唱会二,https://sns-video-default.xhscdn.com/stream/79/110/258/01e8d56c6a1cc47b4f0370019981b1936a_258.mp4
今天演唱会三,https://sns-video-default.xhscdn.com/stream/1/110/258/01e8d56cda3884c0010370019981b36f0e_258.mp4
今天演唱会四,https://sns-video-default.xhscdn.com/stream/1/110/258/01e8d56d192b31c9010370019981b350f9_258.mp4
海阔天空绝版,https://sns-video-default.xhscdn.com/stream/1/110/258/01e8bda53107d42b010370019924cf1f9a_258.mp4
旧日的足迹版,https://sns-video-default.xhscdn.com/stream/79/110/258/01e8c76cfbbc17c14f037001994b03cd07_258.mp4
灌篮AI黄家驹,https://sns-video-default.xhscdn.com/stream/1/110/258/01e8c0461f072ec101037001992f147f11_258.mp4
爱情重口味播,https://sns-video-default.xhscdn.com/stream/79/110/258/01e8bfa076bc7f7f4f037001992c8c570d_258.mp4
似水流年现场,https://sns-video-default.xhscdn.com/stream/79/110/258/01e8bfa14dbc75c74f037001992c906e6c_258.mp4
[没出息]_二创,https://sns-video-default.xhscdn.com/stream/1/110/258/01e8e9a72ae7d9e80103700199d0b76e2b_258.mp4
[没出息]_三创,https://sns-video-default.xhscdn.com/stream/79/110/258/01e90225867f602a4f0370019a3064d64e_258.mp4
粤语劲爆串烧,https://sns-video-default.xhscdn.com/stream/1/110/258/01e8ccfd682b29e5010370019960c10c99_258.mp4
粤语精选串烧,https://sns-video-default.xhscdn.com/stream/79/110/258/01e8bfe4d0bd101e4f037001992d999551_258.mp4
粤语_PG'串烧,https://sns-video-default.xhscdn.com/stream/79/110/258/01e8d89cc31cde8c4f037001998e2818b6_258.mp4
粤语-LAK串烧,https://sns-video-default.xhscdn.com/stream/1/110/258/01e8db8745e895c80103700199998b9637_258.mp4
粤语_FK迷幻1,https://sns-video-default.xhscdn.com/stream/79/110/258/01e8dd43a2346c1f4f03700199a05404d2_258.mp4
粤语家驹串烧,https://sns-video-default.xhscdn.com/stream/1/110/258/01e8dfc99be7c5690103700199aa2ed5b3_258.mp4
粤语热门串烧,https://sns-video-default.xhscdn.com/stream/1/110/258/01e8efad98e89ffa0103700199e8582d78_258.mp4
粤语歌全串烧,https://sns-video-default.xhscdn.com/stream/1/110/258/01e8be4e1207f61d01037001992765d8f6_258.mp4
粤语抖音串烧,https://sns-video-default.xhscdn.com/stream/1/110/258/01e8dfce27e8a6cd0103700199aa4081b1_258.mp4
粤语流行串烧,https://sns-video-default.xhscdn.com/stream/79/110/258/01e8be57a9bbcc944f03700199278a8589_258.mp4
粤语旋律串烧,https://sns-video-default.xhscdn.com/stream/1/110/258/01e8be6e30070a32010370019927e26463_258.mp4
粤国语歌串烧,https://sns-video-default.xhscdn.com/stream/79/110/258/01e8be58b8bd78eb4f03700199278e02a1_258.mp4
粤国精选串烧,https://sns-video-default.xhscdn.com/stream/79/110/258/01e8c03260bd23944f037001992ec72dba_258.mp4
粤语dj歌串烧,https://sns-video-default.xhscdn.com/stream/1/110/258/01e8be3073073131010370019926f1b6bf_258.mp4
粤语女声串一,https://sns-video-default.xhscdn.com/stream/79/110/258/01e8be36b1bd60ee4f037001992707ce4d_258.mp4
粤语女声串二,https://sns-video-default.xhscdn.com/stream/1/110/258/01e8c788c00738e201037001994b71736e_258.mp4
开场低音串烧,https://sns-video-default.xhscdn.com/stream/79/110/258/01e8c02519bc71ce4f037001992e93a479_258.mp4
经典Dj嗨歌01,https://sns-video-default.xhscdn.com/stream/79/110/258/01e8c0531dbca1064f037001992f48d0cd_258.mp4
经典Dj嗨歌02,https://sns-video-default.xhscdn.com/stream/79/110/258/01e8c643e2bc5a744f03700199467b4c09_258.mp4
经典Dj嗨歌03,https://sns-video-default.xhscdn.com/stream/79/110/258/01e8c6443abd17df4f03700199467cffa5_258.mp4
经典Dj嗨歌04,https://sns-video-default.xhscdn.com/stream/79/110/258/01e8c644c7bc5a044f03700199467f364e_258.mp4
经典Dj嗨歌05,https://sns-video-default.xhscdn.com/stream/79/110/258/01e8c64536bc37604f03700199467f7a63_258.mp4
经典Dj嗨歌06,https://sns-video-default.xhscdn.com/stream/1/110/258/01e8c6469e07c6590103700199468fad62_258.mp4
经典Dj嗨歌07,https://sns-video-default.xhscdn.com/stream/79/110/258/01e8c64721bd88e84f037001994687eb6c_258.mp4
经典Dj嗨歌08,https://sns-video-default.xhscdn.com/stream/1/110/258/01e8e215ade7dc860103700199b330ed3a_258.mp4
经典Dj嗨歌09,https://sns-video-default.xhscdn.com/stream/1/110/258/01e8e884a6e896c30103700199cc4951c3_258.mp4
邓紫棋香港站,https://sns-video-default.xhscdn.com/stream/1/110/258/01e8c02b2307ec2801037001992eb2cbfb_258.mp4
我的好兄弟,https://sns-video-default.xhscdn.com/stream/1/110/258/01e8c171e907fbe0010370019933a69c19_258.mp4
15首经典粤语歌曲,https://txmov2.a.kwimgs.com/bs3/video-hls/5257671204403480069_hlsb.m3u8
2023年经典DJ合集(二)40首,https://txmov2.a.kwimgs.com/bs3/video-hls/5239938286647301653_hlsb.m3u8
30首流行歌曲,https://txmov2.a.kwimgs.com/bs3/video-hls/5188428306720249920_hlsb.m3u8
30首经典老歌,https://txmov2.a.kwimgs.com/bs3/video-hls/5192650491225440005_hlsb.m3u8
6070后忘不了的女神经典老歌,https://vd4.bdstatic.com/mda-pj5f1bs2f0dcwsyn/1080p/cae_h264/1696605746822413165/mda-pj5f1bs2f0dcwsyn.mp4
8090年代唱遍大江南北的女声歌曲,https://vd2.bdstatic.com/mda-pjeh911ce7qpu4iv/1080p/cae_h264/1697386481864836537/mda-pjeh911ce7qpu4iv.mp4
千禧年的网红歌曲,https://vd4.bdstatic.com/mda-pji13pke7cv81n6i/1080p/cae_h264/1697857035086054570/mda-pji13pke7cv81n6i.mp4
Alin精选16首(1小时),https://www.iesdouyin.com/aweme/v1/playwm/?video_id=v0300fg10000cvt3q87og65l7fblbmog∶=720p&line=0
Beyond1,https://vd4.bdstatic.com/mda-pdmaxg5vf0bmrpxx/sc/cae_h264/1682179055724322707/mda-pdmaxg5vf0bmrpxx.mp4
beyond2,https://vd3.bdstatic.com/mda-nm75269264v485fe/sc/cae_h264/1670475833350119754/mda-nm75269264v485fe.mp4
beyond3,https://vd2.bdstatic.com/mda-nmbduj4y5qrhr14v/576p/h264/1670838831995101004/mda-nmbduj4y5qrhr14v.mp4
S.H.E,https://vd2.bdstatic.com/mda-nkg6vju7i34is8z3/sc/cae_h264/1668668139955974515/mda-nkg6vju7i34is8z3.mp4
SHE精选40首(2小时),https://txmov2.a.kwimgs.com/upic/2023/07/30/19/BMjAyMzA3MzAxOTEyNDhfODI4NTk1NTQ0XzEwOTI2ODgxNTQyOF8yXzM=_b_B1770e5ac950c20cda3df1678ded64cbc.mp4
乔洋精选20首(1小时),https://txmov2.a.kwimgs.com/upic/2024/01/05/17/BMjAyNDAxMDUxNzEwMTJfNDQzMTI2Mjg0XzEyMTM5OTg3NTU2MV8yXzM=_b_Bf81e0b3d32a3fe727949531d0929868e.mp4
乔玲儿42首经典歌曲,https://txmov2.a.kwimgs.com/bs3/video-hls/5231494028805004923_hlsb.m3u8
云菲菲40首经典歌曲,https://txmov2.a.kwimgs.com/bs3/video-hls/5207287179922382380_hlsb.m3u8
五月天合集,https://vd2.bdstatic.com/mda-pa95ycptd1myw460/hd/cae_h264/1673353422131457347/mda-pa95ycptd1myw460.mp4
五月天精选37首(2小时),https://txmov2.a.kwimgs.com/upic/2021/12/07/23/BMjAyMTEyMDcyMzU2MzBfMjgwMTM4ODFfNjIzMTcwNTU3MTlfMl8z_b_Bd70a16353267a52b31d11f2cb77c6c5b.mp4
任然精选20首(1小时),https://txmov2.a.kwimgs.com/upic/2020/09/23/14/BMjAyMDA5MjMxNDA1MjFfMTc4NDYxNDcyNl8zNjQ5NDI4NzI1Nl8yXzM=_b_B0f6d5151ab2c346816996328a0b66b78.mp4
任贤齐合集1,https://vd2.bdstatic.com/mda-nksbd58xaz4z1t64/sc/cae_h264/1669538442443360196/mda-nksbd58xaz4z1t64.mp4
伍佰,https://vd3.bdstatic.com/mda-pk18r357pqym2t2y/1080p/cae_h264/1698971417902472140/mda-pk18r357pqym2t2y.mp4
伍佰合集,http://vd3.bdstatic.com/mda-pe07i71fkd531zj1/sc/bd265_cae_roi_v5/1682947766065803786/mda-pe07i71fkd531zj1.mp4
冷漠40首经典歌曲,https://txmov2.a.kwimgs.com/bs3/video-hls/5212916677664919326_hlsb.m3u8
刀郎《山河廖哉》,https://vdse.bdstatic.com//5f006559d60e485ba725c1026772717f.mp4
刀郎2007演唱会,https://txmov2.a.kwimgs.com/bs3/video-hls/5258797028296098366_hlsb.m3u8
刀郎合集1,https://vd3.bdstatic.com/mda-pat22g6vrma1n8b2/576p/h264/1674869354107877822/mda-pat22g6vrma1n8b2.mp4
刀郎合集2,https://vd3.bdstatic.com/mda-pat2dzrxjp4fkzdb/576p/h264/1674870199072291490/mda-pat2dzrxjp4fkzdb.mp4
刀郎 v1,https://txmov2.a.kwimgs.com/bs3/video-hls/5242471545841178542_hlsb.m3u8
刀郎 v2,https://txmov2.a.kwimgs.com/bs3/video-hls/5216857256107793702_hlsb.m3u8
刘德华16首经典歌曲,https://txmov2.a.kwimgs.com/bs3/video-hls/5193213420289935762_hlsb.m3u8
刘德华合集,https://vd2.bdstatic.com/mda-ni103pry5e4aqk39/sc/cae_h264/1662084584421447983/mda-ni103pry5e4aqk39.mp4
刘若英42首经典歌曲,https://txmov2.a.kwimgs.com/bs3/video-hls/5221923876251083359_hlsb.m3u8
刘若英合集1,https://vd4.bdstatic.com/mda-paj1zjmiy8f0u7e9/sc/cae_h264/1674182802321283228/mda-paj1zjmiy8f0u7e9.mp4
刘若英合集2,https://vd2.bdstatic.com/mda-pju8tks322zh50x2/1080p/cae_h264/1698585872904741220/mda-pju8tks322zh50x2.mp4
刘若英精选50首(3小时),https://www.iesdouyin.com/aweme/v1/playwm/?video_id=v0300fg10000csi2q17og65ogriq3jv0∶=720p&line=0
动力火车合集,https://vd3.bdstatic.com/mda-paf2igxsejppa5pp/hd/cae_h264/1673837006365021404/mda-paf2igxsejppa5pp.mp4
华语经典老歌500首(二十一),https://txmov2.a.kwimgs.com/bs3/video-hls/5248664007689894068_hlsb.m3u8
卓依婷,https://txmov2.a.kwimgs.com/bs3/video-hls/5252041701152345508_hlsb.m3u8
南拳妈妈精选13首(1小时),https://www.iesdouyin.com/aweme/v1/playwm/?video_id=v0300fg10000cqfnlknog65p5u0cnn9g∶=720p&line=0
周传雄合集,https://vd4.bdstatic.com/mda-paq1wctq73q8kv3k/sc/cae_h264/1674630332295698141/mda-paq1wctq73q8kv3k.mp4
周华健合集,https://vd4.bdstatic.com/mda-nhw80v1ith9wa8e8/sc/cae_h264/1662013758665982272/mda-nhw80v1ith9wa8e8.mp4
周华健,https://vd3.bdstatic.com/mda-pji6sfruirxv9r4c/1080p/cae_h264/1697750283363939899/mda-pji6sfruirxv9r4c.mp4
周杰伦合集,https://vd3.bdstatic.com/mda-paq1xkb7rcjtii9v/sc/cae_h264/1674613587466498828/mda-paq1xkb7rcjtii9v.mp4
周杰伦精选120首(8小时),https://txmov2.a.kwimgs.com/upic/2023/06/18/23/BMjAyMzA2MTgyMzE1MjBfMzQ4MzI0MjA1OF8xMDU4Nzc4MzAzNjZfMF8z_b_B386baa1bb2c0c48626a830ff69393771.mp4
周深精选72首(5小时),https://txmov2.a.kwimgs.com/upic/2023/08/07/21/BMjAyMzA4MDcyMTAzMzZfMzYxMjUyNDA3MV8xMDk5Mjc3MDcwMTFfMF8z_b_B707fdf2100370008b57219d4a1dab568.mp4
周传雄合集,https://vd2.bdstatic.com/mda-pjvcmh8hs1bxw4xt/1080p/cae_h264/1698766118317392328/mda-pjvcmh8hs1bxw4xt.mp4
国语老歌1,https://vd3.bdstatic.com/mda-peb3rhxk5uyvghpj/720p/h264/1683859549697235538/mda-peb3rhxk5uyvghpj.mp4
国语老歌2,https://vd2.bdstatic.com/mda-ped1sgxncbswrexk/720p/h264/1684027353141147241/mda-ped1sgxncbswrexk.mp4
国语老歌3,https://vd3.bdstatic.com/mda-peg3z4yjn9bkgz31/720p/h264/1684292099467092819/mda-peg3z4yjn9bkgz31.mp4
国语老歌4,https://vd3.bdstatic.com/mda-peg44n9z66qk9z38/1080p/cae_h264/1684481766710705634/mda-peg44n9z66qk9z38.mp4
国语老歌5,https://vd3.bdstatic.com/mda-peg4c13vtwdfmyhh/720p/h264/1684292959661351663/mda-peg4c13vtwdfmyhh.mp4
国语老歌6,https://vd3.bdstatic.com/mda-peg4gw5z4ijcmmb8/1080p/cae_h264/1684546102296835094/mda-peg4gw5z4ijcmmb8.mp4
姜育恒,https://txmov2.a.kwimgs.com/bs3/video-hls/5228116320942620413_hlsb.m3u8
姜育恒合集,https://vd3.bdstatic.com/mda-pkbc2e5j82e0n1kp/1080p/cae_h264/1699964723210625345/mda-pkbc2e5j82e0n1kp.mp4
孙燕姿合集,https://vd3.bdstatic.com/mda-paj227g2z43rby0b/sc/cae_h264/1674182747611865385/mda-paj227g2z43rby0b.mp4
孙燕姿精选30首(2小时),https://txmov2.a.kwimgs.com/upic/2020/07/15/19/BMjAyMDA3MTUxOTA1MzhfNTAyNzg4MTc0XzMyNDIzMzUwMjAyXzJfMw==_b_Bd09b171541ea966fd7a324624cfe6c16.mp4
孙露1,http://www.iesdouyin.com/aweme/v1/play/?video_id=v0300fg10000cd8ge8bc77u61rhg0ul0∶=1080p&line=0
孙露2,http://www.iesdouyin.com/aweme/v1/play/?video_id=v0200fg10000cm1tshfog65h8e0kfo40∶=1080p&line=0
孟庭苇合集,https://vd4.bdstatic.com/mda-pah0g785da3bd8cg/hd/cae_h264/1674003403215729852/mda-pah0g785da3bd8cg.mp4
孟庭苇塘14首经典歌曲,https://txmov2.a.kwimgs.com/bs3/video-hls/5210664900039596920_hlsb.m3u8
庄心妍精选44首(2小时),https://txmov2.a.kwimgs.com/upic/2023/09/29/09/BMjAyMzA5MjkwOTEzMDVfMjE0OTExOTI2N18xMTM3OTU3ODM3NzFfMF8z_b_B1909889bf55e6af6f994b05596fb589f.mp4
庾澄庆合集,https://vd4.bdstatic.com/mda-pawe0vd3ni6nzh8m/hd/cae_h264/1675210890051408273/mda-pawe0vd3ni6nzh8m.mp4
张信哲,https://txmov2.a.kwimgs.com/bs3/video-hls/5219672073739744157_hlsb.m3u8
张信哲合集,https://vd4.bdstatic.com/mda-paq1rstx5psmnh4d/sc/cae_h264/1674629486930515540/mda-paq1rstx5psmnh4d.mp4
张国荣合集1,https://vd3.bdstatic.com/mda-na9i15iap05efpff/sc/cae_h264_delogo/1641828605628346695/mda-na9i15iap05efpff.mp4
张国荣合集2,https://vd2.bdstatic.com/mda-na8hrvu9tk4svhrf/sc/cae_h264_delogo/1642260080397657076/mda-na8hrvu9tk4svhrf.mp4
张国荣永远想念哥哥,https://vd4.bdstatic.com/mda-pk4edusu417t16yk/1080p/cae_h264/1699230648697960971/mda-pk4edusu417t16yk.mp4
张学友1,https://k0ub7yffy10yezw2409x875ex5088x330xxez.djvod.ndcimgs.com/bs3/video-hls/5207287162232816373_hlsb.m3u8
张学友2,https://txmov2.a.kwimgs.com/upic/2020/10/20/18/BMjAyMDEwMjAxODEyMDFfMTc4NDYxNDcyNl8zNzk4NDE2MTk3MV8yXzM=_b_B468e68508fc9e08728ffea7dc0438511.mp4
张学友合集,https://vd2.bdstatic.com/mda-nm6fky2jmywpcdj9/cae_h264/1670413517411532119/mda-nm6fky2jmywpcdj9.mp4
张宇合集1,https://vd4.bdstatic.com/mda-paq1swz9kfiww0nf/720p/h264/1674609379540322499/mda-paq1swz9kfiww0nf.mp4
张宇合集2,https://vd4.bdstatic.com/mda-pkb28ajhwe174f7j/1080p/cae_h264/1699846476579882257/mda-pkb28ajhwe174f7j.mp4
张明敏,https://vd3.bdstatic.com/mda-pk8gz9ngbkda3qxq/720p/h264/1699532698449583436/mda-pk8gz9ngbkda3qxq.mp4
张惠妹狂舞天使,https://vd2.bdstatic.com/mda-pk84tr9c30fpamdz/720p/h264/1699501953636037174/mda-pk84tr9c30fpamdz.mp4
张惠妹合集,https://vd3.bdstatic.com/mda-paq1r1xeq684ghvi/sc/cae_h264/1674629389712621917/mda-paq1r1xeq684ghvi.mp4
张惠妹精选10首(1小时),https://www.iesdouyin.com/aweme/v1/playwm/?video_id=v0200fg10000cpfe9nfog65hhstjqpn0∶=720p&line=0
张杰40首经典歌曲,https://txmov2.a.kwimgs.com/bs3/video-hls/5252886123455427055_hlsb.m3u8
张杰合集,https://vd2.bdstatic.com/mda-pk6jcyq6n6izyb5k/1080p/cae_h264/1699636595933186529/mda-pk6jcyq6n6izyb5k.mp4
张茜42首经典歌曲,https://txmov2.a.kwimgs.com/bs3/video-hls/5251478751616846395_hlsb.m3u8
张镐哲合集,https://vd3.bdstatic.com/mda-pai1autuhxiwv606/hd/cae_h264/1674091410698310238/mda-pai1autuhxiwv606.mp4
张雨生合集1,https://vd4.bdstatic.com/mda-nis0atuv091ryxg0/sc/cae_h264/1664442884366030417/mda-nis0atuv091ryxg0.mp4
张雨生合集2,https://vd4.bdstatic.com/mda-pk98nmnp7zq5g1jh/1080p/cae_h264/1699813396527408473/mda-pk98nmnp7zq5g1jh.mp4
张韶涵精选96首(6小时),https://txmov2.a.kwimgs.com/upic/2023/04/24/02/BMjAyMzA0MjQwMjA4MDlfMjE0OTExOTI2N18xMDEzNTM2NjA5OTFfMF8z_b_Baa658d527c452cd09e6dc0e9684c1bed.mp4
影视金曲,https://alimov2.a.kwimgs.com/upic/2023/03/06/23/BMjAyMzAzMDYyMzQ4MzZfMTczNjU5NDY5N185NzY2NDI1OTk4Ml8yXzM=_b_Bfab0ef5176e29b8495df21d906feb6ed.mp4
徐小凤合集,https://vd4.bdstatic.com/mda-pjn4efhjeky8r2nn/1080p/cae_h264/1698098599114610049/mda-pjn4efhjeky8r2nn.mp4
徐怀钰合集,https://vd3.bdstatic.com/mda-paj26adxum0u1nzm/sc/cae_h264/1674181138806313046/mda-paj26adxum0u1nzm.mp4
徐良精选30首(1小时),https://alimov2.a.kwimgs.com/upic/2024/05/08/20/BMjAyNDA1MDgyMDAyMjFfMTg1NzcxNTYxOF8xMzE5MDIyNTY0NzNfMl8z_b_B62cb1e50d6a0dea4efc3e6da93662aa4.mp4
李克勤合集,https://vd3.bdstatic.com/mda-nkm0rfx2h01mecpb/sc/cae_h264/1669097663537218616/mda-nkm0rfx2h01mecpb.mp4
李宗盛合集1,https://vd3.bdstatic.com/mda-pag1f6ssp0tz7u6w/hd/cae_h264/1673925651687172516/mda-pag1f6ssp0tz7u6w.mp4
李宗盛合集2,https://vd2.bdstatic.com/mda-pkgfhem3t8g6b0z8/720p/h264/1700221942585471554/mda-pkgfhem3t8g6b0z8.mp4
李玟合集,https://vd3.bdstatic.com/mda-jksqgenwiqib178f/sc/mda-jksqgenwiqib178f.mp4
李翊君合集,https://vd4.bdstatic.com/mda-pjsas5efkaebupa6/1080p/cae_h264/1698434793444943173/mda-pjsas5efkaebupa6.mp4
李翊君20首经典歌曲,https://txmov2.a.kwimgs.com/bs3/video-hls/5189835729521538666_hlsb.m3u8
李玲玉甜歌皇后,https://vd3.bdstatic.com/mda-pjcm07zg2zjfq3ny/1080p/cae_h264/1697315265394983261/mda-pjcm07zg2zjfq3ny.mp4
杨丞琳精选30首(2小时),https://txmov2.a.kwimgs.com/upic/2020/09/20/20/BMjAyMDA5MjAyMDAyMDdfODI4NTk1NTQ0XzM2MzcyMzIwMzYzXzJfMw==_b_B8aa481540d89fe5ec2b3507f8209c663.mp4?tag=1-1750931214-std-1-wz3snqjkat-8298da1fe959ffc7&clientCacheKey=3x8t5k75nb5mzyc_b.mp4&tt=b&di=739f67b1&bp=12681&ali_redirect_ex_hot=66666800&ali_redirect_ex_beacon=1
杨千嬅合集,https://vd2.bdstatic.com/mda-paj28s7kxxta535a/sc/cae_h264/1674179921663865160/mda-paj28s7kxxta535a.mp4
杨珏莹,https://vd3.bdstatic.com/mda-pjw9r9zgw8w0wyzp/1080p/cae_h264/1698799970364076316/mda-pjw9r9zgw8w0wyzp.mp4
林依轮10首经典歌曲,https://txmov2.a.kwimgs.com/bs3/video-hls/5209257503535513363_hlsb.m3u8
林俊杰合集,https://txmov2.a.kwimgs.com/合集bs3/video-hls/5231212549905475206_hlsb.m3u8
林俊杰精选81首(5小时),https://txmov2.a.kwimgs.com/upic/2024/01/09/12/BMjAyNDAxMDkxMjA2MDdfMzQ4MzI0MjA1OF8xMjE2Nzg4Mjk4NTZfMF8z_b_Bc9f7d3b0c4b69136e61d8328a8538bd2.mp4?clientCacheKey=3xajh8b4u5j6uva_b.mp4
林俊杰经典合集,https://txmov2.a.kwimgs.com/bs3/video-hls/5231212549905475206_hlsb.m3u8
林子祥合集,https://vd2.bdstatic.com/mda-nksbae509kuunmw5/sc/cae_h264/1669538414221805368/mda-nksbae509kuunmw5.mp4
林志炫合集1,https://vd2.bdstatic.com/mda-ni40rrekfe43ip3f/sc/cae_h264/1662338985564650327/mda-ni40rrekfe43ip3f.mp4
林志颖合集,https://vd4.bdstatic.com/mda-nksb70tv5vt9d5ta/sc/cae_h264/1669539791287641428/mda-nksb70tv5vt9d5ta.mp4
林玉英合集,https://vd3.bdstatic.com/mda-pjek8ypuvcz29eqc/1080p/cae_h264/1697481625020944488/mda-pjek8ypuvcz29eqc.mp4
林翠萍合集,https://vd4.bdstatic.com/mda-pjgii34m31isd2jf/1080p/cae_h264/1697664890514725754/mda-pjgii34m31isd2jf.mp4
林忆莲1,https://k0ub7yffy10yez.djvod.ndcimgs.com/upic/2024/01/16/07/BMjAyNDAxMTYwNzEzNTNfODI4NTk1NTQ0XzEyMjIyODI2OTMyM18yXzM=_b_B358e6b1dbf7db9a80ffc4f82cee98a4e.mp4
林忆莲2,https://txmov2.a.kwimgs.com/bs3/video-hls/5250071375165662691_hlsb.m3u8
梁咏琪合集1,https://vd3.bdstatic.com/mda-nkm0vwwxem7nnicp/sc/cae_h264/1669097506610820128/mda-nkm0vwwxem7nnicp.mp4
梁咏琪合集2,https://vd2.bdstatic.com/mda-pk0i3ne0iajinp9x/1080p/cae_h264/1698888105262004319/mda-pk0i3ne0iajinp9x.mp4
梁静茹合集1,https://vd2.bdstatic.com/mda-nkm0tccmp4h9mbzx/sc/cae_h264/1669099609536177298/mda-nkm0tccmp4h9mbzx.mp4
梁静茹合集2,https://vd4.bdstatic.com/mda-pjvj2hnsrcas0rd4/1080p/cae_h264/1698714657625462903/mda-pjvj2hnsrcas0rd4.mp4
梁静茹精选40首(2小时),https://txmov2.a.kwimgs.com/upic/2023/08/06/13/BMjAyMzA4MDYxMzA3MTVfODM0NDUzMTQ2XzEwOTgwOTYwMjQ1OV8wXzM=_b_Bd9c215cb7ac961de3d5db54cb7bffed6.mp4
梅朵40首经典歌曲,https://txmov2.a.kwimgs.com/bs3/video-hls/5215449953961824145_hlsb.m3u8
梅艳芳合集,https://vd4.bdstatic.com/mda-paj21pmbsf1t5guw/720p/h264/1674178040534961503/mda-paj21pmbsf1t5guw.mp4
梦然40首经典歌曲,https://txmov2.a.kwimgs.com/bs3/video-hls/5228679277594646633_hlsb.m3u8
毛阿敏40首经典歌曲,https://txmov2.a.kwimgs.com/bs3/video-hls/5196028179371386236_hlsb.m3u8
汤潮40首经典歌曲,https://txmov2.a.kwimgs.com/bs3/video-hls/5204472429700768764_hlsb.m3u8
汪明荃,https://txmov2.a.kwimgs.com/bs3/video-hls/5202502102851767269_hlsb.m3u8
汪苏泷合集,https://vd4.bdstatic.com/mda-pg1me33kyu0pp53k/sc/cae_h264/1688382703992389690/mda-pg1me33kyu0pp53k.mp4
汪苏泷精选20首(1小时),https://txmov2.a.kwimgs.com/upic/2020/09/30/22/BMjAyMDA5MzAyMjA3NDNfODI4NTk1NTQ0XzM2ODY2MzQxNzg4XzJfMw==_b_Bb726df27e24fda5e4d31b724d84ab8d4.mp4
滚石30周年1,https://vd4.bdstatic.com/mda-pcm3pzs1j2kvmfm9/sc/cae_h264/1679454636577317374/mda-pcm3pzs1j2kvmfm9.mp4
滚石30周年10,https://vd2.bdstatic.com/mda-pcwexybyavexzpnp/sc/cae_h264/1680331669243313968/mda-pcwexybyavexzpnp.mp4
滚石30周年11,https://vd2.bdstatic.com/mda-pd1djkedcsd6zf4m/720p/h264/1680428126358674178/mda-pd1djkedcsd6zf4m.mp4
滚石30周年12,https://vd4.bdstatic.com/mda-pd1fyefdw9cy4syj/sc/cae_h264/1680434683296583972/mda-pd1fyefdw9cy4syj.mp4
滚石30周年13,https://vd4.bdstatic.com/mda-pd1pn0se84vp5e76/sc/cae_h264/1680454160874637654/mda-pd1pn0se84vp5e76.mp4
滚石30周年2,https://vd2.bdstatic.com/mda-pcn3qntu84eiy4pc/sc/cae_h264/1679561914049416863/mda-pcn3qntu84eiy4pc.mp4
滚石30周年3,https://vd2.bdstatic.com/mda-pcp3iqdppmthfzci/sc/cae_h264/1679642719825011459/mda-pcp3iqdppmthfzci.mp4
滚石30周年4,https://vd3.bdstatic.com/mda-pcq4butqfxcsjzti/720p/h264/1679713620358576605/mda-pcq4butqfxcsjzti.mp4
滚石30周年5,https://vd2.bdstatic.com/mda-pcrhk948v4pndg1s/sc/cae_h264/1679834952626832748/mda-pcrhk948v4pndg1s.mp4
滚石30周年6,https://vd2.bdstatic.com/mda-pcs5igsua7b9ckm6/sc/cae_h264/1679890569447039341/mda-pcs5igsua7b9ckm6.mp4
滚石30周年7,https://vd2.bdstatic.com/mda-pct3seu4xp05j12h/sc/cae_h264/1679972602825023270/mda-pct3seu4xp05j12h.mp4
滚石30周年8,https://vd3.bdstatic.com/mda-pcu4evdtgnbx20e4/sc/cae_h264/1680071973199685855/mda-pcu4evdtgnbx20e4.mp4
滚石30周年9,https://vd4.bdstatic.com/mda-pcv45r3sh41w18xp/sc/cae_h264/1680145973409946990/mda-pcv45r3sh41w18xp.mp4
潘玮柏精选28首(1小时),https://txmov2.a.kwimgs.com/upic/2021/02/18/21/BMjAyMTAyMTgyMTI0MzNfODI4NTk1NTQ0XzQ0NTk2NzM2MDU3XzJfMw==_b_B92f3c6849966ee988590af29cfd9237b.mp4?tag=1-1750435163-std-1-6qxcke5wod-82a7afd374de76aa&clientCacheKey=3xabaxhvbd3me8s_b.mp4
王力宏16首经典歌曲,https://txmov2.a.kwimgs.com/bs3/video-hls/5205035380900810284_hlsb.m3u8
王力宏精选30首(2小时),https://txmov2.a.kwimgs.com/upic/2020/09/30/21/BMjAyMDA5MzAyMTU2NTNfODI4NTk1NTQ0XzM2ODY1NDA2MDM3XzJfMw==_b_Bf61393cb3ef5f8ab4b687ae367ed1211.mp4
王心凌精选69首(4小时),https://txmov2.a.kwimgs.com/upic/2023/07/26/22/BMjAyMzA3MjYyMjExNTNfMzYxMjUyNDA3MV8xMDg5NTQ4NjE1ODlfMF8z_b_Bdded2693ce6f7de089cfd7030b45bef7.mp4
王心凌经典合集,https://txmov2.a.kwimgs.com/bs3/video-hls/5210946351305777158_hlsb.m3u8
王杰合集,https://vd3.bdstatic.com/mda-paj24w3pip97yamz/sc/cae_h264/1674185355776462627/mda-paj24w3pip97yamz.mp4
王杰精选30首(2小时),https://txmov2.a.kwimgs.com/upic/2020/09/06/17/BMjAyMDA5MDYxNzU1MjJfMTc4NDYxNDcyNl8zNTYyMjQ2ODIxNl8yXzM=_b_Bc35f6a28c8cf25ea947bc122c176b034.mp4
王杰1,https://txmov2.a.kwimgs.com/bs3/video-hls/5228679203370871856_hlsb.m3u8
王杰2,https://txmov2.a.kwimgs.com/bs3/video-hls/5243878850883611700_hlsb.m3u8
王杰3,https://txmov2.a.kwimgs.com/bs3/video-hls/5257389653492247586_hlsb.m3u8
王菲合集1,https://vd4.bdstatic.com/mda-pg3m9czi01sgmas7/sc/cae_h264/1688505868106382211/mda-pg3m9czi01sgmas7.mp4
王菲合集2,https://vd3.bdstatic.com/mda-paj24ccexzab4113/sc/cae_h264/1674182919884158754/mda-paj24ccexzab4113.mp4
王菲合集3,https://vd3.bdstatic.com/mda-pjp2zxvdg24z7xyy/1080p/cae_h264/1698217775802767942/mda-pjp2zxvdg24z7xyy.mp4
甄妮40首经典歌曲,https://txmov2.a.kwimgs.com/bs3/video-hls/5199405879311116082_hlsb.m3u8
童安格40首经典歌曲,https://txmov2.a.kwimgs.com/bs3/video-hls/5251760219003853218_hlsb.m3u8
童安格合集1,https://vd2.bdstatic.com/mda-paj23qqh5q1c86qg/sc/cae_h264/1674182613788241332/mda-paj23qqh5q1c86qg.mp4
童安格合集2,https://vd2.bdstatic.com/mda-pkd8hrry25iv9myw/1080p/cae_h264/1700157464584830811/mda-pkd8hrry25iv9myw.mp4
经典歌曲570首,https://txmov2.a.kwimgs.com/bs3/video-hls/5196309668987139918_hlsb.m3u8
网络神曲,https://alimov2.a.kwimgs.com/bs3/video-hls/5223049755640550547_hlsb.m3u8
罗大佑合集,https://vd3.bdstatic.com/mda-paj3bndqef0brg82/hd/cae_h264/1674182231284241416/mda-paj3bndqef0brg82.mp4
罗文合集1,https://vd2.bdstatic.com/mda-paj209nnw25qxdd3/720p/h264/1674177933358236689/mda-paj209nnw25qxdd3.mp4
罗文合集2,https://vd4.bdstatic.com/mda-pas47g35beq7c8am/576p/h264/1674788386403294509/mda-pas47g35beq7c8am.mp4
腾格尔,https://txmov2.a.kwimgs.com/bs3/video-hls/5242471550986018227_hlsb.m3u8
草蜢合集,https://vd2.bdstatic.com/mda-nkg6xtz6ph8a421a/sc/cae_h264/1668671364539601937/mda-nkg6xtz6ph8a421a.mp4
莫文蔚合集,https://vd3.bdstatic.com/mda-nksbbcfasp641205/sc/cae_h264/1669538238470976198/mda-nksbbcfasp641205.mp4
莫文蔚精选72首(5小时),https://txmov2.a.kwimgs.com/upic/2023/07/27/21/BMjAyMzA3MjcyMTQ2MjdfMzYxMjUyNDA3MV8xMDkwMzM1MjA2NTJfMF8z_b_B144de29e473911c6e9187c9d591b8943.mp4
萧亚轩合集,https://vd3.bdstatic.com/mda-paj25d8nm4uc59es/sc/cae_h264/1674182542534082128/mda-paj25d8nm4uc59es.mp4
蔡依林合集,https://vd4.bdstatic.com/mda-pac79inw7bdc065u/hd/cae_h264/1673588623519298769/mda-pac79inw7bdc065u.mp4
蔡依林精选102首(6小时),https://txmov2.a.kwimgs.com/upic/2025/06/12/20/BMjAyNTA2MTIyMDUzMjFfNDQzMTI2Mjg0XzE2NjY1MzM5MjYxMV8yXzM=_b_B3bed4c7c1a80388966791d398e318edd.mp4
蔡健雅精选30首(2小时),https://txmov2.a.kwimgs.com/upic/2023/08/18/21/BMjAyMzA4MTgyMTA4MzZfODM0NDUzMTQ2XzExMDgyNTA1MjcwM18wXzM=_b_B0d509c2419313652932c68153a65e4ed.mp4
薛之谦精选30首(2小时),https://txmov2.a.kwimgs.com/upic/2023/07/28/13/BMjAyMzA3MjgxMzUwMzRfODM0NDUzMTQ2XzEwOTA3NjA4NDU2Nl8wXzM=_b_B480250201ec7378867d92e4d29f7a644.mp4
许茹芸合集,https://vd3.bdstatic.com/mda-pjb1y9ujp61ehwjt/1080p/cae_h264/1697137907147645047/mda-pjb1y9ujp61ehwjt.mp4
许美静合集,https://vd4.bdstatic.com/mda-pk50wum9cpwc8s01/720p/h264/1699232919070028893/mda-pk50wum9cpwc8s01.mp4
许冠杰合集,https://vd2.bdstatic.com/mda-paj27ykdqysv2mtw/sc/cae_h264/1674179770185504208/mda-paj27ykdqysv2mtw.mp4
许嵩精选30首(2小时),https://alimov2.a.kwimgs.com/upic/2020/09/14/21/BMjAyMDA5MTQyMTMzMDdfODI4NTk1NTQ0XzM2MDUzMTE1NjM5XzJfMw==_b_B789c6ea6a87d1b67019f19f16c9f71f7.mp4
许嵩经典合集,https://txmov2.a.kwimgs.com/bs3/video-hls/5246693673328160378_hlsb.m3u8
谭咏麟合集1,https://vd2.bdstatic.com/mda-paj231dq1mks423d/sc/cae_h264/1674179884142970651/mda-paj231dq1mks423d.mp4
谭咏麟合集2,https://vd2.bdstatic.com/mda-pk2hy3j279g1txag/1080p/cae_h264/1699144704714149222/mda-pk2hy3j279g1txag.mp4
赵传合集,https://vd3.bdstatic.com/mda-paq1tepxqeiegjj4/sc/cae_h264/1674635604690258650/mda-paq1tepxqeiegjj4.mp4
迪克牛仔合集,https://vd2.bdstatic.com/mda-nibbumj3jzc16ej9/sc/cae_h264/1662975278800631180/mda-nibbumj3jzc16ej9.mp4
邓丽君合集1,https://vd4.bdstatic.com/mda-nkg71nvnuzanh072/sc/cae_h264/1668667802847572861/mda-nkg71nvnuzanh072.mp4
邓丽君合集2,https://vd3.bdstatic.com/mda-pjpbciiuab9jhu7p/1080p/cae_h264/1698318630312827481/mda-pjpbciiuab9jhu7p.mp4
邓丽君经典歌曲50首珍藏版,https://txmov2.a.kwimgs.com/bs3/video-
邓紫棋合集,https://vd3.bdstatic.com/mda-pg3m9a9ppvgzqg76/sc/cae_h264/1688504490901841014/mda-pg3m9a9ppvgzqg76.mp4
邓紫棋精选30首(2小时),https://txmov2.a.kwimgs.com/upic/2023/05/08/12/BMjAyMzA1MDgxMjIwNTNfMzQ4MzI0MjA1OF8xMDI1NjYyMjM5MDZfMF8z_b_B0675fa55fe8ce0583fb05fa02330e9f1.mp4
邝美云合集,https://vd2.bdstatic.com/mda-pbeexvuxcve5846s/sc/cae_h264/1676582560140953592/mda-pbeexvuxcve5846s.mp4
邰正宵合集,https://vd2.bdstatic.com/mda-pai1fgvqnzfshm79/hd/cae_h264/1674091705705323755/mda-pai1fgvqnzfshm79.mp4
郑中基合集,https://vd3.bdstatic.com/mda-paq1vuutbxj3nid7/sc/cae_h264/1674635667756668676/mda-paq1vuutbxj3nid7.mp4
郑伊健合集,https://vd4.bdstatic.com/mda-pac8fmnv1a366vmr/hd/cae_h264/1673591592922356655/mda-pac8fmnv1a366vmr.mp4
郑智化合集,https://vd2.bdstatic.com/mda-paq1ux0qf6sgmned/sc/cae_h264/1674636855608480381/mda-paq1ux0qf6sgmned.mp4
郑秀文合集,https://vd4.bdstatic.com/mda-paq1uaga11j66k8k/sc/cae_h264/1674635527660020109/mda-paq1uaga11j66k8k.mp4
郑钧合集,https://vd2.bdstatic.com/mda-pad3y0wrmxzapv2w/576p/h264/1673664549552774186/mda-pad3y0wrmxzapv2w.mp4
郭富城合集,https://vd3.bdstatic.com/mda-paj1y1ffn07b81zr/sc/cae_h264/1674180953809875143/mda-paj1y1ffn07b81zr.mp4
金海心,https://txmov2.a.kwimgs.com/bs3/video-hls/5202783577818793385_hlsb.m3u8
陈奕迅精选34首(2小时),https://txmov2.a.kwimgs.com/upic/2022/12/22/17/BMjAyMjEyMjIxNzM3NDNfMTg1NzcxNTYxOF85MTcyMjE1NDQzNV8yXzM=_b_B16479ab3769c6fcfed15a06b75c2656e.mp4
陈小春合集,https://vd4.bdstatic.com/mda-paj3eqx7guxsieph/hd/cae_h264/1674186798675696922/mda-paj3eqx7guxsieph.mp4
陈慧娴30首经典歌曲,https://txmov2.a.kwimgs.com/bs3/video-hls/5218827651929954317_hlsb.m3u8
陈慧娴合集1,https://vd2.bdstatic.com/mda-pag1mzva41p63jq5/hd/cae_h264/1673927648285556707/mda-pag1mzva41p63jq5.mp4
陈慧娴合集2,https://vd4.bdstatic.com/mda-pjsiwmdsrau9hbcs/1080p/cae_h264/1698455668088764234/mda-pjsiwmdsrau9hbcs.mp4
陈慧琳精选30首(1小时),https://txmov2.a.kwimgs.com/upic/2025/02/09/20/BMjAyNTAyMDkyMDIzNTVfMTg1NzcxNTYxOF8xNTY0NDk2NjMzNTZfMl8z_b_Bd072695cb8d3a79a9d1ac8cdb5b3b3bc.mp4
陈淑桦,https://txmov2.a.kwimgs.com/bs3/video-hls/5207850128833175307_hlsb.m3u8
陈淑桦合集1,https://vd2.bdstatic.com/mda-paib4m1zb47fz3j0/sc/cae_h264/1674117441894799856/mda-paib4m1zb47fz3j0.mp4
陈淑桦合集2,https://vd3.bdstatic.com/mda-pjtbz7bfjt6ws8b5/1080p/cae_h264/1698507803720574035/mda-pjtbz7bfjt6ws8b5.mp4
陈瑞合集,https://txmov2.a.kwimgs.com/bs3/video-hls/5204472429788093934_hlsb.m3u8
陈瑞经典音乐合集40首,https://txmov2.a.kwimgs.com/bs3/video-hls/5202220639951372084_hlsb.m3u8
陈百强合集,https://vd3.bdstatic.com/mda-nkg6zym5hmcmhcth/sc/cae_h264/1668667805400554098/mda-nkg6zym5hmcmhcth.mp4
陈百强情歌王子,https://vd4.bdstatic.com/mda-pk3fyap9swqifck2/1080p/cae_h264/1699188655808689759/mda-pk3fyap9swqifck2.mp4
陶喆精选30首(2小时),https://txmov2.a.kwimgs.com/upic/2023/08/06/13/BMjAyMzA4MDYxMzEzMzhfODM0NDUzMTQ2XzEwOTgxMDA2NzAyNF8wXzM=_b_B5e5a6bf1ef67081a9a226a2f6145ea2d.mp4
陶喆经典合集,https://txmov2.a.kwimgs.com/bs3/video-hls/5239938277375381611_hlsb.m3u8
韩宝仪1,https://txmov2.a.kwimgs.com/bs3/video-hls/5250634324924434598_hlsb.m3u8
韩宝仪2,https://txmov2.a.kwimgs.com/bs3/video-hls/5199405878731760679_hlsb.m3u8
韩宝仪合集,https://vd3.bdstatic.com/mda-pjk6ibxy1x1hbjw0/1080p/cae_h264/1697957504757447922/mda-pjk6ibxy1x1hbjw0.mp4
颜人中精选36首(1小时),https://www.iesdouyin.com/aweme/v1/playwm/?video_id=v0200fg10000d07m1fnog65i93c1s7qg∶=720p&line=0
飞轮海精选30首(2小时),https://www.iesdouyin.com/aweme/v1/playwm/?video_id=v0200fg10000cra24sfog65t497nn1o0∶=720p&line=0
魏佳艺40首经典歌曲,https://txmov2.a.kwimgs.com/bs3/video-hls/5226427471582302532_hlsb.m3u8
黄品源合集,https://vd2.bdstatic.com/mda-ni506bsvmmdm4bdv/sc/cae_h264/1662424001611264977/mda-ni506bsvmmdm4bdv.mp4
黄安合集,https://vd4.bdstatic.com/mda-paj1yviih627m7br/sc/cae_h264/1674182480562260368/mda-paj1yviih627m7br.mp4
黄莺莺合集,https://vd4.bdstatic.com/mda-nkm0h1vrypczxbtg/720p/h264/1669076515355370249/mda-nkm0h1vrypczxbtg.mp4
黎明,https://k0ub7yffy10y8z.djvod.ndcimgs.com/bs3/video-hls/5257671152053263747_hlsb.m3u8
黎明合集,https://vd3.bdstatic.com/mda-nkm0q4v1cnx3dg0q/sc/cae_h264/1669099217121656933/mda-nkm0q4v1cnx3dg0q.mp4
齐秦合集1,https://vd3.bdstatic.com/mda-nksbca2gxqm392y9/sc/cae_h264/1669538208173071679/mda-nksbca2gxqm392y9.mp4
齐秦合集2,https://vd3.bdstatic.com/mda-pk81ynf799fieche/1080p/cae_h264/1699745925707435905/mda-pk81ynf799fieche.mp4
苏芮合集,https://vd4.bdstatic.com/mda-pj9ecyaqv7ke9dwv/1080p/cae_h264/1696990214183284814/mda-pj9ecyaqv7ke9dwv.mp4
千百惠合集,https://vd3.bdstatic.com/mda-pkfjntxm4epf60yt/1080p/cae_h264/1700182786339021269/mda-pkfjntxm4epf60yt.mp4
凤飞飞帽子歌后合集,https://vd3.bdstatic.com/mda-pj7i4xxzrf0zxn73/1080p/cae_h264/1696817917584246186/mda-pj7i4xxzrf0zxn73.mp4
龙飘飘,https://txmov2.a.kwimgs.com/bs3/video-hls/5208976024485136549_hlsb.m3u8
龙飘飘合集,https://vd3.bdstatic.com/mda-pjfbcn2u4ddzy1uv/1080p/cae_h264/1697573757485631425/mda-pjfbcn2u4ddzy1uv.mp4
梅艳芳合集,https://vd3.bdstatic.com/mda-pjq3ne0y56wdxf2s/1080p/cae_h264/1698276899495565793/mda-pjq3ne0y56wdxf2s.mp4
钟镇涛,https://vd4.bdstatic.com/mda-pk913ejp0ug5sf86/720p/h264/1699578762094668028/mda-pk913ejp0ug5sf86.mp4
费玉清,https://vd4.bdstatic.com/mda-pk63wga09k1j5hfc/720p/h264/1699327052348725929/mda-pk63wga09k1j5hfc.mp4
潘美辰,https://vd4.bdstatic.com/mda-pk651vw86q7z5jbi/720p/h264/1699329318527214555/mda-pk651vw86q7z5jbi.mp4
任贤齐1,https://vd2.bdstatic.com/mda-pk218iztk2svc1ef/1080p/cae_h264/1699061650530228247/mda-pk218iztk2svc1ef.mp4
任贤齐2,https://txmov2.a.kwimgs.com/bs3/video-hls/5254012023525680703_hlsb.m3u8
阿杜1,https://txmov2.a.kwimgs.com/bs3/video-hls/5238249422593655681_hlsb.m3u8
阿杜2,https://txmov2.a.kwimgs.com/bs3/video-hls/5202502029789644760_hlsb.m3u8
◆◆◆　http://ku9.fr.to/ku9/1768502278.txt
◆◆◆　https://188766.xyz/itv
◆◆◆　https://cloud.7so.top/f/mOlYsW/%E5%AE%B6%E7%94%A8%E6%BA%90.m3u


◆◆◆　https://raw.githubusercontent.com/develop202/migu_video/refs/heads/main/interfaceTXT.txt


◆◆◆　https://raw.githubusercontent.com/alenin-zhang/IPTV/refs/heads/main/lenin.txt
◆◆◆　https://raw.githubusercontent.com/kakaxi-1/IPTV/refs/heads/main/ipv4.txt
2026-10-09 07:08:29,http://kakaxi.indevs.in/Disclaimer.mp4
经典香港电影,http://36.36.238.246:7788/625703337
经典香港电影,http://118.113.40.13:1234/625703337
经典香港电影,http://182.46.8.235:7788/625703337
经典香港电影,http://gslbmgsplive.miguvideo.com/wd_r2/virtuallive/5100180869/150/index.m3u8?msisdn=1172f9be5a1424b3003793cd1c2b846d&mdspid=&spid=800033&netType=0&sid=5500242089&pid=2028597139&timestamp=20261009065106&Channel_ID=0116_2600034600-99000-201600010010028&ProgramID=625703337&ParentNodeID=-99&assertID=5500242089&client_ip=39.103.182.111&SecurityKey=20261009065106&promotionId=&mvid=5100180869&mcid=500020&playurlVersion=WX-A1-9.9.2-SNAPSHOT&userid=&jmhm=&videocodec=h264&appCode=miguvideo_android&bean=mgspad&tid=android&conFee=0&puData=829947bda5df9dc489616627cbeb2542&ddCalcu=2842v59a29bb4ae7bbcd7a256d6f196d9c84&sv=10004&ct=android
经典香港电影,http://182.85.163.86:1234/625703337
经典香港电影,http://114.240.111.49:7788/625703337
抗战经典影片,http://118.113.40.13:1234/617432318
抗战经典影片,http://182.46.8.235:7788/617432318
抗战经典影片,http://114.240.111.49:7788/617432318
抗战经典影片,http://182.85.163.86:1234/617432318
抗战经典影片,http://36.36.238.246:7788/617432318
橙记Orange丶,https://live.ottiptv.cc/douyu/4549169
baby丶贝贝,https://live.ottiptv.cc/douyu/431460
小毅主播e,https://live.ottiptv.cc/douyu/11851549
小毅主播q,https://live.ottiptv.cc/douyu/6906628
奇光主播,https://live.ottiptv.cc/douyu/8009547
奇光主播e,https://live.ottiptv.cc/douyu/11849873
奇光主播q,https://live.ottiptv.cc/douyu/12560807
Poison丶冰冰,https://live.ottiptv.cc/douyu/74374
怡宝妹妹丶,https://live.ottiptv.cc/douyu/434971
Only丶邵氏,https://live.ottiptv.cc/douyu/4246519
米尼影院,https://live.ottiptv.cc/douyu/7642724
苹果Zei甜,https://live.ottiptv.cc/douyu/1174353
苹果Zei妖,https://live.ottiptv.cc/douyu/2793084
网神影厅,https://live.ottiptv.cc/douyu/508118
老高与小茉的死忠粉,https://live.ottiptv.cc/douyu/236461
世界未解之谜M,https://live.ottiptv.cc/douyu/9369468
老烟斗鬼故事,https://live.ottiptv.cc/douyu/2337939
宇宙探索飞船,https://live.ottiptv.cc/douyu/9456028
铁甲影院,https://live.ottiptv.cc/douyu/1274132
7师傅,https://live.ottiptv.cc/douyu/17732
龙组队长天昊,https://live.ottiptv.cc/douyu/1487654
奇兮兮悄陌,https://live.ottiptv.cc/douyu/953193
伊太刀刀,https://live.ottiptv.cc/douyu/747764
蓝翔新三国,https://live.ottiptv.cc/douyu/5908256
竹叶的熊猫,https://live.ottiptv.cc/douyu/3870925
懒猫是只喵,https://live.ottiptv.cc/douyu/260322
万事通熊猫,https://live.ottiptv.cc/douyu/7812810
牛叔说电影,https://live.ottiptv.cc/douyu/2758565
白了个痴,https://live.ottiptv.cc/douyu/319576
火龙果讲电影本人,https://live.ottiptv.cc/douyu/2039501
电影迷小雅,https://live.ottiptv.cc/douyu/9639225
怪兽马提尼电影,https://live.ottiptv.cc/douyu/9075333
王坑坑聊电影,https://live.ottiptv.cc/douyu/9402110
刘哔电影,https://live.ottiptv.cc/douyu/2632223
贝爷求生影视,https://live.ottiptv.cc/douyu/9661369
周星驰的直播间,https://live.ottiptv.cc/douyu/8257039
小涛讲电影V,https://live.ottiptv.cc/douyu/8415464
武林萌主唐小姐,https://live.ottiptv.cc/huya/11336726
悠悠爱电影,https://live.ottiptv.cc/huya/30611864
涂涂观影团,https://live.ottiptv.cc/huya/30513350
亚、娜,https://live.ottiptv.cc/huya/30581465
影迷心公社,https://live.ottiptv.cc/huya/30522289
7喜先生,https://live.ottiptv.cc/huya/11342421
沐希兔子,https://live.ottiptv.cc/huya/29835225
都爱看,https://live.ottiptv.cc/huya/26058097
港片 喜剧 动作,https://live.ottiptv.cc/yy/1355480591
恐怖电影,https://live.ottiptv.cc/yy/24066336
Red Bull TV,http://rbmn-live.akamaized.net/hls/live/590964/BoRB-AT/master_6660.m3u8
音乐欣赏,http://61.221.215.25:8800/hls/49/index.m3u8
民生,http://tvcdn.stream3.hndt.com/tv/65bef28a017e10009c49d5f900000000_transios/playlist.m3u8?wsSecret=c268afd368e9b4140310dab6c48a5c3b&wsTime=1791522201
国学,http://tvcdn.stream3.hndt.com/tv/647f9277018410008cf925e200000000_transios/playlist.m3u8?wsSecret=5f5c05657ce49aa5e34ba5aa32440087&wsTime=1791522201
公共,http://tvcdn.stream3.hndt.com/tv/65b93894017e10000ae6b07d00000000_transios/playlist.m3u8?wsSecret=94601804520894ec60b1171ae38fa6a0&wsTime=1791522201
电视剧,http://tvcdn.stream3.hndt.com/tv/65bd329b017e1000648cd2ed00000000_transios/playlist.m3u8?wsSecret=205a14cf09a17ba65adb64f872d98f50&wsTime=1791522201
CHC电影,http://183.237.95.108:9901/tsfile/live/1008_1.m3u8?key=txiptv&playlive=0&authid=0
安徽黄山卧云峰,http://gctxyc.liveplay.myqcloud.com/gc/wgw02_1/index.m3u8
玛纳斯,http://218.84.127.245:1026/hls/main1/playlist.m3u8?zxinjd
奎屯汉语,http://218.84.12.186:8001/hls/main/playlist.m3u8?zxinjd
❌云南丽江古城大研花巷观景,https://gcalic.v.myalicdn.com/gc/ljgcdyhxgjt_1/index.m3u8
河北承德金山岭长城,https://gcalic.v.myalicdn.com/gc/hkts03_1/index.m3u8
邢台生活,https://jwcdnqx.hebyun.com.cn/live/xtcsshpd/1500k/tzwj_video.m3u8
❌陕西西安阎良关山石川河风景区,https://gcalic.v.myalicdn.com/gc/nss01_1/index.m3u8
❌安徽黟县芦村远眺,https://gcalic.v.myalicdn.com/gc/yxlcyt_1/index.m3u8
陕西咸阳乾陵景区,https://gcalic.v.myalicdn.com/gc/taishan02_1/index.m3u8
浙江乌镇西市河,https://gcalic.v.myalicdn.com/gc/zjwzbblh_1/index.m3u8
北京密云古水北镇,https://gcalic.v.myalicdn.com/gc/dlst03_1/index.m3u8
黑龙江哈尔滨霁虹桥,https://gcalic.v.myalicdn.com/gc/hkts09_1/index.m3u8
❌云南保山隆阳区拦河坝水库,https://gcalic.v.myalicdn.com/gc/sgns02_1/index.m3u8
❌河南鹤壁浚县古城景区北城门,https://gcalic.v.myalicdn.com/gc/hlzycc_1/index.m3u8
陕西西安钟楼,https://gcalic.v.myalicdn.com/gc/blg03_1/index.m3u8
❌广西桂林漓江景区,https://gcalic.v.myalicdn.com/gc/gllj01_1/index.m3u8
❌山西大同鼓楼,https://gcalic.v.myalicdn.com/gc/emswfs_1/index.m3u8
浙江乌镇龙形田,https://gcalic.v.myalicdn.com/gc/zjwzlxt_1/index.m3u8
❌青海省祁连山国家公园,https://gcalic.v.myalicdn.com/gc/emspxps_1/index.m3u8
浙江舟山嵊泗县中心渔港,https://gcalic.v.myalicdn.com/gc/emsyh_1/index.m3u8
山东济南趵突泉,https://gcalic.v.myalicdn.com/gc/wgw03_1/index.m3u8
长影,http://tpc.x3322.net:9901/tsfile/live/1010_1.m3u8
❌江苏徐州之夜,https://gcalic.v.myalicdn.com/gc/hspyt_1/index.m3u8
❌山西晋城釜山泫水湖,https://gcalic.v.myalicdn.com/gc/zh02_1/index.m3u8
❌陕西西安长安三河水库,https://gcalic.v.myalicdn.com/gc/ahhs01_1/index.m3u8
❌乐山大佛全景,https://gcalic.v.myalicdn.com/gc/lsdfgfl_1/index.m3u8
安徽黄山飞来石,https://gcalic.v.myalicdn.com/gc/hsptgy_1/index.m3u8
江苏南京玄武湖公园,https://gcalic.v.myalicdn.com/gc/xwh01_1/index.m3u8
西藏林芝米林岷山彩门民宿,https://gcalic.v.myalicdn.com/gc/hkylxs06_1/index.m3u8
❌河南焦作云台山红石峡,https://gcalic.v.myalicdn.com/gc/pts01_1/index.m3u8
❌西藏日喀则珠穆朗玛峰,https://gcalic.v.myalicdn.com/gc/qdls02_1/index.m3u8
沈阳辽宁浑河桥,https://gcalic.v.myalicdn.com/gc/ljgcdsc_1/index.m3u8
❌云南大理南涧县无量村古树茶园,https://gcalic.v.myalicdn.com/gc/ztn_1/index.m3u8
❌湖南邵阳崀山骆驼峰,https://gcalic.v.myalicdn.com/gc/dlst01_1/index.m3u8
西藏山南浪卡子县鲁日拉景观,https://gcalic.v.myalicdn.com/gc/hkts07_1/index.m3u8
新疆天山天池马牙山,https://gcalic.v.myalicdn.com/gc/hkylxs05_1/index.m3u8
云南保山板桥镇青龙街,https://gcalic.v.myalicdn.com/gc/ylxs12_1/index.m3u8
❌黑龙江萝北县嘟噜河省级自然保护区,https://gcalic.v.myalicdn.com/gc/taishan03_1/index.m3u8
甘肃敦煌月牙泉,https://gcalic.v.myalicdn.com/gc/dhyyqst_1/index.m3u8
陕西西安大雁塔,https://gcalic.v.myalicdn.com/gc/hkylxs01_1/index.m3u8
❌云南丽江古城万古楼遥望玉龙雪山,https://gcalic.v.myalicdn.com/gc/ljgcwglytylxs_1/index.m3u8
❌北京黄花城水长城,https://gcalic.v.myalicdn.com/gc/wgw01_1/index.m3u8
陕西渭南韩城市党家村景区,https://gcalic.v.myalicdn.com/gc/gly01_1/index.m3u8
广东深圳福田红树林,https://gcalic.v.myalicdn.com/gc/djyqyl1_1/index.m3u8
❌西藏林芝工布江达县岷山错高民宿,https://gcalic.v.myalicdn.com/gc/zjjybf_1/index.m3u8
❌河南商丘永城市日月湖景区,https://gcalic.v.myalicdn.com/gc/hgsspzxdpb_1/index.m3u8
❌江苏无锡大剧院,https://gcalic.v.myalicdn.com/gc/taishan05_1/index.m3u8
安徽宣城溪桃大桥,https://gcalic.v.myalicdn.com/gc/zjjbfh_1/index.m3u8
都市,http://tvcdn.stream3.hndt.com/tv/65c3fbc5017e1000fde13faa00000000_transios/playlist.m3u8?wsSecret=9141c9f94634cb36971571e711eee212&wsTime=1791522201
新闻,http://tvcdn.stream3.hndt.com/tv/65bb6966017e100059b75a8500000000_transios/playlist.m3u8?wsSecret=a7e34b9982ee6c0078185d4c687659d6&wsTime=1791522201
法治,http://tvcdn.stream3.hndt.com/tv/65be54a9017e1000af59fb4800000000_transios/playlist.m3u8?wsSecret=96191d3c6a50d0a513e2b1bd04da5b42&wsTime=1791522201
新疆昌吉州天山天池海西平,https://gcalic.v.myalicdn.com/gc/drs01_1/index.m3u8
陕西渭南蒲城县中心广场,https://gcalic.v.myalicdn.com/gc/hsxksqj_1/index.m3u8
❌河南南阳方城德云山景区,https://gcalic.v.myalicdn.com/gc/ztd_1/index.m3u8
武术,https://dxtx.hntv.tv/live/wssj.m3u8?txSecret=c38b4d31ba4c45c6babb5c47132123e3&txTime=7ABB976A&wsSecret=2eae8c15713c03bd0dcdea7dbeab29e9&wsTime=1791522201
河南乡村,http://tvcdn.stream3.hndt.com/tv/65b8302b017e100019dc540f00000000_transios/playlist.m3u8?wsSecret=61703be8a4d577011fd0ff479a3eeb5c&wsTime=1791522201
新疆昌吉州天山天池定海神针,http://gctxyc.liveplay.myqcloud.com/gc/xjtcdhsz_1/index.m3u8
文物宝库,https://dxtx.hntv.tv/live/wwbk.m3u8?txSecret=317b89626134fd6bea6e129455b5ff18&txTime=7C4C635C&wsSecret=eb548a84df9290a3eebc9866e14df413&wsTime=1791522201
江津新闻,http://222.179.155.21:1935/ch1.m3u8?zzhongqd
河源公共,http://tmpstream.hyrtv.cn/hygg/sd/live.m3u8
云南红河民族风情旅游月亮小镇,https://gcalic.v.myalicdn.com/gc/hsyg_1/index.m3u8
青海门源仙米国家森林公园,https://gcalic.v.myalicdn.com/gc/mdjxxdsb_1/index.m3u8
浙江乌镇蓝印花布,https://gcalic.v.myalicdn.com/gc/zjwzlyhb_1/index.m3u8
云南普洱澜沧县景迈山,https://gcalic.v.myalicdn.com/gc/tms05_1/index.m3u8
❌北京门头沟清水镇黄安坨村,https://gcalic.v.myalicdn.com/gc/lpsgmjng01_1/index.m3u8
浙江乌镇白莲塔,https://gcalic.v.myalicdn.com/gc/zjwzblt_1/index.m3u8
云南西双版纳千年古寨曼丢,https://gcalic.v.myalicdn.com/gc/fcw03_1/index.m3u8
贵州黔东南加榜梯田,https://gcalic.v.myalicdn.com/gc/qdls03_1/index.m3u8
福建南平武夷山玉女峰,https://gcalic.v.myalicdn.com/gc/wysynf_1/index.m3u8
❌云南大理无量樱花谷,https://gcalic.v.myalicdn.com/gc/taishan01_1/index.m3u8
❌五彩池,https://gcalic.v.myalicdn.com/gc/hlwcc_1/index.m3u8
❌望乡,https://gcalic.v.myalicdn.com/gc/hlwxt_1/index.m3u8
❌西藏林芝南迦巴瓦,https://gcalic.v.myalicdn.com/gc/jhs05_1/index.m3u8
云南昆明寻甸县城区,https://gcalic.v.myalicdn.com/gc/mdjxxmhjyxj_1/index.m3u8
直播中国,https://gcalic.v.myalicdn.com/gc/wgw05_1/index.m3u8?contentid=2820180516001
云南保山比顿咖啡产业文化园,https://gcalic.v.myalicdn.com/gc/zyqcdx01_1/index.m3u8
云南普洱景东县无量山羊山瀑布,https://gcalic.v.myalicdn.com/gc/blg05_1/index.m3u8
陕西渭南潼关县东山景区,https://gcalic.v.myalicdn.com/gc/hkylxs03_1/index.m3u8
❌重庆渝中李子坝,https://gcalic.v.myalicdn.com/gc/ylh04_1/index.m3u8
内蒙古乌审旗萨拉乌苏考古遗迹公园,https://gcalic.v.myalicdn.com/gc/taishan06_1/index.m3u8
❌云南大理云南驿茶马古道,https://gcalic.v.myalicdn.com/gc/tyhjtys_1/index.m3u8
湖南邵阳莨山八角寨,https://gcalic.v.myalicdn.com/gc/hkts02_1/index.m3u8
晋江电视,http://stream.jinjiang.tv/1/sd/live.m3u8?zfud
❌安徽黟县西递牌坊,https://gcalic.v.myalicdn.com/gc/yxxdpf_1/index.m3u8
睛彩中原,https://dxtx.hntv.tv/live/jczy.m3u8?txSecret=e785008e49564e5e738439b4dd2ae68e&txTime=7C4C6207&wsSecret=e290f9a721937340729d306e9fe33005&wsTime=1791522201
普陀电视,https://l.cztvcloud.com/channels/lantian/SXputuo1/720p.m3u8
云南德宏勐焕大金塔,https://gcalic.v.myalicdn.com/gc/dhyyqsm_1/index.m3u8
江苏宿迁骆马湖罗曼园,https://gcalic.v.myalicdn.com/gc/ljgcszsnkgc_1/index.m3u8
❌贵州遵义赤水大瀑布,https://gcalic.v.myalicdn.com/gc/zjjsrsm_1/index.m3u8
CGTN PYCCHNN,http://hlsztemgsplive.miguvideo.com:8080/envivo_v/2018/SD/cctv/eyu/1000/index.m3u8?msisdn=202610090603000bcf8e3dace9492591bdc4085c94122e&mdspid=&spid=699004&netType=0&sid=2200179332&pid=2028597139&timestamp=20261009060300&Channel_ID=0116_2600000900-99000-201600010010027&ProgramID=609006446&ParentNodeID=-99&assertID=2200179332&client_ip=171.8.79.254&SecurityKey=20261009060300&promotionId=&mvid=2200179332&mcid=500020&playurlVersion=WX-A1-9.9.2-SNAPSHOT&userid=&jmhm=&videocodec=h264&appCode=miguvideo_android&bean=mgspad&tid=android&conFee=0&encrypt=958475f155c28e0f71a303f49bec2287
CGTN PYCCHNN,http://118.113.40.13:1234/609006446
CGTN FRANCAIS,http://hlsztemgsplive.miguvideo.com:8080/envivo_v/2018/SD/cctv/fayu/1000/index.m3u8?msisdn=20261009060300c698e4643d7d4572a25ff8d8f94d9ab8&mdspid=&spid=699004&netType=0&sid=2200179324&pid=2028597139&timestamp=20261009060300&Channel_ID=0116_2600000900-99000-201600010010027&ProgramID=609006476&ParentNodeID=-99&assertID=2200179324&client_ip=171.8.79.254&SecurityKey=20261009060300&promotionId=&mvid=2200179324&mcid=500020&playurlVersion=WX-A1-9.9.2-SNAPSHOT&userid=&jmhm=&videocodec=h264&appCode=miguvideo_android&bean=mgspad&tid=android&conFee=0&encrypt=46e9530ea9b952254dc9d9f6ee1ec27a
CGTN FRANCAIS,http://118.113.40.13:1234/609006476
山东教育卫视,http://118.113.40.13:1234/609154353
新片放映厅,http://hlsztemgsplive.miguvideo.com:8080/wd-virtuallive5100030975-75/index.m3u8?msisdn=2026100906031196eb20472e594081a76ad79cd828208e&mdspid=&spid=800033&netType=0&sid=5500035175&pid=2028597139&timestamp=20261009060311&Channel_ID=0116_2600000900-99000-201600010010027&ProgramID=619495952&ParentNodeID=-99&assertID=5500035175&client_ip=171.8.79.254&SecurityKey=20261009060311&promotionId=&mvid=5100030975&mcid=500020&playurlVersion=WX-A1-9.9.2-SNAPSHOT&userid=&jmhm=&videocodec=h264&appCode=miguvideo_android&bean=mgspad&tid=android&conFee=0&encrypt=46d37314a2ea097c14ac5c9ad3685ba9
新片放映厅,http://118.113.40.13:1234/619495952
IPTV综艺,http://hlsztemgsplive.miguvideo.com:8080/wd_r3/cctv/zuiqiangzongyi/600/index.m3u8?msisdn=202610090803018aa64669a7e14b28bde0eb993ed59e78&mdspid=&spid=699004&netType=0&sid=5500315654&pid=2028597139&timestamp=20261009080301&Channel_ID=0116_2600000900-99000-201600010010027&ProgramID=629942228&ParentNodeID=-99&assertID=5500315654&client_ip=171.8.79.254&SecurityKey=20261009080301&promotionId=&mvid=5101034202&mcid=500020&playurlVersion=WX-A1-9.9.2-SNAPSHOT&userid=&jmhm=&videocodec=h264&appCode=miguvideo_android&bean=mgspad&tid=android&conFee=0&encrypt=570c09b70b87083b4e4c4b4625fc3308
IPTV综艺,http://118.113.40.13:1234/629942228
IPTV中文国际,http://hlsztemgsplive.miguvideo.com:8080/migu/virtuallive2/5900002411/50/20210706/index.m3u8?msisdn=20261009060312ebedc8007eb64f7f8f2f4973992e8755&mdspid=&spid=800033&netType=0&sid=5910019525&pid=2028597139&timestamp=20261009060312&Channel_ID=0116_2600000900-99000-201600010010027&ProgramID=713591450&ParentNodeID=-99&assertID=5910019525&client_ip=171.8.79.254&SecurityKey=20261009060312&promotionId=&mvid=5900002421&mcid=500020&playurlVersion=WX-A1-9.9.2-SNAPSHOT&userid=&jmhm=&videocodec=h264&appCode=miguvideo_android&bean=mgspad&tid=android&conFee=0&encrypt=43a39842f8c032146b7ad0efb2838d79
IPTV中文国际,http://118.113.40.13:1234/713591450
IPTV体育,http://hlsztemgsplive.miguvideo.com:8080/wd_r3/cctv/titanminglan/600/index.m3u8?msisdn=202610090603018cd53fe6449849b083785abe5eb7f855&mdspid=&spid=699004&netType=0&sid=5500315687&pid=2028597139&timestamp=20261009060301&Channel_ID=0116_2600000900-99000-201600010010027&ProgramID=629943305&ParentNodeID=-99&assertID=5500315687&client_ip=171.8.79.254&SecurityKey=20261009060301&promotionId=&mvid=5101034219&mcid=500020&playurlVersion=WX-A1-9.9.2-SNAPSHOT&userid=&jmhm=&videocodec=h264&appCode=miguvideo_android&bean=mgspad&tid=android&conFee=0&encrypt=2268441aa85a5e8f5ebe21c43e852f97
IPTV体育,http://118.113.40.13:1234/629943305
新动力量创一流,http://hlsztemgsplive.miguvideo.com:8080/migu/virtuallive2/5900002409/50/20210706/index.m3u8?msisdn=20261009080302297392602f16410a95134b9a7c536e5b&mdspid=&spid=800033&netType=0&sid=5910019523&pid=2028597139&timestamp=20261009080302&Channel_ID=0116_2600000900-99000-201600010010027&ProgramID=713589837&ParentNodeID=-99&assertID=5910019523&client_ip=171.8.79.254&SecurityKey=20261009080302&promotionId=&mvid=5900002419&mcid=500020&playurlVersion=WX-A1-9.9.2-SNAPSHOT&userid=&jmhm=&videocodec=h264&appCode=miguvideo_android&bean=mgspad&tid=android&conFee=0&encrypt=bb3bbb508db6b99c6303fa7cb439dbca
新动力量创一流,http://118.113.40.13:1234/713589837
中华特产,http://hlsztemgsplive.miguvideo.com:8080/migu/kailu/zhtc/50/20251103/index.m3u8?msisdn=20261009080302dfb0d5ee9aee445ebc4703fb97c68af5&mdspid=&spid=600697&netType=0&sid=5910022295&pid=2028597139&timestamp=20261009080302&Channel_ID=0116_2600000900-99000-201600010010027&ProgramID=959986618&ParentNodeID=-99&assertID=5910022295&client_ip=171.8.79.254&SecurityKey=20261009080302&promotionId=&mvid=5900006771&mcid=500020&playurlVersion=WX-A1-9.9.2-SNAPSHOT&userid=&jmhm=&videocodec=h264&appCode=miguvideo_android&bean=mgspad&tid=android&conFee=0&encrypt=bd1be9d7a76fa1a2a611b7e69ad97330
中华特产,http://120.76.248.139/live/bfgd/4200000158.m3u8
中华特产,http://118.113.40.13:1234/959986618
经典动画大集合,http://hlsztemgsplive.miguvideo.com:8080/wd_r3/cctv/jingdiandonghua/600/index.m3u8?msisdn=20261009080302255807b5791f41e8977b1ed525164cd6&mdspid=&spid=699004&netType=0&sid=5500315652&pid=2028597139&timestamp=20261009080302&Channel_ID=0116_2600000900-99000-201600010010027&ProgramID=629942219&ParentNodeID=-99&assertID=5500315652&client_ip=171.8.79.254&SecurityKey=20261009080302&promotionId=&mvid=5101034205&mcid=500020&playurlVersion=WX-A1-9.9.2-SNAPSHOT&userid=&jmhm=&videocodec=h264&appCode=miguvideo_android&bean=mgspad&tid=android&conFee=0&encrypt=8c966e61efd6bd90183f955881ffe833
经典动画大集合,http://118.113.40.13:1234/629942219
赛事最经典,http://hlsztemgsplive.miguvideo.com:8080/wd_r3/cctv/saishijingdian/600/index.m3u8?msisdn=20261009060301889d9aedd0b94ec0af4425eb04f4d738&mdspid=&spid=699004&netType=0&sid=5500592947&pid=2028597139&timestamp=20261009060301&Channel_ID=0116_2600000900-99000-201600010010027&ProgramID=646596895&ParentNodeID=-99&assertID=5500592947&client_ip=171.8.79.254&SecurityKey=20261009060301&promotionId=&mvid=5101034296&mcid=500020&playurlVersion=WX-A1-9.9.2-SNAPSHOT&userid=&jmhm=&videocodec=h264&appCode=miguvideo_android&bean=mgspad&tid=android&conFee=0&encrypt=1d584cf129c6fe83d0c2a17a581ad47a
赛事最经典,http://118.113.40.13:1234/646596895
康旅,http://hlsztemgsplive.miguvideo.com:8080/migu/lunbo/ouzhoubei/50/20240603/index.m3u8?msisdn=20261009060302f34c80e0d20f429b95d8daa6b0e8c071&mdspid=&spid=800033&netType=0&sid=5910022136&pid=2028597139&timestamp=20261009060302&Channel_ID=0116_2600000900-99000-201600010010027&ProgramID=915512915&ParentNodeID=-99&assertID=5910022136&client_ip=171.8.79.254&SecurityKey=20261009060302&promotionId=&mvid=5900006618&mcid=500020&playurlVersion=WX-A1-9.9.2-SNAPSHOT&userid=&jmhm=&videocodec=h264&appCode=miguvideo_android&bean=mgspad&tid=android&conFee=0&encrypt=e65cde2b729fd49aefe26519a33862fe
康旅,http://118.113.40.13:1234/915512915
海南社会与法,http://hlsztemgsplive.miguvideo.com:8080/migu/kailu/lngg/50/20251225/index.m3u8?msisdn=20261009060310188cf109f1c04025a1cdd0743a58e84e&mdspid=&spid=600697&netType=0&sid=5910022323&pid=2028597139&timestamp=20261009060310&Channel_ID=0116_2600000900-99000-201600010010027&ProgramID=962045223&ParentNodeID=-99&assertID=5910022323&client_ip=171.8.79.254&SecurityKey=20261009060310&promotionId=&mvid=5900006791&mcid=500020&playurlVersion=WX-A1-9.9.2-SNAPSHOT&userid=&jmhm=&videocodec=h264&appCode=miguvideo_android&bean=mgspad&tid=android&conFee=0&encrypt=e1779f7124aead93c6cfafa9d75dcae8
江苏新闻,http://hlsztemgsplive.miguvideo.com:8080/wd_r2/jstv/jsgonggong/600/index.m3u8?msisdn=202610090603077d0ee4ef41cc46c697a43ebedfd73939&mdspid=&spid=699067&netType=0&sid=5500260520&pid=2028597139&timestamp=20261009060307&Channel_ID=0116_2600000900-99000-201600010010027&ProgramID=626064693&ParentNodeID=-99&assertID=5500260520&client_ip=171.8.79.254&SecurityKey=20261009060307&promotionId=&mvid=5100186429&mcid=500020&playurlVersion=WX-A1-9.9.2-SNAPSHOT&userid=&jmhm=&videocodec=h264&appCode=miguvideo_android&bean=mgspad&tid=android&conFee=0&encrypt=d6fd112e8a5e259a51a4f5c9f6c26127
江苏新闻,http://118.113.40.13:1234/626064693
南京十八生活,http://hlsztemgsplive.miguvideo.com:8080/migu/kailu/nanjingsb/50/20230719/index.m3u8?msisdn=2026100906030670c1dbbc649f4401a98dd9f91028329d&mdspid=&spid=699067&netType=0&sid=5910021864&pid=2028597139&timestamp=20261009060306&Channel_ID=0116_2600000900-99000-201600010010027&ProgramID=838151753&ParentNodeID=-99&assertID=5910021864&client_ip=171.8.79.254&SecurityKey=20261009060306&promotionId=&mvid=5900006207&mcid=500020&playurlVersion=WX-A1-9.9.2-SNAPSHOT&userid=&jmhm=&videocodec=h264&appCode=miguvideo_android&bean=mgspad&tid=android&conFee=0&encrypt=f89f5adbbaf7860b27ce526fba474237
南京十八生活,http://118.113.40.13:1234/838151753
徐州新闻综合,http://hlsztemgsplive.miguvideo.com:8080/wd_r2/jstv/xzxinwenzonghe/600/index.m3u8?msisdn=202610090603081eaef7f645a7412584721bbcd5b8988f&mdspid=&spid=699067&netType=0&sid=5500469368&pid=2028597139&timestamp=20261009060308&Channel_ID=0116_2600000900-99000-201600010010027&ProgramID=639731747&ParentNodeID=-99&assertID=5500469368&client_ip=171.8.79.254&SecurityKey=20261009060308&promotionId=&mvid=5102012620&mcid=500020&playurlVersion=WX-A1-9.9.2-SNAPSHOT&userid=&jmhm=&videocodec=h264&appCode=miguvideo_android&bean=mgspad&tid=android&conFee=0&encrypt=be59b328b17edfae0c74de2e6e39f3c0
徐州新闻综合,http://118.113.40.13:1234/639731747
盐城新闻综合,http://hlsztemgsplive.miguvideo.com:8080/migu/kailu/ycxwzh/50/20250604/index.m3u8?msisdn=202610090603074e98512b3a854b5ea9f27bbd303df937&mdspid=&spid=699067&netType=0&sid=5500469360&pid=2028597139&timestamp=20261009060307&Channel_ID=0116_2600000900-99000-201600010010027&ProgramID=639731825&ParentNodeID=-99&assertID=5500469360&client_ip=171.8.79.254&SecurityKey=20261009060307&promotionId=&mvid=5102012617&mcid=500020&playurlVersion=WX-A1-9.9.2-SNAPSHOT&userid=&jmhm=&videocodec=h264&appCode=miguvideo_android&bean=mgspad&tid=android&conFee=0&encrypt=ff2d4354be0a9c6fb724419524742667
盐城新闻综合,http://118.113.40.13:1234/639731825
泰州-1,http://hlsztemgsplive.miguvideo.com:8080/wd_r2/jstv/tzxinwenzonghe/600/index.m3u8?msisdn=202610090603087d18aacf83ba4a188c2e9fc4b615d17a&mdspid=&spid=699067&netType=0&sid=5500469354&pid=2028597139&timestamp=20261009060308&Channel_ID=0116_2600000900-99000-201600010010027&ProgramID=639731818&ParentNodeID=-99&assertID=5500469354&client_ip=171.8.79.254&SecurityKey=20261009060308&promotionId=&mvid=5102012615&mcid=500020&playurlVersion=WX-A1-9.9.2-SNAPSHOT&userid=&jmhm=&videocodec=h264&appCode=miguvideo_android&bean=mgspad&tid=android&conFee=0&encrypt=a3d81f273f92b19fb61d74e37cb19d85
泰州-1,http://118.113.40.13:1234/639731818
江阴新闻综合,http://hlsztemgsplive.miguvideo.com:8080/migu/kailu/jyxwzh/50/20250604/index.m3u8?msisdn=20261009060308038ec27584144cbfb1723ecc4f5de6a8&mdspid=&spid=699067&netType=0&sid=5910022177&pid=2028597139&timestamp=20261009060308&Channel_ID=0116_2600000900-99000-201600010010027&ProgramID=955227979&ParentNodeID=-99&assertID=5910022177&client_ip=171.8.79.254&SecurityKey=20261009060308&promotionId=&mvid=5900006705&mcid=500020&playurlVersion=WX-A1-9.9.2-SNAPSHOT&userid=&jmhm=&videocodec=h264&appCode=miguvideo_android&bean=mgspad&tid=android&conFee=0&encrypt=b127941575d579e463e15cf8bef460ae
江阴新闻综合,http://118.113.40.13:1234/955227979
宿迁新闻综合,http://hlsztemgsplive.miguvideo.com:8080/wd_r2/jstv/sqxinwenzonghe/600/index.m3u8?msisdn=2026100906030853c6357eff7c4627bf2244e41b9375dd&mdspid=&spid=699067&netType=0&sid=5500469357&pid=2028597139&timestamp=20261009060308&Channel_ID=0116_2600000900-99000-201600010010027&ProgramID=639731832&ParentNodeID=-99&assertID=5500469357&client_ip=171.8.79.254&SecurityKey=20261009060308&promotionId=&mvid=5102012616&mcid=500020&playurlVersion=WX-A1-9.9.2-SNAPSHOT&userid=&jmhm=&videocodec=h264&appCode=miguvideo_android&bean=mgspad&tid=android&conFee=0&encrypt=e8ffbf33a9958f5596e2ef9e7ddb47fd
宿迁新闻综合,http://118.113.40.13:1234/639731832
长白山电视,http://stream8.jlntv.cn/cbstv/sd/live.m3u8?zjild
舒兰综合,http://stream8.jlntv.cn/shulan/sd/live.m3u8?zjild
双辽融媒,http://stream5.jlntv.cn/sl/sd/live.m3u8?zjild
辉南综合,http://stream5.jlntv.cn/hn/sd/live.m3u8?zjild
陕西秦腔,http://hlsztemgsplive.miguvideo.com:8080/migu/kailu/sxqqpd/50/20250804/index.m3u8?msisdn=202610090603091e1ff343784e42f9ad7d0e5bc90cfddf&mdspid=&spid=600572&netType=0&sid=5910022188&pid=2028597139&timestamp=20261009060309&Channel_ID=0116_2600000900-99000-201600010010027&ProgramID=956909303&ParentNodeID=-99&assertID=5910022188&client_ip=171.8.79.254&SecurityKey=20261009060309&promotionId=&mvid=5900006711&mcid=500020&playurlVersion=WX-A1-9.9.2-SNAPSHOT&userid=&jmhm=&videocodec=h264&appCode=miguvideo_android&bean=mgspad&tid=android&conFee=0&encrypt=d539396c3b9c90b9df9765cd8724a6b4
陕西秦腔,http://118.113.40.13:1234/956909303
陕西银龄,http://hlsztemgsplive.miguvideo.com:8080/migu/kailu/sxylpd/50/20250804/index.m3u8?msisdn=202610090603092dcfa2ae1ffd48699d036070011f75e6&mdspid=&spid=600572&netType=0&sid=5910022191&pid=2028597139&timestamp=20261009060309&Channel_ID=0116_2600000900-99000-201600010010027&ProgramID=956909362&ParentNodeID=-99&assertID=5910022191&client_ip=171.8.79.254&SecurityKey=20261009060309&promotionId=&mvid=5900006714&mcid=500020&playurlVersion=WX-A1-9.9.2-SNAPSHOT&userid=&jmhm=&videocodec=h264&appCode=miguvideo_android&bean=mgspad&tid=android&conFee=0&encrypt=a2552b43827e0b77c0558ab5d4570e06
陕西银龄,http://118.113.40.13:1234/956909362
经典香港电影,http://hlsztemgsplive.miguvideo.com:8080/wd_r2/virtuallive/5100180869/75/index.m3u8?msisdn=2026100906014154f726aae8384be09ec292e64fe6077d&mdspid=&spid=800033&netType=0&sid=5500242089&pid=2028597139&timestamp=20261009060141&Channel_ID=0116_2600000900-99000-201600010010027&ProgramID=625703337&ParentNodeID=-99&assertID=5500242089&client_ip=171.8.79.254&SecurityKey=20261009060141&promotionId=&mvid=5100180869&mcid=500020&playurlVersion=WX-A1-9.9.2-SNAPSHOT&userid=&jmhm=&videocodec=h264&appCode=miguvideo_android&bean=mgspad&tid=android&conFee=0&encrypt=d5bf53f26b8e48d8ad911793985f745c
亚洲卫视,https://fenghuang.tv12.xyz/173.m3u8
靖宇,http://stream8.jlntv.cn/jytv/sd/live.m3u8?zjild
大立电视,http://www.dalitv.com.tw:4568/live/dali/index.m3u8
半岛新闻,http://live-hls-web-aja.getaj.net/AJA/02.m3u8
射雕英雄传,https://live.metshop.top/huya/23824164
电影_周星驰,https://lbds.us.ci/11336587
电影_周星驰,http://live.metshop.top/huya/11336587?cdn=alicdn
电影_周润发,https://lbds.us.ci/11342387
电影_甄子丹,https://lbds.us.ci/11352935
电影_王晶,https://lbds.us.ci/11602058
电影_王晶,https://live.metshop.top/huya/11602058
电影_漫威,https://lbds.us.ci/11602034
电影_宇宙,https://lbds.us.ci/11342428
电影_警匪,https://lbds.us.ci/11352886
电影_喜剧,https://lbds.us.ci/11352877
电影_港片,https://lbds.us.ci/11602043
电影_国产,https://lbds.us.ci/11352973
电影_许冠英,https://lbds.us.ci/11601972
电影_斯坦森,https://lbds.us.ci/21059588
电影_八点档,https://lbds.us.ci/880261
电影_八点档,http://live.metshop.top/huya/880261?cdn=alicdn
电影_灾难片,https://lbds.us.ci/11602075
电影_古装片,https://lbds.us.ci/11336590
电影_高分动作,https://lbds.us.ci/11352884
电影_高分动作,http://live.metshop.top/huya/11352884?cdn=alicdn
电影_欢笑影院,https://lbds.us.ci/11352894
电影_国产悬疑,https://lbds.us.ci/11342395
电影_快意江湖,https://lbds.us.ci/11342435
电影_黑帮斗争,https://lbds.us.ci/11342419
电影_嫣然影厅,https://lbds.us.ci/11601977
电影_女神系列,https://lbds.us.ci/11336571
电影_经典港片,https://lbds.us.ci/11352965
电影_镖行天下,https://lbds.us.ci/11352969
电影_蘑菇影厅,https://lbds.us.ci/11601981
狄仁杰电影,https://lbds.us.ci/30080229
狄仁杰电影,https://live.metshop.top/huya/30080229
电影蜘蛛侠,https://lbds.us.ci/21059599
电影蜘蛛侠,http://live.metshop.top/huya/21059599?cdn=alicdn
剧集_雍正王朝,https://lbds.us.ci/11342439
剧集_家有儿女,https://lbds.us.ci/11352872
剧集_武林外传,https://lbds.us.ci/21059598
剧集_地下交通站,https://lbds.us.ci/11342433
剧集_邻里一家亲,https://lbds.us.ci/11342426
搞笑_陈翔六点半,https://lbds.us.ci/11274154
西游记,https://lbds.us.ci/26355861
无心法师,https://lbds.us.ci/30080233
无心法师,https://live.metshop.top/huya/30080233
大宋提刑官,https://lbds.us.ci/26355856
笑看风云,https://lbds.us.ci/29465858
笑看风云,https://live.metshop.top/huya/29465858
法政先锋,https://lbds.us.ci/23863804
法政先锋,https://live.metshop.top/huya/23863804
刑事侦缉档案,https://lbds.us.ci/29465856
刑事侦缉档案,https://live.metshop.top/huya/29465856
妙手仁心,https://lbds.us.ci/29465853
妙手仁心,https://live.metshop.top/huya/29465853
野蛮奶奶,https://lbds.us.ci/23863796
野蛮奶奶,https://live.metshop.top/huya/23863796
扫黄先锋,https://lbds.us.ci/29465855
扫黄先锋,https://live.metshop.top/huya/29465855
洗冤录,https://lbds.us.ci/29465851
洗冤录,https://live.metshop.top/huya/29465851
使徒行者,https://live.metshop.top/huya/23734256
九阴真经,https://lbds.us.ci/23824164
封神榜,https://live.metshop.top/huya/29465849
西游记2,https://lbds.us.ci/29465859
鉴证实录,https://lbds.us.ci/23903183
楚汉骄雄,https://lbds.us.ci/29465854
楚汉骄雄,https://live.metshop.top/huya/29465854
金枝欲孽,https://lbds.us.ci/29465847
金枝欲孽,https://live.metshop.top/huya/29465847
喜羊羊与灰太狼,https://lbds.us.ci/23865080
精灵宝可梦,https://lbds.us.ci/23749096
金庸武侠,https://live.metshop.top/huya/11342435
韩国电影1,https://stream.ads.ottera.tv/playlist.m3u8?network_id=595
飞碟之谜01,https://hls.cntv.lxdns.com/asp/hls/2000/0303000a/3/default/f0a47e155d32450daa1d36a04fd7d262/2000.m3u8
1993年春晚,https://alimov2.a.kwimgs.com/upic/2023/01/13/22/BMjAyMzAxMTMyMjEwMDNfNDAzMDAxOTlfOTM1MTIzMzYwODJfMF8z_b_B647d10e431b4cc5e48e6c77347d69021.mp4
1994年春晚,https://alimov2.a.kwimgs.com/upic/2023/01/13/22/BMjAyMzAxMTMyMjEwMDNfNDAzMDAxOTlfOTM1MTIzMzYxMjNfMF8z_b_B3dde97f36273f04403d4dc5eec611a35.mp4
1995年春晚,https://alimov2.a.kwimgs.com/upic/2023/01/13/20/BMjAyMzAxMTMyMDA5MjJfNDAzMDAxOTlfOTM0OTkwNDQwNzVfMF8z_b_B811c0dec6b9a3d3074a18522c185010a.mp4
1996年春晚,https://alimov2.a.kwimgs.com/upic/2023/01/13/22/BMjAyMzAxMTMyMjEwMDNfNDAzMDAxOTlfOTM1MTIzMzYxNTJfMF8z_b_Bd841eae10ab1c9955ef55fbedfae6c45.mp4
2000年春晚,https://alimov2.a.kwimgs.com/upic/2023/01/13/21/BMjAyMzAxMTMyMTE4MzRfNDAzMDAxOTlfOTM1MDY4ODIxMTNfMF8z_b_Bdddf4e7ef0ff6cfd477857bb40e78419.mp4
2001年春晚,https://alimov2.a.kwimgs.com/upic/2023/01/13/20/BMjAyMzAxMTMyMDA5MjJfNDAzMDAxOTlfOTM0OTkwNDQyMDFfMF8z_b_B70592cb7c4054e9cabb675e849bbf4bd.mp4
2002年春晚,https://alimov2.a.kwimgs.com/upic/2023/01/13/21/BMjAyMzAxMTMyMTE4MzRfNDAzMDAxOTlfOTM1MDY4ODIxNDdfMF8z_b_Ba6271d10b7e6cfae83759033a091f257.mp4
2003年春晚,https://alimov2.a.kwimgs.com/upic/2023/01/14/23/BMjAyMzAxMTQyMzQxNDdfNDAzMDAxOTlfOTM2MTU0MTk1NDFfMF8z_b_B182749d2cd2ea9323639254af385f24b.mp4
2004年春晚,https://alimov2.a.kwimgs.com/upic/2023/01/13/21/BMjAyMzAxMTMyMTE4MzRfNDAzMDAxOTlfOTM1MDY4ODIxOTVfMF8z_b_B86c4430b82ff5a7f4e8132f6ee558536.mp4
2005年春晚,https://alimov2.a.kwimgs.com/upic/2023/01/13/20/BMjAyMzAxMTMyMDA5MjJfNDAzMDAxOTlfOTM0OTkwNDQyMzhfMF8z_b_B35ad7cc86aec8fc9e5ddfb31fc7bed63.mp4
2006年春晚,https://alimov2.a.kwimgs.com/upic/2023/01/13/20/BMjAyMzAxMTMyMDA5MjJfNDAzMDAxOTlfOTM0OTkwNDQyNzlfMF8z_b_Bbc3703fc331dc994c50859c19aad28ff.mp4
2007年春晚,https://alimov2.a.kwimgs.com/upic/2023/01/13/20/BMjAyMzAxMTMyMDA5MjJfNDAzMDAxOTlfOTM0OTkwNDQzMjNfMF8z_b_B00b069c7899976459ceeaa99353dfefe.mp4
2009年春晚,https://alimov2.a.kwimgs.com/upic/2023/01/13/20/BMjAyMzAxMTMyMDA5MjJfNDAzMDAxOTlfOTM0OTkwNDQzOTBfMF8z_b_B29a36a85e0277f6c2a1f033ef7c10708.mp4
2010年春晚,https://alimov2.a.kwimgs.com/upic/2023/01/13/20/BMjAyMzAxMTMyMDA5MjJfNDAzMDAxOTlfOTM0OTkwNDQ0MjlfMF8z_b_B8818807a00eed329a69fb494f405bd43.mp4
2013年春晚,https://alimov2.a.kwimgs.com/upic/2023/01/13/20/BMjAyMzAxMTMyMDA5MjJfNDAzMDAxOTlfOTM0OTkwNDQ1NjNfMF8z_b_B4fea55408dca4471a68a963ae096be59.mp4
2014年春晚,https://alimov2.a.kwimgs.com/upic/2023/01/06/16/BMjAyMzAxMDYxNjMxMTNfNDAzMDAxOTlfOTI4OTY2ODAzNjlfMF8z_b_Bdee65c77f9e7b2120a185c919dad81d2.mp4
2018年春晚,https://alimov2.a.kwimgs.com/upic/2023/01/06/16/BMjAyMzAxMDYxNjMxMTRfNDAzMDAxOTlfOTI4OTY2ODE2MTBfMF8z_b_B11a778e34390a21de42d407e94f45b91.mp4
ABN China,https://mediaserver.abnvideos.com/streams/abnchina.m3u8
Baicheng TV [Geo-blocked],https://stream2.jlntv.cn/baicheng1/sd/live.m3u8
CBC News,https://dbrb49pjoymg4.cloudfront.net/v1/master/3fec3e5cac39a52b2132f9c66c83dae043dc17d4/prod_default_xumo-ams-aws/master.m3u8?ads.xumo_channelId=99991276
CGTN Global Biz,https://fastlive.cctvplus.com/out/v1/2b3d8a0c805d437f9dc85b764c2ac599/index.m3u8
Chifeng Comprehensive News Chanel,http://play1-qk.nmtv.cn/live/1735546697341033.m3u8
China Travel,https://fastlive.cctvplus.com/out/v1/ca6f9297b7314a63959435028af287fc/index.m3u8
Discovering China,https://fastlive.cctvplus.com/out/v1/8442c3bfd4c64a3984389328f6087879/index.m3u8
Guangdong Satellite TV,https://h5cul1yar48um3t.wcetv.com/hls/gdsatellite.m3u8
Guangxi Variety & Travel Channel,http://111.59.24.227:8181/tsfile/live/1001_1.m3u8?key=txiptv&playlive=1&authid=0
Hebei TV,https://event.pull.hebtv.com/live/live101.m3u8
HOY78,http://cdn.163189.xyz/live/hoy/stream.m3u8
HOY国际财经,https://cdn11.163189.xyz/163189/hoy76
Lanzhou Comprehensive News Channel,https://liveplus.lzr.com.cn/xwzh/HD/live.m3u8
Lanzhou Culture & Tourism Channel,https://liveplus.lzr.com.cn/wlpd/HD/live.m3u8
Nei Monggol TV 2 Mongolian Culture Channel [Not 24/7],http://play1-qk.nmtv.cn/live/1769652109096027.m3u8
NOW NEWS,http://cdn.163189.xyz/163189/now
Pet Club TV,https://cdn-apse1-prod.tsv2.amagi.tv/linear/amg01076-lightningintern-petclub-samsungnz/playlist.m3u8
Siping TV,http://stream2.jlntv.cn/sptv/sd/live.m3u8?_upt=f27750421743154598
Xinjiang TV 2,https://hls.quklive.com/live/play-sh-21.quklive.com/1777511615189085.m3u8?auth_key=2092871636-a39d8614688744d0b170b856b086ba80-0-33900446b83fa0b5befeb6bedbcd51a0
Xinjiang TV 8,http://120.70.60.179:9901/tsfile/live/1002_1.m3u8?authid=0&key=txiptv&playlive=1
东丰,http://stream5.jlntv.cn/df/sd/live.m3u8?zjild
九台,http://stream10.jlntv.cn/jiutaitv/sd/live.m3u8?zjild
云南丽江玉龙雪山,https://gcalic.v.myalicdn.com/gc/ylxs11_1/index.m3u8
农安新闻综合 [Geo-blocked],https://stream2.jlntv.cn/naxw/sd/live.m3u8
创世纪,https://live.metshop.top/huya/29465852
前郭综合 [Geo-blocked],https://stream2.jlntv.cn/qg/sd/live.m3u8
古天乐电影,https://live.metshop.top/huya/29982675
吉林市新闻综合 [Geo-blocked],https://stream2.jlntv.cn/jilin1/sd/live.m3u8
四川峨眉山云海日出,https://gcalic.v.myalicdn.com/gc/emsarm_1/index.m3u8
延边新闻综合 [Geo-blocked],https://stream2.jlntv.cn/jlyb/sd/live.m3u8
建党105周年巡礼,http://hlsztemgsplive.miguvideo.com:8080/migu/virtuallive2/5900002413/50/20210706/index.m3u8?msisdn=202610090603110b26894e8a294a988add917518328bb8&mdspid=&spid=800033&netType=0&sid=5910019527&pid=2028597139&timestamp=20261009060311&Channel_ID=0116_2600000900-99000-201600010010027&ProgramID=713600957&ParentNodeID=-99&assertID=5910019527&client_ip=171.8.79.254&SecurityKey=20261009060311&promotionId=&mvid=5900002443&mcid=500020&playurlVersion=WX-A1-9.9.2-SNAPSHOT&userid=&jmhm=&videocodec=h264&appCode=miguvideo_android&bean=mgspad&tid=android&conFee=0&encrypt=7e0613cc70a768e2358d691adb1da201
春晚1983,https://alimov2.a.kwimgs.com/upic/2022/01/31/15/BMjAyMjAxMzExNTU5MTRfNDAzMDAxOTlfNjYyNzMxNjcwMjBfMF8z_b_Beb3bda599f76c60c463c433ca7460153.mp4
春晚1984,https://alimov2.a.kwimgs.com/upic/2022/01/31/15/BMjAyMjAxMzExNTU5NTRfNDAzMDAxOTlfNjYyNzMyMzg3MTRfMF8z_b_B192356dadbc90d207ba16964d4c2914c.mp4
春晚1985,https://alimov2.a.kwimgs.com/upic/2022/01/31/16/BMjAyMjAxMzExNjAwMDFfNDAzMDAxOTlfNjYyNzMyNTAwMzJfMF8z_b_Be73c5abcbc0eeb2ec9fce6842e1362a4.mp4
春晚1986,https://alimov2.a.kwimgs.com/upic/2022/01/31/16/BMjAyMjAxMzExNjAwMDRfNDAzMDAxOTlfNjYyNzMyNTU0OTRfMF8z_b_B24f7d19f1132fa5d7f502f8377ad5567.mp4
春晚1987,https://alimov2.a.kwimgs.com/upic/2022/01/31/16/BMjAyMjAxMzExNjAwMDhfNDAzMDAxOTlfNjYyNzMyNjMyMDNfMF8z_b_B570493ed8f7200d4013a66b2d21b2de9.mp4
春晚1988,https://alimov2.a.kwimgs.com/upic/2022/01/31/16/BMjAyMjAxMzExNjAwMTJfNDAzMDAxOTlfNjYyNzMyNjkxNjBfMF8z_b_B8c835b83a92d25bde81ba22c5cd9521e.mp4
春晚1989,https://alimov2.a.kwimgs.com/upic/2022/01/31/16/BMjAyMjAxMzExNjAwMTVfNDAzMDAxOTlfNjYyNzMyNzQ2OTlfMF8z_b_Be477b27b9ce655d2372df56a5a3d96ef.mp4
春晚1999,https://alimov2.a.kwimgs.com/upic/2023/01/13/20/BMjAyMzAxMTMyMDA5MjJfNDAzMDAxOTlfOTM0OTkwNDQxNTRfMF8z_b_B0b5e52bc003285ef66ec0cbb2be08556.mp4
春晚2008,https://alimov2.a.kwimgs.com/upic/2023/01/13/20/BMjAyMzAxMTMyMDA5MjJfNDAzMDAxOTlfOTM0OTkwNDQzNTNfMF8z_b_Bd7346962e61bd7b84e11a1fa6e4616f9.mp4
春晚2011,https://alimov2.a.kwimgs.com/upic/2023/01/16/11/BMjAyMzAxMTYxMTA3MjFfNDAzMDAxOTlfOTM3MjcyMjA3ODhfMF8z_b_B8214200efc869dc6fcf99dad619fa4c1.mp4
春晚2015,https://alimov2.a.kwimgs.com/upic/2023/01/13/20/BMjAyMzAxMTMyMDA5MjJfNDAzMDAxOTlfOTM0OTkwNDQ2MTZfMF8z_b_B4851f43f5a2bc2871a9b0ec87294a6e7.mp4
春晚2017,https://alimov2.a.kwimgs.com/upic/2023/01/13/20/BMjAyMzAxMTMyMDA5MjJfNDAzMDAxOTlfOTM0OTkwNDQ2NDhfMF8z_b_B6527b0c2ce3dda1d9b3f34edd4fdb9aa.mp4
春晚2020,https://alimov2.a.kwimgs.com/upic/2022/01/30/17/BMjAyMjAxMzAxNzA5NDdfNDAzMDAxOTlfNjYxNzQ2MDAyMTFfMF8z_b_B5d51d9564c5670dc66faeba20aa7af3f.mp4
春晚2021,https://alimov2.a.kwimgs.com/upic/2022/01/30/17/BMjAyMjAxMzAxNzE4NTJfNDAzMDAxOTlfNjYxNzUzOTg3NjlfMF8z_b_Be41d9503181d7b0608a839ed401e02c2.mp4
春晚2022,https://alimov2.a.kwimgs.com/upic/2022/02/01/11/BMjAyMjAyMDExMTEwMjNfNDAzMDAxOTlfNjYzNzA4MTk4NzNfMF8z_b_B898cc7ddd0025bf54ddb18ec1f723c84.mp4
松原新闻综合 [Geo-blocked],https://stream2.jlntv.cn/sytv/sd/live.m3u8
柳河,http://stream5.jlntv.cn/lh/sd/live.m3u8?zjild
桦甸,http://stream10.jlntv.cn/huadian/sd/live.m3u8?zjild
欢腾购物,http://tvcdn.stream3.hndt.com/tv/65ba653b017e1000d4ee41c700000000_transios/playlist.m3u8?wsSecret=cc15b3806831536595f82de88ed7e22a&wsTime=1791522201
江津经济生活,http://222.179.155.21:1935/ch0.m3u8
汪清,http://stream5.jlntv.cn/wq/sd/live.m3u8?zjild
浙江 Ⅰ 绍兴综合,http://live.shaoxing.com.cn/video/s10001-sxtv1/index.m3u8
浙江舟山东极岛,https://gcalic.v.myalicdn.com/gc/djd01_1/index.m3u8
熊猫直播,https://gcwbndali.v.myalicdn.com/gcwbnd/ipanda1000_2/index.m3u8
熊猫01,http://hlsztemgsplive.miguvideo.com:8080/ws_x/2018/xiongmao/HD/1000/index.m3u8?msisdn=202610090802597294b447eff24b1a85d718a0cb12f712&mdspid=&spid=699004&netType=0&sid=2202634723&pid=2028597139&timestamp=20261009080259&Channel_ID=0116_2600000900-99000-201600010010027&ProgramID=609158151&ParentNodeID=-99&assertID=2202634723&client_ip=171.8.79.254&SecurityKey=20261009080259&promotionId=&mvid=2202634723&mcid=500020&playurlVersion=WX-A1-9.9.2-SNAPSHOT&userid=&jmhm=&videocodec=h264&appCode=miguvideo_android&bean=mgspad&tid=android&conFee=0&encrypt=21175f0995b7f4bb315e31ef219ed356
熊猫1,http://hlsztemgsplive.miguvideo.com:8080/envivo_x/2018/SD/xiongmao01/1000/index.m3u8?msisdn=20261009080300c8c2c4e7cfb9473b8e4317a391f6b3de&mdspid=&spid=699004&netType=0&sid=2200200699&pid=2028597139&timestamp=20261009080300&Channel_ID=0116_2600000900-99000-201600010010027&ProgramID=608933610&ParentNodeID=-99&assertID=2200200699&client_ip=171.8.79.254&SecurityKey=20261009080300&promotionId=&mvid=2200200699&mcid=500020&playurlVersion=WX-A1-9.9.2-SNAPSHOT&userid=&jmhm=&videocodec=h264&appCode=miguvideo_android&bean=mgspad&tid=android&conFee=0&encrypt=49d39d5631451d1b6592ffb119741bc0
熊猫10,http://hlsztemgsplive.miguvideo.com:8080/envivo_x/2018/SD/xiongmao10/1000/index.m3u8?msisdn=20261009080301425ffcfd4b2942b98a2d22064143c265&mdspid=&spid=699004&netType=0&sid=2200192937&pid=2028597139&timestamp=20261009080301&Channel_ID=0116_2600000900-99000-201600010010027&ProgramID=609169285&ParentNodeID=-99&assertID=2200192937&client_ip=171.8.79.254&SecurityKey=20261009080301&promotionId=&mvid=2200192937&mcid=500020&playurlVersion=WX-A1-9.9.2-SNAPSHOT&userid=&jmhm=&videocodec=h264&appCode=miguvideo_android&bean=mgspad&tid=android&conFee=0&encrypt=57cc40b07416be6347958918c8576e29
熊猫2,http://hlsztemgsplive.miguvideo.com:8080/envivo_x/2018/SD/xiongmao02/1000/index.m3u8?msisdn=20261009080300f95f0cc89ef046cb84d60b61ebbe6818&mdspid=&spid=699004&netType=0&sid=2200200717&pid=2028597139&timestamp=20261009080300&Channel_ID=0116_2600000900-99000-201600010010027&ProgramID=608933640&ParentNodeID=-99&assertID=2200200717&client_ip=171.8.79.254&SecurityKey=20261009080300&promotionId=&mvid=2200200717&mcid=500020&playurlVersion=WX-A1-9.9.2-SNAPSHOT&userid=&jmhm=&videocodec=h264&appCode=miguvideo_android&bean=mgspad&tid=android&conFee=0&encrypt=fdee770e6a22607142fdda195e9127bf
熊猫3,http://hlsztemgsplive.miguvideo.com:8080/envivo_x/2018/SD/xiongmao03/1000/index.m3u8?msisdn=202610090803007676fdea2fd645bbb984266c6d5d0362&mdspid=&spid=699004&netType=0&sid=2200200738&pid=2028597139&timestamp=20261009080300&Channel_ID=0116_2600000900-99000-201600010010027&ProgramID=608934619&ParentNodeID=-99&assertID=2200200738&client_ip=171.8.79.254&SecurityKey=20261009080300&promotionId=&mvid=2200200738&mcid=500020&playurlVersion=WX-A1-9.9.2-SNAPSHOT&userid=&jmhm=&videocodec=h264&appCode=miguvideo_android&bean=mgspad&tid=android&conFee=0&encrypt=2a0f12c5f34763ca103664fdceff20a0
熊猫4,http://hlsztemgsplive.miguvideo.com:8080/envivo_x/2018/SD/xiongmao04/1000/index.m3u8?msisdn=202610090803002d01c632d5d84d66b4e66576a8b44b8b&mdspid=&spid=699004&netType=0&sid=2200200771&pid=2028597139&timestamp=20261009080300&Channel_ID=0116_2600000900-99000-201600010010027&ProgramID=608934721&ParentNodeID=-99&assertID=2200200771&client_ip=171.8.79.254&SecurityKey=20261009080300&promotionId=&mvid=2200200771&mcid=500020&playurlVersion=WX-A1-9.9.2-SNAPSHOT&userid=&jmhm=&videocodec=h264&appCode=miguvideo_android&bean=mgspad&tid=android&conFee=0&encrypt=64b694caa980f05fde7027cc5b4afb54
熊猫5,http://hlsztemgsplive.miguvideo.com:8080/envivo_x/2018/SD/xiongmao05/1000/index.m3u8?msisdn=20261009080300859e9c3e782d4eb399ea96176e49963a&mdspid=&spid=699004&netType=0&sid=2200200791&pid=2028597139&timestamp=20261009080300&Channel_ID=0116_2600000900-99000-201600010010027&ProgramID=608935104&ParentNodeID=-99&assertID=2200200791&client_ip=171.8.79.254&SecurityKey=20261009080300&promotionId=&mvid=2200200791&mcid=500020&playurlVersion=WX-A1-9.9.2-SNAPSHOT&userid=&jmhm=&videocodec=h264&appCode=miguvideo_android&bean=mgspad&tid=android&conFee=0&encrypt=c744932e36aa27dd1eb9e08e63651a12
熊猫6,http://hlsztemgsplive.miguvideo.com:8080/envivo_x/2018/SD/xiongmao06/1000/index.m3u8?msisdn=2026100908030053a0a8764109464b90bef4a5de6586b1&mdspid=&spid=699004&netType=0&sid=2200200817&pid=2028597139&timestamp=20261009080300&Channel_ID=0116_2600000900-99000-201600010010027&ProgramID=608935797&ParentNodeID=-99&assertID=2200200817&client_ip=171.8.79.254&SecurityKey=20261009080300&promotionId=&mvid=2200200817&mcid=500020&playurlVersion=WX-A1-9.9.2-SNAPSHOT&userid=&jmhm=&videocodec=h264&appCode=miguvideo_android&bean=mgspad&tid=android&conFee=0&encrypt=62c96fbd80ef614aaad966f473fdd113
熊猫7,http://hlsztemgsplive.miguvideo.com:8080/envivo_x/2018/SD/xiongmao07/1000/index.m3u8?msisdn=20261009080301684d76c2f8da42a9acc1c6e6878d2357&mdspid=&spid=699004&netType=0&sid=2200192831&pid=2028597139&timestamp=20261009080301&Channel_ID=0116_2600000900-99000-201600010010027&ProgramID=609169286&ParentNodeID=-99&assertID=2200192831&client_ip=171.8.79.254&SecurityKey=20261009080301&promotionId=&mvid=2200192831&mcid=500020&playurlVersion=WX-A1-9.9.2-SNAPSHOT&userid=&jmhm=&videocodec=h264&appCode=miguvideo_android&bean=mgspad&tid=android&conFee=0&encrypt=524b6cca6b698c88042ca0563811a387
熊猫8,http://hlsztemgsplive.miguvideo.com:8080/envivo_x/2018/SD/xiongmao08/1000/index.m3u8?msisdn=20261009080301829fc8ac058742c685e828fb1433bfdd&mdspid=&spid=699004&netType=0&sid=2200192881&pid=2028597139&timestamp=20261009080301&Channel_ID=0116_2600000900-99000-201600010010027&ProgramID=609169287&ParentNodeID=-99&assertID=2200192881&client_ip=171.8.79.254&SecurityKey=20261009080301&promotionId=&mvid=2200192881&mcid=500020&playurlVersion=WX-A1-9.9.2-SNAPSHOT&userid=&jmhm=&videocodec=h264&appCode=miguvideo_android&bean=mgspad&tid=android&conFee=0&encrypt=a5cd003cab075e6e733773cafa199f3a
熊猫9,http://hlsztemgsplive.miguvideo.com:8080/envivo_x/2018/SD/xiongmao09/1000/index.m3u8?msisdn=202610090803015910010cf2854973aee0f4d8e5d4a873&mdspid=&spid=699004&netType=0&sid=2200192899&pid=2028597139&timestamp=20261009080301&Channel_ID=0116_2600000900-99000-201600010010027&ProgramID=609169226&ParentNodeID=-99&assertID=2200192899&client_ip=171.8.79.254&SecurityKey=20261009080301&promotionId=&mvid=2200192899&mcid=500020&playurlVersion=WX-A1-9.9.2-SNAPSHOT&userid=&jmhm=&videocodec=h264&appCode=miguvideo_android&bean=mgspad&tid=android&conFee=0&encrypt=47177c3f3d37bc9a36b7be60e78f12bf
磐石,http://stream5.jlntv.cn/ps/sd/live.m3u8?zjild
红牛REDBULL TV,https://rbmn-live.akamaized.net/hls/live/590964/BoRB-AT/master_3360.m3u8
贵州省兴义市万峰林,https://gcalic.v.myalicdn.com/gc/xywfl_1/index.m3u8
辽新闻综合 [Geo-blocked],https://stream2.jlntv.cn/liaoyuan1/sd/live.m3u8
通化新闻 [Geo-blocked],https://stream2.jlntv.cn/tonghua1/sd/live.m3u8
长春综合 [Geo-blocked],https://stream2.jlntv.cn/jlcc/sd/live.m3u8
集安综合 [Geo-blocked],https://stream2.jlntv.cn/ja/sd/live.m3u8
龙井,http://stream8.jlntv.cn/ljtv/sd/live.m3u8?zjild
◆◆◆　https://cloud.7so.top/f/Bgw1H8/%E5%A4%A7%E6%94%B9.txt
◆◆◆　https://fy.188766.xyz/?ip=192.168.1.2%E5%86%B0%E8%8C%B6
◆◆◆　http://bxtv.3a.ink/live.txt
◆◆◆　https://15280.kstore.space/%E5%A5%A5%E5%8F%B0.txt
◆◆◆　https://iptv.catvod.com/tv.m3u
🎁 全部进群免费获取,https://www.catvod.com/backup.m3u8
◆◆◆　https://live.catvod.com/tv.m3u


◆◆◆　https://fy.188766.xyz/?ip=&bconly=true&mima=mianfeidehaimaiqian
◆◆◆　https://raw.githubusercontent.com/Cx4x/6/refs/heads/main/mmg.m3u
12/20 22:45_英超联赛_伯恩茅斯 vs 伯恩利_郭灿亮,https://live.sport888.tv/sport/202_4317182_1.m3u8
◆◆◆　https://raw.githubusercontent.com/Cx4x/6/refs/heads/main/iiqy.m3u
💎添加唯一售后QQ💎,https://cccimg.com/view.php/6099371f290b30f968df614849c46f7a.mp4
💎开球后5分钟刷新配置💎,https://cccimg.com/down.php/9aa51c2f3ca945aefb295386d3a55f05.mp4
◆◆◆　https://c.cxics.com/ds/%E7%A7%92%E6%92%AD.txt
◆◆◆　https://3043.kstore.space/bhvip/bhzb.txt
宝盒没宝,https://gitee.com/baohe2025/bh/raw/master/bh.mp4
教育卫视,http://test1.live.sdetv.com.cn/live/dianshizhibo/playlist.m3u8
李茶的姑妈,http://live.nctv.top/huya.php?id=880261
贺岁档,http://live.nctv.top/huya.php?id=11601986
春节喜剧,http://live.nctv.top/huya.php?id=11352897
速肌,http://live.nctv.top/huya.php?id=11279251
丧尸来啦,http://live.nctv.top/huya.php?id=11342422
si神来了,http://live.nctv.top/huya.php?id=11352903
诺兰,http://live.nctv.top/huya.php?id=30080257
古天乐,http://live.nctv.top/huya.php?id=29982675
情人节,http://live.nctv.top/huya.php?id=11352915
女神系列,http://live.nctv.top/huya.php?id=11336571
喜剧专场,http://live.nctv.top/huya.php?id=11602044
Han国动作片,http://live.nctv.top/huya.php?id=11352884
香港贺岁片,http://live.nctv.top/huya.php?id=11601955
许氏三杰,http://live.nctv.top/huya.php?id=11602033
玄幻剧场,http://live.nctv.top/huya.php?id=11342414
曾江,http://live.nctv.top/huya.php?id=11601981
国产悬疑,http://live.nctv.top/huya.php?id=11342395
尹正,http://live.nctv.top/huya.php?id=30080231
首尔之春,http://live.nctv.top/huya.php?id=30080226
港片追女仔,http://live.nctv.top/huya.php?id=11602043
孙红雷,http://live.nctv.top/huya.php?id=11352917
合家欢,http://live.nctv.top/huya.php?id=11352877
学不会系列,http://live.nctv.top/huya.php?id=11352945
误杀3,http://live.nctv.top/huya.php?id=880219
曾小贤,http://live.nctv.top/huya.php?id=11336726
李云龙,http://live.nctv.top/huya.php?id=30080238
超级交通站,http://live.nctv.top/huya.php?id=11342433
许三多,http://live.nctv.top/huya.php?id=11342430
苏大强,http://live.nctv.top/huya.php?id=21059594
胡八一,http://live.nctv.top/huya.php?id=11352871
搞笑一家人,http://live.nctv.top/huya.php?id=11342402
杨光的快乐生活,http://live.nctv.top/huya.php?id=11602085
狄仁杰,http://live.nctv.top/huya.php?id=11342425
李淳罡,http://live.nctv.top/huya.php?id=11336592
范闲,http://live.nctv.top/huya.php?id=11352960
医馆笑传,http://live.nctv.top/huya.php?id=11352891
小染坊,http://live.nctv.top/huya.php?id=11602086
狄仁杰,http://live.nctv.top/huya.php?id=11352958
春水盈盈,http://live.nctv.top/huya.php?id=30080255
乡村爱情,http://live.nctv.top/huya.php?id=11602088
夏雪夏雨夏冰雹,http://live.nctv.top/huya.php?id=11352872
扫黑风暴,http://live.nctv.top/huya.php?id=11342404
云南虫谷,http://live.nctv.top/huya.php?id=11352910
鬼吹灯,http://live.nctv.top/huya.php?id=29465863
渗透,http://live.nctv.top/huya.php?id=30080244
抗日游击队,http://live.nctv.top/huya.php?id=11352912
抗战英雄,http://live.nctv.top/huya.php?id=11352936
炊事班的故事,http://live.nctv.top/huya.php?id=19524135
民兵葛二蛋,http://live.nctv.top/huya.php?id=11602072
特种兵之火凤凰,http://live.nctv.top/huya.php?id=29982636
我就问你这瓜保熟吗,http://live.nctv.top/huya.php?id=11601970
一代枭雄,http://live.nctv.top/huya.php?id=11342398
太极张三丰,http://live.nctv.top/huya.php?id=26355770
刑事侦缉档案,http://live.nctv.top/huya.php?id=29465856
漫长的季节,http://live.nctv.top/huya.php?id=11342393
王漫妮,http://live.nctv.top/huya.php?id=21059609
汉武大帝,http://live.nctv.top/huya.php?id=26355859
全职高手,http://live.nctv.top/huya.php?id=11352901
风筝,http://live.nctv.top/huya.php?id=30080225
还珠格格,http://live.nctv.top/huya.php?id=30080241
与凤行,http://live.nctv.top/huya.php?id=26355866
湄公河大案,http://live.nctv.top/huya.php?id=30080245
星汉灿烂,http://live.nctv.top/huya.php?id=11336591
洗冤录,http://live.nctv.top/huya.php?id=29465851
一起同过窗,http://live.nctv.top/huya.php?id=30080228
三体,http://live.nctv.top/huya.php?id=11352954
亲爱的热爱的,http://live.nctv.top/huya.php?id=29982671
怒海潜沙,http://live.nctv.top/huya.php?id=11342415
画像师,http://live.nctv.top/huya.php?id=11601962
开端,http://live.nctv.top/huya.php?id=11342397
良心医疗剧,http://live.nctv.top/huya.php?id=11352890
鬼吹灯,http://live.nctv.top/huya.php?id=11352883
大瓜,http://live.nctv.top/huya.php?id=11342436
怒晴湘西,http://live.nctv.top/huya.php?id=11602075
打工姐妹花,http://live.nctv.top/huya.php?id=21059564
扫黄先锋,http://live.nctv.top/huya.php?id=29465855
红色经典,http://live.nctv.top/huya.php?id=11602076
青岛往事,http://live.nctv.top/huya.php?id=11342434
创世纪,http://live.nctv.top/huya.php?id=29465852
妙手仁心,http://live.nctv.top/huya.php?id=29465853
特战荣耀,http://live.nctv.top/huya.php?id=30080252
笑看风云,http://live.nctv.top/huya.php?id=29465858
包蛋超人,http://live.nctv.top/huya.php?id=11342400
传闻中的陈芊芊,http://live.nctv.top/huya.php?id=21059608
双面胶,http://live.nctv.top/huya.php?id=11352956
宝总与王小姐,http://live.nctv.top/huya.php?id=21059580
国风动画,http://live.nctv.top/huya.php?id=30080242
编辑部的故事,http://live.nctv.top/huya.php?id=21059591
外科风云,http://live.nctv.top/huya.php?id=29982672
超级英雄,http://live.nctv.top/huya.php?id=29982666
有翡,http://live.nctv.top/huya.php?id=29982668
天天有喜,http://live.nctv.top/huya.php?id=26355849
梦中的那片海,http://live.nctv.top/huya.php?id=26355765
神探夏洛克,http://live.nctv.top/huya.php?id=26355792
星球大战,http://live.nctv.top/huya.php?id=30080234
陆贞传奇,http://live.nctv.top/huya.php?id=29982670
王子变青蛙,http://live.nctv.top/huya.php?id=11601964
顾晓梦,http://live.nctv.top/huya.php?id=21059605
草莽英雄,http://live.nctv.top/huya.php?id=11602042
孙先生,http://live.nctv.top/huya.php?id=26355821
斗罗大陆,http://live.nctv.top/huya.php?id=11352892
王艳,http://live.nctv.top/huya.php?id=11342420
星际迷航,http://live.nctv.top/huya.php?id=30080232
民调局异闻录,http://live.nctv.top/huya.php?id=26355820
瑶山,http://live.nctv.top/huya.php?id=11342392
超异能族,http://live.nctv.top/huya.php?id=21059586
无心法师,http://live.nctv.top/huya.php?id=30080233
熊出没,http://live.nctv.top/huya.php?id=11342438
启航,http://live.nctv.top/huya.php?id=30080248
童话经典·蜡笔小新欢乐多,http://live.nctv.top/huya.php?id=30362138
柯南剧场版,http://live.nctv.top/huya.php?id=30080236
黑子的篮球3,http://live.nctv.top/huya.php?id=30080253
迪迦奥特曼,http://live.nctv.top/huya.php?id=30080215
不良人6,http://live.nctv.top/huya.php?id=30080218
全职猎人,http://live.nctv.top/huya.php?id=30080254
天澜魔法高中,http://live.nctv.top/huya.php?id=26355772
迪士尼！超经典动画电影,http://live.nctv.top/huya.php?id=30080256
地灵曲,http://live.nctv.top/huya.php?id=30080216
武魂世界,http://live.nctv.top/huya.php?id=30357181
网球王子,http://live.nctv.top/huya.php?id=11352882
国漫打戏天花板,http://live.nctv.top/huya.php?id=11352869
成龙历险记,http://live.nctv.top/huya.php?id=11352946
_blue胖,http://live.nctv.top/huya.php?id=11601963
七龙珠改,http://live.nctv.top/huya.php?id=11601966
一念斩千魔,http://live.nctv.top/huya.php?id=21059592
魔法少女,http://live.nctv.top/huya.php?id=21059587
一人之上,http://live.nctv.top/huya.php?id=11602065
刘关张三活宝,http://live.nctv.top/huya.php?id=29465871
红娘妖狐,http://live.nctv.top/huya.php?id=11352967
灵界侦探浦饭幽助,http://live.nctv.top/huya.php?id=11602034
假面骑士龙骑,http://live.nctv.top/huya.php?id=11352918
易中天,http://live.nctv.top/huya.php?id=11602032
五哈,http://live.nctv.top/huya.php?id=30080247
王纪超人,http://live.nctv.top/huya.php?id=21059551
-若凌Provence-,http://live.nctv.top/huya.php?id=11352955
脱口秀,http://live.nctv.top/huya.php?id=11352875
封神英雄,http://live.nctv.top/huya.php?id=30080246
RM跑男,http://live.nctv.top/huya.php?id=11336725
青环2,http://live.nctv.top/huya.php?id=30080243
刘小光,http://live.nctv.top/huya.php?id=11352938
脱口秀大会4,http://live.nctv.top/huya.php?id=29465870
奔跑家族,http://live.nctv.top/huya.php?id=29465869
宋小宝,http://live.nctv.top/huya.php?id=11352907
天赐5,http://live.nctv.top/huya.php?id=30080249
于谦吴京何猷君,http://live.nctv.top/huya.php?id=29982647
offer1,http://live.nctv.top/huya.php?id=30080237
还我瓢瓢拳,http://live.nctv.top/huya.php?id=21059578
电影_发哥,http://live.nctv.top/huya.php?id=11342387
电影_王晶,http://live.nctv.top/huya.php?id=11602058
电影_宇宙,http://live.nctv.top/huya.php?id=11342428
电影_警匪,http://live.nctv.top/huya.php?id=11352886
电影_国产,http://live.nctv.top/huya.php?id=11352973
电影_许冠英,http://live.nctv.top/huya.php?id=11601972
电影_斯坦森,http://live.nctv.top/huya.php?id=21059588
电影_古装片,http://live.nctv.top/huya.php?id=11336590
电影_欢笑影院,http://live.nctv.top/huya.php?id=11352894
电影_快意江湖,http://live.nctv.top/huya.php?id=11342435
电影_黑帮斗争,http://live.nctv.top/huya.php?id=11342419
电影_嫣然影厅,http://live.nctv.top/huya.php?id=11601977
电影_经典港片,http://live.nctv.top/huya.php?id=11352965
电影_镖行天下,http://live.nctv.top/huya.php?id=11352969
搞笑_陈翔六点半,http://live.nctv.top/huya.php?id=11274154
剧集_老三国,http://live.nctv.top/huya.php?id=11602081
剧集_雍正王朝,http://live.nctv.top/huya.php?id=11342439
剧集_武林外传,http://live.nctv.top/huya.php?id=21059598
剧集_邻里一家亲,http://live.nctv.top/huya.php?id=11342426
◆◆◆　https://raw.githubusercontent.com/alantang1977/X/refs/heads/main/live/go.txt
◆◆◆　https://raw.githubusercontent.com/lml1971/tv/refs/heads/main/tv.txt
铺床,https://wj.lmlcyp.ccwu.cc/raw/mp4/%E6%96%B0%E5%A9%9A%E2%80%8B%E5%A9%9A%E6%88%BF%E9%93%BA%E5%BA%8A.mp4
幸福家,https://wj.lmlcyp.ccwu.cc/raw/mp4/1.mp4
老李卡通,https://wj.lmlcyp.ccwu.cc/raw/mp4/2.mp4
我们一家,https://wj.lmlcyp.ccwu.cc/raw/mp4/3.mp4
25年前,https://wj.lmlcyp.ccwu.cc/raw/mp4/VDO_0012.mp4
江苏新闻,https://ysp.lml1971.ccwu.cc/js_jsxw/playlist.m3u8
体育,https://ysp.lml1971.ccwu.cc/sd_typd/playlist.m3u8
文旅体育,https://ysp.lml1971.ccwu.cc/hb_wenlvtiyu/playlist.m3u8
教科影视,https://ysp.lml1971.ccwu.cc/zj_jiaokeyingshi/playlist.m3u8
新闻,https://ysp.lml1971.ccwu.cc/zj_xinwen/playlist.m3u8
少儿科教,https://ysp.lml1971.ccwu.cc/hb_shaoerkejiao/playlist.m3u8
少儿,https://ysp.lml1971.ccwu.cc/zj_shaoerpindao/playlist.m3u8
少儿,https://ysp.lml1971.ccwu.cc/sd_sepd/playlist.m3u8
生活,https://ysp.lml1971.ccwu.cc/sd_shpd/playlist.m3u8
经济生活,https://ysp.lml1971.ccwu.cc/hb_jingjishenghuo/playlist.m3u8
三农,https://ysp.lml1971.ccwu.cc/hb_sannongpindao/playlist.m3u8
农科,https://ysp.lml1971.ccwu.cc/sd_nkpd/playlist.m3u8
文旅,https://ysp.lml1971.ccwu.cc/sd_yspd/playlist.m3u8
新纪实,https://ysp.lml1971.ccwu.cc/sh_xinjishi/playlist.m3u8
民生休闲,https://ysp.lml1971.ccwu.cc/zj_minshengxiuxian/playlist.m3u8
综艺,https://ysp.lml1971.ccwu.cc/sd_zypd/playlist.m3u8
齐鲁,https://ysp.lml1971.ccwu.cc/sd_qlpd/playlist.m3u8
上视纪实人文,http://t.061899.xyz/tl/tl.php?id=shjsrw
黑龙江视,https://zby.130519.xyz/PLTV/11/224/3221225722/index.m3u8
睛彩广场,https://zby.130519.xyz/PLTV/11/224/3221226139/index.m3u8
纪实科教8K,https://gdcucc.v1.mk/gdcucc/brtv8k.m3u8
搜狐剧场,https://hdl-vip-ws.qf.56.com/live/lc_11730.flv
华丽翡翠,http://r.jdshipin.com/thuYX
HOY TV,http://r.jdshipin.com/sFw4S
视频4K,http://r.jdshipin.com/ln4xk
视频4K-2,http://r.jdshipin.com/Lqdwf
翡翠台 backup,http://api.kkitv.itv888.vip:8080/streams/jutaw8wu0j9/index.m3u8
iNews新闻,http://api.kkitv.itv888.vip:8080/streams/o0ey7z1y0y/index.m3u8
HOY资讯,http://api.kkitv.itv888.vip:8080/streams/o6fp2zqodp/index.m3u8
RHK 31,http://api.kkitv.itv888.vip:8080/streams/au9u4ktua3t/index.m3u8
RHK 32,http://api.kkitv.itv888.vip:8080/streams/emzampd6m1i/index.m3u8
VIUTV1,http://api.kkitv.itv888.vip:8080/streams/i76tznm59xp/index.m3u8
Viu6,http://api.kkitv.itv888.vip:8080/streams/bvdslcl5cts/index.m3u8
珠江卫视,http://iptv.4666888.xyz/iptv2A.php?id=19
华丽翡翠,http://cdn9.163189.xyz/smt1.1.php?id=Tvbjade
星空卫视,http://iot-mqqt.111yao.cn:8080/live/diyp_xingkong.m3u8
环球电视,http://utv1.hqtvzb.com:9999/hls/world.m3u8
年代新闻,http://198.16.100.186:8278/niandainews_twn/playlist.m3u8?tid=MBCB9184423891844238&ct=19249&tsum=ac0331d98099429b19c53fe6d20972ec
纬来精采,http://61.221.215.25:8800/hls/48/index.m3u8
人间卫视,http://61.216.67.119:1935/bltvhd/bltv1/chunklist_w1266569526.m3u
CAT电影,http://litv.zapi.us.kg/?id=4gtv-4gtv076
ELEVEN体育3,https://stream1.freetv.fun/eltaai-er-da-ti-yu--3--wj-1.ctv
韩国电影2,https://stream.ads.ottera.tv/playlist.m3u8?network_id=743
HOY TV,http://php.jdshipin.com/TVOD/iptv.php?id=hoytv
爱奇艺,http://php.jdshipin.com/smt.php?id=Qiyi
Astro欢喜,http://php.jdshipin.com/smt.php?id=Huahee
华丽翡翠,http://php.jdshipin.com/TVOD/iptv.php?id=huali2
TVB生活,http://php.jdshipin.com/TVOD/iptv.php?id=tvbsh
iHOT 爱幼教,http://111.22.153.159:35455/itv/2000000004000000049.m3u8?cdn=hnbblive
NewTV 魅力潇湘,http://[2409:8087:5e00:24::2d]:6610/000000001000/1/1000000001000006197/index.m3u8?channel-id=ystenlive&Contentid=1000000001000006197&livemode=1&stbId=YanG-1989
NewTV 精品记录,http://[2409:8087:5e00:24::2d]:6610/000000001000/1/1000000004000013730/index.m3u8?channel-id=ystenlive&Contentid=1000000004000013730&livemode=1&stbId=YanG-1989
赛事4k-1,http://vip.lqcc.xyz:35455/itv/3000000010000005180.m3u8?cdn=FifastbLive
赛事4k-2,http://vip.lqcc.xyz:35455/itv/3000000010000015686.m3u8?cdn=FifastbLive
赛事播01,http://vip.lqcc.xyz:35455/itv/3000000001000005308.m3u8?cdn=FifastbLive
赛事播02,http://vip.lqcc.xyz:35455/itv/3000000001000005969.m3u8?cdn=FifastbLive
赛事播03,http://vip.lqcc.xyz:35455/itv/3000000001000007218.m3u8?cdn=FifastbLive
赛事播04,http://vip.lqcc.xyz:35455/itv/3000000001000008001.m3u8?cdn=FifastbLive
赛事播05,http://vip.lqcc.xyz:35455/itv/3000000001000008176.m3u8?cdn=FifastbLive
赛事播06,http://vip.lqcc.xyz:35455/itv/3000000001000008379.m3u8?cdn=FifastbLive
赛事播07,http://vip.lqcc.xyz:35455/itv/3000000001000010129.m3u8?cdn=FifastbLive
赛事播08,http://vip.lqcc.xyz:35455/itv/3000000001000010948.m3u8?cdn=FifastbLive
赛事播09,http://vip.lqcc.xyz:35455/itv/3000000001000026778.m3u8?cdn=FifastbLive
赛事播10,http://vip.lqcc.xyz:35455/itv/3000000001000028638.m3u8?cdn=FifastbLive
赛事播11,http://vip.lqcc.xyz:35455/itv/3000000001000031494.m3u8?cdn=FifastbLive
赛事播12,http://vip.lqcc.xyz:35455/itv/3000000010000000097.m3u8?cdn=FifastbLive
赛事播13,http://vip.lqcc.xyz:35455/itv/3000000010000002019.m3u8?cdn=FifastbLive
赛事播14,http://vip.lqcc.xyz:35455/itv/3000000010000002032.m3u8?cdn=FifastbLive
赛事播15,http://vip.lqcc.xyz:35455/itv/3000000010000002809.m3u8?cdn=FifastbLive
赛事播16,http://vip.lqcc.xyz:35455/itv/3000000010000003915.m3u8?cdn=FifastbLive
赛事播17,http://vip.lqcc.xyz:35455/itv/3000000010000004193.m3u8?cdn=FifastbLive
赛事播18,http://vip.lqcc.xyz:35455/itv/3000000010000004464.m3u8?cdn=FifastbLive
赛事播19,http://vip.lqcc.xyz:35455/itv/3000000010000005837.m3u8?cdn=FifastbLive
赛事播20,http://vip.lqcc.xyz:35455/itv/3000000010000006077.m3u8?cdn=FifastbLive
赛事播21,http://vip.lqcc.xyz:35455/itv/3000000010000006658.m3u8?cdn=FifastbLive
赛事播22,http://vip.lqcc.xyz:35455/itv/3000000010000006944.m3u8?cdn=FifastbLive
赛事播23,http://vip.lqcc.xyz:35455/itv/3000000010000007692.m3u8?cdn=FifastbLive
赛事播24,http://vip.lqcc.xyz:35455/itv/3000000010000009788.m3u8?cdn=FifastbLive
赛事播25,http://vip.lqcc.xyz:35455/itv/3000000010000010833.m3u8?cdn=FifastbLive
赛事播26,http://vip.lqcc.xyz:35455/itv/3000000010000011112.m3u8?cdn=FifastbLive
赛事播27,http://vip.lqcc.xyz:35455/itv/3000000010000011297.m3u8?cdn=FifastbLive
赛事播28,http://vip.lqcc.xyz:35455/itv/3000000010000011518.m3u8?cdn=FifastbLive
赛事播29,http://vip.lqcc.xyz:35455/itv/3000000010000011763.m3u8?cdn=FifastbLive
赛事播30,http://vip.lqcc.xyz:35455/itv/3000000010000011873.m3u8?cdn=FifastbLive
赛事播31,http://vip.lqcc.xyz:35455/itv/3000000010000012398.m3u8?cdn=FifastbLive
赛事播32,http://vip.lqcc.xyz:35455/itv/3000000010000012450.m3u8?cdn=FifastbLive
赛事播33,http://vip.lqcc.xyz:35455/itv/3000000010000012558.m3u8?cdn=FifastbLive
赛事播34,http://vip.lqcc.xyz:35455/itv/3000000010000012616.m3u8?cdn=FifastbLive
赛事播35,http://vip.lqcc.xyz:35455/itv/3000000010000015470.m3u8?cdn=FifastbLive
赛事播36,http://vip.lqcc.xyz:35455/itv/3000000010000015560.m3u8?cdn=FifastbLive
赛事播37,http://vip.lqcc.xyz:35455/itv/3000000010000017389.m3u8?cdn=FifastbLive
赛事播38,http://vip.lqcc.xyz:35455/itv/3000000010000017678.m3u8?cdn=FifastbLive
赛事播39,http://vip.lqcc.xyz:35455/itv/3000000010000017997.m3u8?cdn=FifastbLive
赛事播40,http://vip.lqcc.xyz:35455/itv/3000000010000019380.m3u8?cdn=FifastbLive
赛事播41,http://vip.lqcc.xyz:35455/itv/3000000010000019839.m3u8?cdn=FifastbLive
赛事播42,http://vip.lqcc.xyz:35455/itv/3000000010000020168.m3u8?cdn=FifastbLive
赛事播43,http://vip.lqcc.xyz:35455/itv/3000000010000021904.m3u8?cdn=FifastbLive
赛事播44,http://vip.lqcc.xyz:35455/itv/3000000010000023434.m3u8?cdn=FifastbLive
赛事播45,http://vip.lqcc.xyz:35455/itv/3000000010000024205.m3u8?cdn=FifastbLive
赛事播46,http://vip.lqcc.xyz:35455/itv/3000000010000024691.m3u8?cdn=FifastbLive
赛事播47,http://vip.lqcc.xyz:35455/itv/3000000010000025380.m3u8?cdn=FifastbLive
赛事播48,http://vip.lqcc.xyz:35455/itv/3000000010000025943.m3u8?cdn=FifastbLive
赛事播49,http://vip.lqcc.xyz:35455/itv/3000000010000027318.m3u8?cdn=FifastbLive
赛事播50,http://vip.lqcc.xyz:35455/itv/3000000010000027638.m3u8?cdn=FifastbLive
赛事播51,http://vip.lqcc.xyz:35455/itv/3000000010000027691.m3u8?cdn=FifastbLive
赛事播52,http://vip.lqcc.xyz:35455/itv/3000000010000031669.m3u8?cdn=FifastbLive
赛事播53,http://vip.lqcc.xyz:35455/itv/3000000010000032106.m3u8?cdn=FifastbLive
喜羊羊与灰太狼,https://live.ottiptv.cc/huya/23865080
精灵宝可梦,https://live.ottiptv.cc/huya/23749096
贺岁电影,https://live.metshop.top/huya/11601986
末日电影合集,https://live.ottiptv.cc/yy/1354889019
宇宙科幻合集,https://live.metshop.top/huya/11342428
古装武侠,http://www.goodiptv.club/douyu/2793084
邵氏影院,http://www.goodiptv.club/douyu/4246519
冰冰影剧,http://www.goodiptv.club/douyu/74374
刀刀影院,http://www.goodiptv.club/douyu/747764
华语影视,http://www.goodiptv.club/douyu/3928
斗鱼港剧,http://www.goodiptv.club/douyu/5061550
橙记港剧,http://www.goodiptv.club/douyu/4549169
经典剧集,http://www.goodiptv.club/douyu/6863367
热门港剧,http://www.goodiptv.club/douyu/5522351
贝爷求生,http://www.goodiptv.club/douyu/9661369
延禧攻略,https://live.ottiptv.cc/huya/26355864
少年包青天第一部,https://live.ottiptv.cc/yy/1356043677
少年包青天第一部,https://live.ottiptv.cc/huya/11352958
少年包青天第二部,https://live.ottiptv.cc/huya/11342425
少年包青天第三部,https://live.ottiptv.cc/yy/1382736814
神探狄仁杰第一部,https://live.ottiptv.cc/yy/1354930934
神探狄仁杰第二部,https://live.ottiptv.cc/douyu/12655359
神探狄仁杰第三部,https://live.ottiptv.cc/douyu/6027991
爱情公寓（斗鱼）,https://live.ottiptv.cc/douyu/4105989
亮剑,https://live.ottiptv.cc/huya/30080238
雪豹,https://live.ottiptv.cc/huya/29580970
特种兵之火凤凰,https://live.ottiptv.cc/huya/29982636
天龙八部,https://live.ottiptv.cc/huya/20985816
铁齿铜牙纪晓岚,https://live.ottiptv.cc/huya/11342396
鬼吹灯之精绝古城,https://live.ottiptv.cc/huya/11352871
鬼吹灯之怒晴湘西,https://live.ottiptv.cc/huya/11602075
鬼吹灯之龙岭迷窟,https://live.ottiptv.cc/huya/29465863
鬼吹灯之云南虫谷,https://live.ottiptv.cc/huya/11352898
仙剑奇侠传,https://live.ottiptv.cc/yy/1382749903
西游记续集,https://live.ottiptv.cc/douyu/3113309
我是特种兵之利刃出鞘,https://live.ottiptv.cc/yy/37999586
三国演义,https://live.ottiptv.cc/huya/11602081
新白娘子传奇,https://live.ottiptv.cc/yy/1354490667
乌龙闯情关,https://live.ottiptv.cc/huya/26355767
柳舟计,https://live.ottiptv.cc/huya/23860039
与凤行,https://live.ottiptv.cc/huya/26355866
大秦赋,https://live.ottiptv.cc/huya/23903130
永夜星河,https://live.ottiptv.cc/huya/23734169
流水迢迢,https://live.ottiptv.cc/huya/23865036
唐诡之西行,https://live.ottiptv.cc/huya/26355763
玫瑰的故事,https://live.ottiptv.cc/huya/23865142
梦中的那片海,https://live.ottiptv.cc/huya/26355765
知否知否,https://live.ottiptv.cc/yy/21881901
如懿传,https://live.ottiptv.cc/huya/29465868
芈月传,https://live.ottiptv.cc/huya/11352975
西游记2,https://live.metshop.top/huya/29465859
鹿鼎记,https://live.ottiptv.cc/yy/28265277
大唐双龙传,https://live.metshop.top/huya/29465850
天龙八部,https://live.ottiptv.cc/yy/1351814644
活佛济公3,https://live.metshop.top/huya/23903123
谈判专家,https://live.ottiptv.cc/yy/1382735560
陀枪师姐,https://live.metshop.top/huya/29465857
鉴证实录,https://live.metshop.top/huya/23903183
倩女幽魂妖魔道,http://jsmov2.a.yximgs.com/bs3/video-hls/5232901391302199073_hlsb.m3u8
倩女幽魂道道道,http://jsmov2.a.yximgs.com/bs3/video-hls/5216294367991385255_hlsb.m3u8
寒战,https://vip.ffzy-play6.com/20221019/157_bf0740ee/index.m3u8
龙门飞甲,http://jsmov2.a.yximgs.com/bs3/video-hls/5203346449046555193_hlsb.m3u8
BRTV卡酷少儿,http://rrs01.hw.gmcc.net:8088/PLTV/81/224/3221226677/1.m3u8
BRTV影视,https://hsplay-360.v.btime.com/live_btime/btv_sn_20170706_s4/index.m3u8?time=1742954511&sign=5241ba5667bd08639fd195ea9db6da5a
BRTV文艺,https://hsplay-360.v.btime.com/live_btime/btv_sn_20170706_s2/index.m3u8?time=1742954441&sign=36eca1b00f7de9e79ecc4449bcaa35d5
BRTV体育休闲,http://smjdenny.eu.org:35455/bptv/10000100000000050000000003870779.m3u8
BRTV国际,http://[2409:8087:1:20:20::2a]/otttv.bj.chinamobile.com/PLTV/88888888/224/3221226510/1.m3u8?GuardEncType=2&accountinfo=%7E%7EV2.0%7EIfgL7tTUNqHAIdgvKuwj8A%7E_eNUbgU9sJGUcVVduOMKhafLvQUgE_zlz_7pvDimJNPr9j5nfyiWS_jEXD6m401A%2CEND
优优宝贝,http://120.76.248.139/live/bfgd/4200000153.m3u8
生态环境,http://120.76.248.139/live/bfgd/4200000149.m3u8
车迷,http://120.76.248.139/live/bfgd/4200000146.m3u8
纪实人文,http://8.138.7.223/tv/shtv.php?id=xjs
辽宁青少,http://dassby.qqff.top:99/live/辽宁教育青少/index.m3u8
辽宁公共,http://120.76.248.139/live/bfgd/4200000481.m3u8
文物宝库,http://www.lizhinas.top:1009/rtp/239.252.220.158:5140
河南乡村,http://www.cdnstv.com:6398/hls/1116/index.m3u8
河南戏曲,http://www.cdnstv.com:6398/hls/1119/index.m3u8
河南法治,http://www.cdnstv.com:6398/hls/1112/index.m3u8
收藏天下,http://www.cdnstv.com:6398/hls/1118/index.m3u8
中华功夫,http://www.cdnstv.com:6398/hls/1120/index.m3u
河南法治,http://1.94.31.214/php/hntv.php?id=hmfz
河南乡村,http://1.94.31.214/php/hntv.php?id=hnxc
河南国际,http://1.94.31.214/php/hntv.php?id=hngj
河南梨园,http://1.94.31.214/php/hntv.php?id=hnly
文物宝库,http://1.94.31.214/php/hntv.php?id=wwbk
睛彩中原,http://1.94.31.214/php/hntv.php?id=jczy
移动戏曲,http://1.94.31.214/php/hntv.php?id=ydxj
象视界,http://1.94.31.214/php/hntv.php?id=xsj
河北杂技,http://vip.lqcc.xyz:15511/rtp/239.254.201.139:7203
石家庄城市服务,http://nn.7x9d.cn/石家庄.php?id=5
石家庄文化娱乐,http://nn.7x9d.cn/石家庄.php?id=6
鹿泉二套,https://jwcdnqx.hebyun.com.cn/live/luquaner/1500k/tzwj_video.m3u8
西部电影,http://112.46.105.20:8009/hls/62/index.m3u8
新闻咨询,http://112.46.105.20:8009/hls/18/index.m3u8
都市青春,http://112.46.105.20:8009/hls/19/index.m3u8
陕西银龄,http://112.46.105.20:8009/hls/20/index.m3u8
陕西秦腔,http://112.46.105.20:8009/hls/22/index.m3u8
乐家购物,http://112.46.105.20:8009/hls/23/index.m3u8
西安新闻,http://112.46.105.20:8009/hls/28/index.m3u8
西安都市,http://112.46.105.20:8009/hls/29/index.m3u8
武汉电视剧,http://stream.appwuhan.com/2tzb/sd/live.m3u8
武汉科技生活,http://stream.appwuhan.com/3tzb/sd/live.m3u8
福建乡村振兴公共,http://8.138.7.223/tv/fjtv1.php?id=fjxc
福州新闻综合,http://8.138.7.223/tv/fjtv1.php?id=fz1
泉州新闻综合,http://8.138.7.223/tv/fjtv1.php?id=qz1
三明综合,http://8.138.7.223/tv/fjtv1.php?id=sm1
莆田综合,http://8.138.7.223/tv/fjtv1.php?id=pt1
南平综合,http://8.138.7.223/tv/fjtv1.php?id=np1
宁德新闻综合,http://8.138.7.223/tv/fjtv1.php?id=nd1
平潭综合,http://8.138.7.223/tv/fjtv1.php?id=pttv
黑龙江公共农村,http://ottrrs.hl.chinamobile.com/PLTV/88888888/224/3221225994/index.m3u8
黄河电视,http://liveflash.sxrtv.com/live/huanghe.m3u8?sub_m3u8=true&edge_slice=true
宁夏文旅,https://hls.ningxiahuangheyun.com/live/nxwl1M.m3u8
甘肃公共应急,https://hls.gstv.com.cn/49048r/3t5xyc.m3u8
甘肃文化影视,https://hls.gstv.com.cn/49048r/w1l6d5.m3u8
1987年春晚,https://txmov2.a.kwimgs.com/bs3/video-hls/5195746663405928031_hlsb.m3u8
1988年春晚,https://txmov2.a.kwimgs.com/bs3/video-hls/5216575810935394655_hlsb.m3u8
1989年春晚,https://txmov2.a.kwimgs.com/bs3/video-hls/5194620763762726260_hlsb.m3u8
2025年春晚 4K,https://svip.high24-playback.com/20250129/17159_7bca93c4/2000k/hls/mixed.m3u8
Sky News,https://i.mjh.nz/SamsungTVPlus/USBB52000022Q.m3u8
TRT World,https://tv-trtworld.live.trt.com.tr/master_1080.m3u8
Bloomberg Asia,https://epg.pw/stream/d2edf469b9079064a283f4b0811cbf6f2597ebbb3d08dcf77036a4b5a791b7cf.m3u8
Bloomberg Originals,https://i.mjh.nz/SamsungTVPlus/GBBC900012J9.m3u8
SKY,http://streamsy.online:2999/coachj88/N93DPKS9pJ/330
KBS world,https://kbsworld-ott.akamaized.net/hls/live/2002341/kbsworld/master.m3u8
FIFA+,https://i.mjh.nz/SamsungTVPlus/USBD12000255B.m3u8
Dubai One,http://dminnvll.cdn.mangomolo.com/dubaione/smil:dubaione.stream.smil/chunklist_b1800000.m3u8
GB News,https://i.mjh.nz/SamsungTVPlus/GBBB1600008R3.m3u8
ION,https://i.mjh.nz/SamsungTVPlus/USBD300002TU.m3u8
Disney International,http://sansat.net:88/HhPRf2nAlsVeRU9/AnzgPldGC8OHsyY/96284
&Flix,http://89.187.177.137:8081/&FLIX/index.m3u8
Wild Planet,https://i.mjh.nz/SamsungTVPlus/GBBB5000002PL.m3u8
Clarity 4K,https://i.mjh.nz/SamsungTVPlus/USBA3800005NI.m3u8
Stadium,https://i.mjh.nz/SamsungTVPlus/USAJ3504705A.m3u8
Pop,http://streamsy.online:2999/coachj88/N93DPKS9pJ/226
Tastemade,https://i.mjh.nz/SamsungTVPlus/CABD1200002T9.m3u8
MovieSphere,https://i.mjh.nz/SamsungTVPlus/USBD17000117B.m3u8
The Lego Channel,https://i.mjh.nz/SamsungTVPlus/GBBC4300005AL.m3u8
NextUp Live Comedy,https://i.mjh.nz/SamsungTVPlus/GBBD1100012JB.m3u8
◆◆◆　https://raw.githubusercontent.com/BurningC4/Chinese-IPTV/master/TV-IPV4.m3u
CETV-1,http://ottrrs.hl.chinamobile.com/PLTV/88888888/224/3221225652/index.m3u8
◆◆◆　https://tzdr.com/iptv.txt
◆◆◆　https://raw.githubusercontent.com/suxuang/myIPTV/refs/heads/main/ipv6.m3u
CETV-1 综合教育,http://[2409:8087:1:20:20::2a]/otttv.bj.chinamobile.com/PLTV/88888888/224/3221226494/1.m3u8?GuardEncType=2&accountinfo=%7E%7EV2.0%7EB8MrpAzJ_Bw12HHVBcZO6g%7E_eNUbgU9sJGUcVVduOMKhafLvQUgE_zlz_7pvDimJNONWWecbSKZXNjh_5hExtTC%2CEND
潮妈辣妹,http://39.134.65.70/ottrrs.hl.chinamobile.com/PLTV/88888888/224/3221225685/index.m3u8
珠江卫视,http://home.wwang.pw:35455/itv/2000000003000000033.m3u8?cdn=hnbblive
纪实科教8K,http://111.31.106.140/downflv.brtvcloud.com/8klive/8kliveok.m3u8
环球电视,http://zb.xzxwhcb.com:9999/hls/world.m3u8
数位电影,http://litv.zapi.us.kg/?id=4gtv-4gtv011
明珠剧集,http://aktv-stream.m16tv.cfd/stream/aktv/null-19/AKTV.m3u8
翡翠剧集,http://aktv-stream.m16tv.cfd/stream/aktv/null-18/AKTV.m3u8
翡翠综合,http://aktv-stream.m16tv.cfd/stream/aktv/null-17/AKTV.m3u8
黄金翡翠,http://aktv-stream.m16tv.cfd/stream/aktv/null-21/AKTV.m3u8
National Geographic,http://aktv-stream.m16tv.cfd/stream/aktv2/nationalgeographic/AKTV.m3u8
Xite Hits,http://aktv-stream.m16tv.cfd/stream/aktv3/xitehits/AKTV.m3u8
Xite Rock,http://aktv-stream.m16tv.cfd/stream/aktv3/xiterock/AKTV.m3u8
Celestial Movies,http://aktv-stream.m16tv.cfd/stream/astro_a1/celestialmovies/AKTV.m3u8
FIGHT SPORTS,http://aktv-stream.m16tv.cfd/stream/astro_a1/ch85/AKTV.m3u8
Mediacorp Entertainment Chinese,http://aktv-stream.m16tv.cfd/stream/astro_a1/mediacorpentertainmentchinese/AKTV.m3u8
NBA TV,http://aktv-stream.m16tv.cfd/stream/astro_a1/ch84/AKTV.m3u8
Sukan,http://aktv-stream.m16tv.cfd/stream/astro_a1/ch89/AKTV.m3u8
TV9,http://aktv-stream.m16tv.cfd/stream/astro_a1/ch18/AKTV.m3u8
Unifi Sport,http://aktv-stream.m16tv.cfd/stream/astro_a1/ch88/AKTV.m3u8
曼联电视频道,http://aktv-stream.m16tv.cfd/stream/astro_a1/ch87/AKTV.m3u8
朝鲜恩情,http://aktv-stream.m16tv.cfd/stream/nknews/null/AKTV.m3u8
ELTV生活英语,http://aktv-stream.m16tv.cfd/stream/taiwan/eltv/AKTV.m3u8
倪珍英语新闻,http://aktv-stream.m16tv.cfd/stream/taiwan/null-1/AKTV.m3u8
Astro Football,http://aktv-stream.m16tv.cfd/stream/tuntun/astrofootball/AKTV.m3u8
Astro 欢喜,http://aktv-stream.m16tv.cfd/stream/tuntun/astro/AKTV.m3u8
NTV NEWS 24,http://aktv-stream.m16tv.cfd/stream/useradd1/ntvnews24/AKTV.m3u8
喜羊羊与灰太狼,http://1.94.31.214:35455/huya/23865080
精灵宝可梦,http://1.94.31.214:35455/huya/23749096
亚洲影院,http://[2409:8087:5e00:24::2d]:6610/000000001000/1/5841816227539527643/index.m3u8?channel-id=wasusyt&Contentid=5841816227539527643&livemode=1&stbId=YanG-1989
欧美影院,http://[2409:8087:5e00:24::2d]:6610/000000001000/1/7185203501769528108/index.m3u8?channel-id=wasusyt&Contentid=7185203501769528108&livemode=1&stbId=YanG-1989
探索纪录,http://[2409:8087:5e00:24::2d]:6610/000000001000/1/5359008697329269813/index.m3u8?channel-id=wasusyt&Contentid=5359008697329269813&livemode=1&stbId=YanG-1989
少儿动漫,http://[2409:8087:5e00:24::2d]:6610/000000001000/1/8145334647720731271/index.m3u8?channel-id=wasusyt&Contentid=8145334647720731271&livemode=1&stbId=YanG-1989
电子竞技,http://[2409:8087:5e00:24::2d]:6610/000000001000/1/6000000003000011654/index.m3u8?channel-id=wasusyt&Contentid=6000000003000011654&livemode=1&stbId=YanG-1989
娱乐,http://[2409:8087:5e00:24::2d]:6610/000000001000/1/6000000003000001569/index.m3u8?channel-id=wasusyt&Contentid=6000000003000001569&livemode=1&stbId=YanG-1989
漫游世界,http://[2409:8087:5e00:24::2d]:6610/000000001000/1/6000000003000028434/index.m3u8?channel-id=wasusyt&Contentid=6000000003000028434&livemode=1&stbId=YanG-1989
英雄联盟音乐节,http://[2409:8087:5e00:24::2d]:6610/000000001000/1/8978605063318475207/index.m3u8?channel-id=ystenlive&Contentid=8978605063318475207&livemode=1&stbId=YanG-1989
直播1,http://home.wwang.pw:35455/itv/1000000006000270004.m3u8?cdn=ystenlive
直播2,http://[2409:8087:5e00:24::2d]:6610/000000001000/1/3000000001000005969/index.m3u8?channel-id=FifastbLive&Contentid=3000000001000005969&livemode=1&stbId=YanG-1989
直播3,http://[2409:8087:5e00:24::2d]:6610/000000001000/1/3000000001000007218/index.m3u8?channel-id=FifastbLive&Contentid=3000000001000007218&livemode=1&stbId=YanG-1989
直播4,http://[2409:8087:5e00:24::2d]:6610/000000001000/1/3000000001000008001/index.m3u8?channel-id=FifastbLive&Contentid=3000000001000008001&livemode=1&stbId=YanG-1989
直播5,http://[2409:8087:5e00:24::2d]:6610/000000001000/1/3000000001000008176/index.m3u8?channel-id=FifastbLive&Contentid=3000000001000008176&livemode=1&stbId=YanG-1989
直播6,http://[2409:8087:5e00:24::2d]:6610/000000001000/1/3000000001000008379/index.m3u8?channel-id=FifastbLive&Contentid=3000000001000008379&livemode=1&stbId=YanG-1989
直播7,http://[2409:8087:5e00:24::2d]:6610/000000001000/1/3000000001000010129/index.m3u8?channel-id=FifastbLive&Contentid=3000000001000010129&livemode=1&stbId=YanG-1989
直播8,http://[2409:8087:5e00:24::2d]:6610/000000001000/1/3000000001000010948/index.m3u8?channel-id=FifastbLive&Contentid=3000000001000010948&livemode=1&stbId=YanG-1989
直播9,http://[2409:8087:5e00:24::2d]:6610/000000001000/1/3000000001000028638/index.m3u8?channel-id=FifastbLive&Contentid=3000000001000028638&livemode=1&stbId=YanG-1989
直播10,http://[2409:8087:5e00:24::2d]:6610/000000001000/1/3000000001000031494/index.m3u8?channel-id=FifastbLive&Contentid=3000000001000031494&livemode=1&stbId=YanG-1989
直播11,http://[2409:8087:5e00:24::2d]:6610/000000001000/1/3000000010000000097/index.m3u8?channel-id=FifastbLive&Contentid=3000000010000000097&livemode=1&stbId=YanG-1989
直播12,http://[2409:8087:5e00:24::2d]:6610/000000001000/1/3000000010000002019/index.m3u8?channel-id=FifastbLive&Contentid=3000000010000002019&livemode=1&stbId=YanG-1989
直播13,http://[2409:8087:5e00:24::2d]:6610/000000001000/1/3000000010000002809/index.m3u8?channel-id=FifastbLive&Contentid=3000000010000002809&livemode=1&stbId=YanG-1989
直播14,http://[2409:8087:5e00:24::2d]:6610/000000001000/1/3000000010000003915/index.m3u8?channel-id=FifastbLive&Contentid=3000000010000003915&livemode=1&stbId=YanG-1989
直播15,http://[2409:8087:5e00:24::2d]:6610/000000001000/1/3000000010000004193/index.m3u8?channel-id=FifastbLive&Contentid=3000000010000004193&livemode=1&stbId=YanG-1989
直播16,http://[2409:8087:5e00:24::2d]:6610/000000001000/1/3000000010000005837/index.m3u8?channel-id=FifastbLive&Contentid=3000000010000005837&livemode=1&stbId=YanG-1989
直播17,http://[2409:8087:5e00:24::2d]:6610/000000001000/1/3000000010000006077/index.m3u8?channel-id=FifastbLive&Contentid=3000000010000006077&livemode=1&stbId=YanG-1989
直播18,http://[2409:8087:5e00:24::2d]:6610/000000001000/1/3000000010000006658/index.m3u8?channel-id=FifastbLive&Contentid=3000000010000006658&livemode=1&stbId=YanG-1989
直播19,http://[2409:8087:5e00:24::2d]:6610/000000001000/1/3000000010000009788/index.m3u8?channel-id=FifastbLive&Contentid=3000000010000009788&livemode=1&stbId=YanG-1989
直播20,http://[2409:8087:5e00:24::2d]:6610/000000001000/1/3000000010000010833/index.m3u8?channel-id=FifastbLive&Contentid=3000000010000010833&livemode=1&stbId=YanG-1989
直播21,http://[2409:8087:5e00:24::2d]:6610/000000001000/1/3000000010000011297/index.m3u8?channel-id=FifastbLive&Contentid=3000000010000011297&livemode=1&stbId=YanG-1989
直播22,http://[2409:8087:5e00:24::2d]:6610/000000001000/1/3000000010000011518/index.m3u8?channel-id=FifastbLive&Contentid=3000000010000011518&livemode=1&stbId=YanG-1989
直播23,http://[2409:8087:5e00:24::2d]:6610/000000001000/1/3000000010000012558/index.m3u8?channel-id=FifastbLive&Contentid=3000000010000012558&livemode=1&stbId=YanG-1989
直播24,http://[2409:8087:5e00:24::2d]:6610/000000001000/1/3000000010000012616/index.m3u8?channel-id=FifastbLive&Contentid=3000000010000012616&livemode=1&stbId=YanG-1989
直播25,http://[2409:8087:5e00:24::2d]:6610/000000001000/1/3000000010000015470/index.m3u8?channel-id=FifastbLive&Contentid=3000000010000015470&livemode=1&stbId=YanG-1989
直播26,http://[2409:8087:5e00:24::2d]:6610/000000001000/1/3000000010000015560/index.m3u8?channel-id=FifastbLive&Contentid=3000000010000015560&livemode=1&stbId=YanG-1989
直播27,http://[2409:8087:5e00:24::2d]:6610/000000001000/1/3000000010000017678/index.m3u8?channel-id=FifastbLive&Contentid=3000000010000017678&livemode=1&stbId=YanG-1989
直播28,http://[2409:8087:5e00:24::2d]:6610/000000001000/1/3000000010000019839/index.m3u8?channel-id=FifastbLive&Contentid=3000000010000019839&livemode=1&stbId=YanG-1989
直播29,http://[2409:8087:5e00:24::2d]:6610/000000001000/1/3000000010000021904/index.m3u8?channel-id=FifastbLive&Contentid=3000000010000021904&livemode=1&stbId=YanG-1989
直播30,http://[2409:8087:5e00:24::2d]:6610/000000001000/1/3000000010000023434/index.m3u8?channel-id=FifastbLive&Contentid=3000000010000023434&livemode=1&stbId=YanG-1989
直播31,http://[2409:8087:5e00:24::2d]:6610/000000001000/1/3000000010000025380/index.m3u8?channel-id=FifastbLive&Contentid=3000000010000025380&livemode=1&stbId=YanG-1989
直播32,http://[2409:8087:5e00:24::2d]:6610/000000001000/1/3000000010000027691/index.m3u8?channel-id=FifastbLive&Contentid=3000000010000027691&livemode=1&stbId=YanG-1989
直播33,http://[2409:8087:5e00:24::2d]:6610/000000001000/1/3000000010000031669/index.m3u8?channel-id=FifastbLive&Contentid=3000000010000031669&livemode=1&stbId=YanG-1989
直播34,http://[2409:8087:5e00:24::2d]:6610/000000001000/1/3000000020000011518/index.m3u8?channel-id=FifastbLive&Contentid=3000000020000011518&livemode=1&stbId=YanG-1989
直播35,http://[2409:8087:5e00:24::2d]:6610/000000001000/1/3000000020000011519/index.m3u8?channel-id=FifastbLive&Contentid=3000000020000011519&livemode=1&stbId=YanG-1989
直播36,http://[2409:8087:5e00:24::2d]:6610/000000001000/1/3000000020000011520/index.m3u8?channel-id=FifastbLive&Contentid=3000000020000011520&livemode=1&stbId=YanG-1989
直播37,http://[2409:8087:5e00:24::2d]:6610/000000001000/1/3000000020000011521/index.m3u8?channel-id=FifastbLive&Contentid=3000000020000011521&livemode=1&stbId=YanG-1989
直播38,http://[2409:8087:5e00:24::2d]:6610/000000001000/1/3000000020000011522/index.m3u8?channel-id=FifastbLive&Contentid=3000000020000011522&livemode=1&stbId=YanG-1989
欧美大片,http://1.94.31.214:35455/douyu/2793084
漫威影院,http://1.94.31.214:35455/douyu/1713615
邵氏影院,http://1.94.31.214:35455/douyu/4246519
神乐欧美影院,http://tc-tct.douyucdn2.cn/dyliveflv1a/20415rnWbjg6Ex1K_2000.flv?wsAuth=3b64dd17d293b133c58bda21e3147e5b&token=cpn-androidmpro-0-20415-b6774b3b3249db1768f0ac048c5ed218ac54e1f82b04b2bf&logo=0&expire=0&did=d010b07dcb997ada9934081c873542f0&origin=tct&vhost=play2
神乐华语影院,http://tc-tct.douyucdn2.cn/dyliveflv1a/85894rmovieChow_4000.xs?wsAuth=ba1c90644d5727f7eff2d821807aceb6&token=web-h5-90270207-85894-853ec75fcb0c6ecaca17aa65580152fde64a0f1c44c269f0&logo=0&expire=0&did=d1bae13724faf6e93becdd6000021601&origin=hw
贝爷欧美影院,http://tc-tct.douyucdn2.cn/dyliveflv1a/252802r9ADrCZlEH_2000.xs?wsAuth=e6f0dcddab9fc91054c85ab3f859e4db&token=web-h5-0-252802-536492a84fc6fe0c5dc51394f3baa3efb83053784dcd97d9&logo=0&expire=0&did=d1bae13724faf6e93becdd6000021601&origin=hw
贝爷科幻影厅,http://tc-tct.douyucdn2.cn/dyliveflv1a/36337rdhzupjKkHQ_2000.xs?wsAuth=1a3132767dd07456ea843c8875827ea8&token=web-h5-0-36337-bca1b696bbbbe89460e90cd8b054cafd25d4977899882d74&logo=0&expire=0&did=d1bae13724faf6e93becdd6000021601&origin=hw
贝爷MAX影厅,http://tc-tct.douyucdn2.cn/dyliveflv1a/4332rHhZGIMT9vqg_2000.xs?wsAuth=6578dcb2c21076e10d5c93efda71bc8c&token=web-h5-0-4332-a25e54b4f06502c1019336fab3242923a3d590a0b6e027e7&logo=0&expire=0&did=d1bae13724faf6e93becdd6000021601&origin=hw
蓝翔华语影院,http://tc-tct.douyucdn2.cn/dyliveflv1a/276200rR0hxzxiSE_2000.xs?wsAuth=c730a6bd353acb1cece18da714cad1ed&token=web-h5-90270207-276200-cc6734cdfb126f8dfd0af3f748a120f583360a45720d9797&logo=0&expire=0&did=d1bae13724faf6e93becdd6000021601&origin=hw
小鬼华语影院,http://tc-tct.douyucdn2.cn/dyliveflv1a/3928r9p0BHMDG_2000.xs?wsAuth=3c48b706fe90d736d90b5622adfc09d2&token=web-h5-0-3928-15d95fcfde11a749199abfc5ac7bdee6727c6402febadfb8&logo=0&expire=0&did=24482b48b98804f2b0a5b17400041701
周星驰电影,http://182.40.120.195/test-txdwk.flv.huya.com/src/1394575534-1394575534-5989656310331736064-2789274524-10057-A-0-1.m3u8
林正英电影,http://182.40.120.195/test-txdwk.flv.huya.com/src/1394575543-1394575543-5989656348986441728-2789274542-10057-A-0-1.m3u8
刘德华电影,http://1.94.31.214:35455/huya/11342424
古天乐电影,http://1.94.31.214:35455/huya/29982675
李连杰电影,http://1.94.31.214:35455/huya/11342390
甄子丹电影,http://1.94.31.214:35455/huya/11352935
黄渤电影,http://1.94.31.214:35455/huya/11352876
金庸武侠,http://1.94.31.214:35455/huya/11342435
功夫电影,http://1.94.31.214:35455/huya/11352941
贺岁电影,http://1.94.31.214:35455/huya/11601986
狄仁杰电影,http://1.94.31.214:35455/huya/30080229
变形金刚合集,http://1.94.31.214:35455/yy/1382736803
末日电影合集,http://1.94.31.214:35455/yy/1354889019
延禧攻略,http://182.40.120.195/test-txdwk.flv.huya.com/src/1099531840940-1099531840940-86814878328684544-2199063805336-10057-A-0-1.m3u8
少年包青天第一部,http://1.94.31.214:35455/yy/1356043677
少年包青天第三部,http://1.94.31.214:35455/yy/1382736814
神探狄仁杰第一部,http://182.40.120.195/test-txdwk.flv.huya.com/src/1423787855-1423787855-6115122273666990080-2847699166-10057-A-0-1.m3u8
神探狄仁杰第二部,http://1.94.31.214:35455/yy/1382851146
神探狄仁杰第三部,http://182.40.120.195/test-txdwk.flv.huya.com/src/1394575548-1394575548-5989656370461278208-2789274552-10057-A-0-1.m3u8
亮剑,http://182.40.120.191/test-txdwk.flv.huya.com/src/1239543153972-1239543153972-11135015062081634304-2479086431400-10057-A-0-1.m3u8
雪豹,http://1.94.31.214:35455/huya/29580970
特种兵之火凤凰,http://182.40.120.195/test-txdwk.flv.huya.com/src/1239543150714-1239543150714-11135001069078183936-2479086424884-10057-A-0-1.m3u8
铁齿铜牙纪晓岚,http://1.94.31.214:35455/huya/11342396
鬼吹灯之精绝古城,http://1.94.31.214:35455/huya/11352871
鬼吹灯之怒晴湘西,http://1.94.31.214:35455/huya/11602075
鬼吹灯之龙岭迷窟,http://1.94.31.214:35455/huya/29465863
鬼吹灯之云南虫谷,http://1.94.31.214:35455/huya/11352898
西游记续集,http://zzy789.xyz/douyu1.php?id=3113309
我是特种兵之利刃出鞘,http://1.94.31.214:35455/yy/37999586
西游记,http://1.94.31.214:35455/huya/26355861
乌龙闯情关,http://1.94.31.214:35455/huya/26355767
永夜星河,http://1.94.31.214:35455/huya/23734169
柳舟计,http://1.94.31.214:35455/huya/23860039
大秦赋,http://1.94.31.214:35455/huya/23903130
唐诡之西行,http://1.94.31.214:35455/huya/26355763
玫瑰的故事,http://1.94.31.214:35455/huya/23865142
梦中的那片海,http://1.94.31.214:35455/huya/26355765
楚汉骄雄,http://1.94.31.214:35455/huya/29465854
西游记1,http://1.94.31.214:35455/huya/23728660
西游记2,http://1.94.31.214:35455/huya/29465859
刑事侦缉档案,http://1.94.31.214:35455/huya/29465856
法政先锋,http://1.94.31.214:35455/huya/23863804
洗冤录,http://1.94.31.214:35455/huya/29465851
使徒行者,http://1.94.31.214:35455/huya/23734256
鉴证实录,http://1.94.31.214:35455/huya/23903183
金枝欲孽,http://1.94.31.214:35455/huya/23865036
扫黄先锋,http://1.94.31.214:35455/huya/29465855
创世纪,http://1.94.31.214:35455/huya/29465852
妙手仁心,http://1.94.31.214:35455/huya/29465853
野蛮亲家,http://1.94.31.214:35455/huya/23863796
笑看风云,http://1.94.31.214:35455/huya/29465858
倩女幽魂人间道,http://jsmov2.a.yximgs.com/bs3/video-hls/5250634317044855747_hlsb.m3u8
人在囧途,https://vip.ffzy-play.com/20221018/1953_2d6ba500/index.m3u8
人在囧途之泰囧,https://vip.ffzy-play.com/20221018/1951_47e1adc8/index.m3u8
人在囧途之港囧,https://vip.ffzy-play7.com/20230112/11082_fde1a94d/index.m3u8
拆弹专家1,https://vip.ffzy-online.com/20221015/719_80ff87c2/index.m3u8
拆弹专家2,https://vip.ffzy-online.com/20221015/722_e32c42bc/index.m3u8
我不是药神,https://vip.ffzy-play1.com/20221018/478_c3afed66/index.m3u8
让子弹飞,https://vip.ffzy-play7.com/20230116/11563_b9f44814/index.m3u8
北京纪实科教,http://[2409:8087:1:20:20::29]/otttv.bj.chinamobile.com/PLTV/88888888/224/3221226434/1.m3u8?GuardEncType=2&accountinfo=%7E%7EV2.0%7Ejj3PtVjzl6ZzFdM-Vi1dmQ%7E_eNUbgU9sJGUcVVduOMKhafLvQUgE_zlz_7pvDimJNPJa61jREJv4ZfZigyrxX0U%2CEND
北京4K,http://[2409:8087:1:20:20::26]/otttv.bj.chinamobile.com/PLTV/88888888/224/3221226550/1.m3u8?GuardEncType=2&accountinfo=~~V2.0~e2qS8h6u-xp3gd50vNr1sw~_eNUbgU9sJGUcVVduOMKhafLvQUgE_zlz_7pvDimJNPPFD3HVWEytEVyliOxehfe%2CEND
1983年春晚,http://txmov2.a.kwimgs.com/bs3/video-hls/5207287136834522947_hlshd15.m3u8
1984年春晚,https://txmov2.a.kwimgs.com/bs3/video-hls/5229242184269609742_hlshd15.m3u8
1985年春晚,http://txmov2.a.kwimgs.com/bs3/video-hls/5227271857652377954_hlshd15.m3u8
1986年春晚,https://txmov2.a.kwimgs.com/bs3/video-hls/5231493982164619599_hlshd15.m3u8
1992年春晚,https://txmov2.a.kwimgs.com/bs3/video-hls/5256826755663896297_hlshd15.m3u8
1993年春晚,https://txmov2.a.kwimgs.com/bs3/video-hls/5217420261875933947_hlshd15.m3u8
1994年春晚,https://txmov2.a.kwimgs.com/bs3/video-hls/5197154061406974711_hlshd15.m3u8
1995年春晚,https://txmov2.a.kwimgs.com/bs3/video-hls/5255137907893179578_hlshd15.m3u8
1996年春晚,https://txmov2.a.kwimgs.com/bs3/video-hls/5202783562064785590_hlshd15.m3u8
1997年春晚,https://txmov2.a.kwimgs.com/bs3/video-hls/5230649583590411879_hlshd15.m3u8
1998年春晚,https://txmov2.a.kwimgs.com/bs3/video-hls/5225864507896315430_hlshd15.m3u8
1999年春晚,https://txmov2.a.kwimgs.com/bs3/video-hls/5258234133675308186_hlshd15.m3u8
2000年春晚,https://txmov2.a.kwimgs.com/bs3/video-hls/5216294359327079321_hlshd15.m3u8
2001年春晚,https://txmov2.a.kwimgs.com/bs3/video-hls/5228960735897942616_hlshd15.m3u8
2002年春晚,https://txmov2.a.kwimgs.com/bs3/video-hls/5255700858599864364_hlshd15.m3u8
2003年春晚,https://txmov2.a.kwimgs.com/bs3/video-hls/5232338436280256836_hlshd15.m3u8
2004年春晚,https://txmov2.a.kwimgs.com/bs3/video-hls/5223894184413450769_hlshd15.m3u8
2005年春晚,https://txmov2.a.kwimgs.com/bs3/video-hls/5254012008863954469_hlshd15.m3u8
2006年春晚,https://txmov2.a.kwimgs.com/bs3/video-hls/5194339310474320155_hlshd15.m3u8
2007年春晚,https://txmov2.a.kwimgs.com/bs3/video-hls/5194902262344826321_hlshd15.m3u8
2008年春晚,https://txmov2.a.kwimgs.com/bs3/video-hls/5210946337266019890_hlshd15.m3u8
2009年春晚,https://txmov2.a.kwimgs.com/bs3/video-hls/5214042558858339330_hlshd15.m3u8
2010年春晚,https://txmov2.a.kwimgs.com/bs3/video-hls/5210664862006975841_hlshd15.m3u8
2011年春晚,https://txmov2.a.kwimgs.com/bs3/video-hls/5243597434070590481_hlshd15.m3u8
2012年春晚,https://txmov2.a.kwimgs.com/bs3/video-hls/5219953534755647343_hlshd15.m3u8
2013年春晚,https://txmov2.a.kwimgs.com/bs3/video-hls/5241627109089548390_hlshd15.m3u8
2014年春晚,https://txmov2.a.kwimgs.com/bs3/video-hls/5245286283437869627_hlshd15.m3u8
2015年春晚,https://txmov2.a.kwimgs.com/bs3/video-hls/5248101009010430183_hlshd15.m3u8
2016年春晚,https://txmov2.a.kwimgs.com/bs3/video-hls/5238530884094441260_hlshd15.m3u8
2017年春晚,https://txmov2.a.kwimgs.com/bs3/video-hls/5191524564569524830_hlshd15.m3u8
2018年春晚,https://txmov2.a.kwimgs.com/bs3/video-hls/5212635188105848764_hlshd15.m3u8
2019年春晚,https://txmov2.a.kwimgs.com/bs3/video-hls/5239093835831655107_hlshd15.m3u8
2020年春晚,https://txmov2.a.kwimgs.com/bs3/video-hls/5222205336887088723_hlshd15.m3u8
2021年春晚,https://txmov2.a.kwimgs.com/bs3/video-hls/5255700831151909807_hlshd15.m3u8
2022年春晚,https://txmov2.a.kwimgs.com/bs3/video-hls/5224457109297710655_hlshd15.m3u8
2023年春晚,https://txmov2.a.kwimgs.com/bs3/video-hls/5251197255879398624_hlshd15.m3u8
2024年春晚,https://p2.bdstatic.com/rtmp.liveshow.lss-user.baidubce.com/live/stream_bduid_6488563992_8982723413/merged_1707497046297_88536_25144_41936.m3u8
CNN,https://jmp2.uk/sam-GBBD8000016N.m3u8
◆◆◆　https://raw.githubusercontent.com/Supprise0901/TVBox_live/main/live.txt
新闻,http://tvcdn.stream3.hndt.com/tv/65bb6966017e100059b75a8500000000_transios/playlist.m3u8?wsSecret=20efe37f1245da0ae4e2764a807bf47e&wsTime=1791529459
都市,http://tvcdn.stream3.hndt.com/tv/65c3fbc5017e1000fde13faa00000000_transios/playlist.m3u8?wsSecret=ac1077348f280c56a5f5d8360bbafe8f&wsTime=1791529459
民生,http://tvcdn.stream3.hndt.com/tv/65bef28a017e10009c49d5f900000000_transios/playlist.m3u8?wsSecret=65888aa9232ec265052fb004e9223314&wsTime=1791529459
法治,http://tvcdn.stream3.hndt.com/tv/65be54a9017e1000af59fb4800000000_transios/playlist.m3u8?wsSecret=e13f2a9f260e4459f24137dc095eb859&wsTime=1791529459
公共,http://tvcdn.stream3.hndt.com/tv/65b93894017e10000ae6b07d00000000_transios/playlist.m3u8?wsSecret=3315ea7ca7cf39fa22c8e26d3c7b45a3&wsTime=1791529459
河南乡村,http://tvcdn.stream3.hndt.com/tv/65b8302b017e100019dc540f00000000_transios/playlist.m3u8?wsSecret=f1e52a78280c44d3807577ff48ba470f&wsTime=1791529459
电视剧,http://tvcdn.stream3.hndt.com/tv/65bd329b017e1000648cd2ed00000000_transios/playlist.m3u8?wsSecret=8b5de83c760c0d02046841ae8172b7f4&wsTime=1791529459
文物宝库,https://dxtx.hntv.tv/live/wwbk.m3u8?txSecret=317b89626134fd6bea6e129455b5ff18&txTime=7C4C635C&wsSecret=e8ece0fba488deac8c988a9d2a8239f5&wsTime=1791529459
武术,https://dxtx.hntv.tv/live/wssj.m3u8?txSecret=c38b4d31ba4c45c6babb5c47132123e3&txTime=7ABB976A&wsSecret=c319292a8a1f204d85d96644308e0bb3&wsTime=1791529459
睛彩中原,https://dxtx.hntv.tv/live/jczy.m3u8?txSecret=e785008e49564e5e738439b4dd2ae68e&txTime=7C4C6207&wsSecret=7dbeefabc8d10d8bcd5d71878e4db278&wsTime=1791529459
国学,http://tvcdn.stream3.hndt.com/tv/647f9277018410008cf925e200000000_transios/playlist.m3u8?wsSecret=6e3c5d4bc26972a376d41db7e9157e37&wsTime=1791529459
欢腾购物,http://tvcdn.stream3.hndt.com/tv/65ba653b017e1000d4ee41c700000000_transios/playlist.m3u8?wsSecret=581f8b43552117853c86197c995b3738&wsTime=1791529459
赛事最经典,http://hlsztemgsplive.miguvideo.com:8080/wd_r3/cctv/saishijingdian/600/index.m3u8?msisdn=2026100910030135733c51c6f24702bcdd409a84d00cd5&mdspid=&spid=699004&netType=0&sid=5500592947&pid=2028597139&timestamp=20261009100301&Channel_ID=0116_2600000900-99000-201600010010027&ProgramID=646596895&ParentNodeID=-99&assertID=5500592947&client_ip=171.8.79.254&SecurityKey=20261009100301&promotionId=&mvid=5101034296&mcid=500020&playurlVersion=WX-A1-9.9.2-SNAPSHOT&userid=&jmhm=&videocodec=h264&appCode=miguvideo_android&bean=mgspad&tid=android&conFee=0&encrypt=1089a622ae1369c9a06c6da3eb9a3e9a
公共新闻,http://hlsztemgsplive.miguvideo.com:8080/wd_r2/jstv/jsgonggong/600/index.m3u8?msisdn=20261009100307ee0e0fbfa83d45b4a51b73d219893e1f&mdspid=&spid=699067&netType=0&sid=5500260520&pid=2028597139&timestamp=20261009100307&Channel_ID=0116_2600000900-99000-201600010010027&ProgramID=626064693&ParentNodeID=-99&assertID=5500260520&client_ip=171.8.79.254&SecurityKey=20261009100307&promotionId=&mvid=5100186429&mcid=500020&playurlVersion=WX-A1-9.9.2-SNAPSHOT&userid=&jmhm=&videocodec=h264&appCode=miguvideo_android&bean=mgspad&tid=android&conFee=0&encrypt=3fb1bb3da04b6532ce1fc0c637bef6c4
盐城新闻综合,http://hlsztemgsplive.miguvideo.com:8080/migu/kailu/ycxwzh/50/20250604/index.m3u8?msisdn=20261009100307082a87d0df654b2a9019b80fe346d219&mdspid=&spid=699067&netType=0&sid=5500469360&pid=2028597139&timestamp=20261009100307&Channel_ID=0116_2600000900-99000-201600010010027&ProgramID=639731825&ParentNodeID=-99&assertID=5500469360&client_ip=171.8.79.254&SecurityKey=20261009100307&promotionId=&mvid=5102012617&mcid=500020&playurlVersion=WX-A1-9.9.2-SNAPSHOT&userid=&jmhm=&videocodec=h264&appCode=miguvideo_android&bean=mgspad&tid=android&conFee=0&encrypt=d458781d28dd2a9d1d9ab7f24c602422
泰州新闻综合,http://hlsztemgsplive.miguvideo.com:8080/wd_r2/jstv/tzxinwenzonghe/600/index.m3u8?msisdn=20261009100307bdf7ad5e0b314302accc94587d5eb3d6&mdspid=&spid=699067&netType=0&sid=5500469354&pid=2028597139&timestamp=20261009100307&Channel_ID=0116_2600000900-99000-201600010010027&ProgramID=639731818&ParentNodeID=-99&assertID=5500469354&client_ip=171.8.79.254&SecurityKey=20261009100307&promotionId=&mvid=5102012615&mcid=500020&playurlVersion=WX-A1-9.9.2-SNAPSHOT&userid=&jmhm=&videocodec=h264&appCode=miguvideo_android&bean=mgspad&tid=android&conFee=0&encrypt=bc1097428949e1d5980752ac1f8caec9
宿迁新闻综合,http://hlsztemgsplive.miguvideo.com:8080/wd_r2/jstv/sqxinwenzonghe/600/index.m3u8?msisdn=202610091003076a240445834848bd8fbd039d9a79339e&mdspid=&spid=699067&netType=0&sid=5500469357&pid=2028597139&timestamp=20261009100307&Channel_ID=0116_2600000900-99000-201600010010027&ProgramID=639731832&ParentNodeID=-99&assertID=5500469357&client_ip=171.8.79.254&SecurityKey=20261009100307&promotionId=&mvid=5102012616&mcid=500020&playurlVersion=WX-A1-9.9.2-SNAPSHOT&userid=&jmhm=&videocodec=h264&appCode=miguvideo_android&bean=mgspad&tid=android&conFee=0&encrypt=7faec1963e8c0077904a30e136d1f07b
徐州新闻综合,http://hlsztemgsplive.miguvideo.com:8080/wd_r2/jstv/xzxinwenzonghe/600/index.m3u8?msisdn=2026100910030875153a701a4044868f65e49b81943106&mdspid=&spid=699067&netType=0&sid=5500469368&pid=2028597139&timestamp=20261009100308&Channel_ID=0116_2600000900-99000-201600010010027&ProgramID=639731747&ParentNodeID=-99&assertID=5500469368&client_ip=171.8.79.254&SecurityKey=20261009100308&promotionId=&mvid=5102012620&mcid=500020&playurlVersion=WX-A1-9.9.2-SNAPSHOT&userid=&jmhm=&videocodec=h264&appCode=miguvideo_android&bean=mgspad&tid=android&conFee=0&encrypt=ac0df0b1e7d8ca0faf04414277f4d3cd
江阴新闻综合,http://hlsztemgsplive.miguvideo.com:8080/migu/kailu/jyxwzh/50/20250604/index.m3u8?msisdn=202610091003085c2219de1a9a4976b6411abfbf52f00c&mdspid=&spid=699067&netType=0&sid=5910022177&pid=2028597139&timestamp=20261009100308&Channel_ID=0116_2600000900-99000-201600010010027&ProgramID=955227979&ParentNodeID=-99&assertID=5910022177&client_ip=171.8.79.254&SecurityKey=20261009100308&promotionId=&mvid=5900006705&mcid=500020&playurlVersion=WX-A1-9.9.2-SNAPSHOT&userid=&jmhm=&videocodec=h264&appCode=miguvideo_android&bean=mgspad&tid=android&conFee=0&encrypt=d5c16d061f196a6a28f7e165caf7d919
宜兴新闻综合,http://hlsztemgsplive.miguvideo.com:8080/migu/kailu/yxxwzh/50/20250604/index.m3u8?msisdn=202610091003088a0d286f31644d219cfa944da205c592&mdspid=&spid=699067&netType=0&sid=5910022179&pid=2028597139&timestamp=20261009100308&Channel_ID=0116_2600000900-99000-201600010010027&ProgramID=955227996&ParentNodeID=-99&assertID=5910022179&client_ip=171.8.79.254&SecurityKey=20261009100308&promotionId=&mvid=5900006707&mcid=500020&playurlVersion=WX-A1-9.9.2-SNAPSHOT&userid=&jmhm=&videocodec=h264&appCode=miguvideo_android&bean=mgspad&tid=android&conFee=0&encrypt=27bd3912da1643a7ecef1c3a80820c57
陕西银龄,http://hlsztemgsplive.miguvideo.com:8080/migu/kailu/sxylpd/50/20250804/index.m3u8?msisdn=202610091003098aba1288e34844ebaf2ca92e0c27414f&mdspid=&spid=600572&netType=0&sid=5910022191&pid=2028597139&timestamp=20261009100309&Channel_ID=0116_2600000900-99000-201600010010027&ProgramID=956909362&ParentNodeID=-99&assertID=5910022191&client_ip=171.8.79.254&SecurityKey=20261009100309&promotionId=&mvid=5900006714&mcid=500020&playurlVersion=WX-A1-9.9.2-SNAPSHOT&userid=&jmhm=&videocodec=h264&appCode=miguvideo_android&bean=mgspad&tid=android&conFee=0&encrypt=a76784e7478f8d54ef5430fc90017c1f
陕西秦腔,http://hlsztemgsplive.miguvideo.com:8080/migu/kailu/sxqqpd/50/20250804/index.m3u8?msisdn=2026100910030922acd11ab88e411cb558785d44003e92&mdspid=&spid=600572&netType=0&sid=5910022188&pid=2028597139&timestamp=20261009100309&Channel_ID=0116_2600000900-99000-201600010010027&ProgramID=956909303&ParentNodeID=-99&assertID=5910022188&client_ip=171.8.79.254&SecurityKey=20261009100309&promotionId=&mvid=5900006711&mcid=500020&playurlVersion=WX-A1-9.9.2-SNAPSHOT&userid=&jmhm=&videocodec=h264&appCode=miguvideo_android&bean=mgspad&tid=android&conFee=0&encrypt=ddf5cef3ddf6e0ef2de3862706d2caeb
海南广播电视总台新闻,http://hlsztemgsplive.miguvideo.com:8080/migu/kailu/lnysj/50/20251225/index.m3u8?msisdn=20261009100310de627e4a3ae2420aa1c5bae5e507b1fa&mdspid=&spid=600697&netType=0&sid=5910022326&pid=2028597139&timestamp=20261009100310&Channel_ID=0116_2600000900-99000-201600010010027&ProgramID=962067517&ParentNodeID=-99&assertID=5910022326&client_ip=171.8.79.254&SecurityKey=20261009100310&promotionId=&mvid=5900006789&mcid=500020&playurlVersion=WX-A1-9.9.2-SNAPSHOT&userid=&jmhm=&videocodec=h264&appCode=miguvideo_android&bean=mgspad&tid=android&conFee=0&encrypt=3a3fb7dbd294448ecaba247b45e1af33
海南广播电视总台自贸,http://hlsztemgsplive.miguvideo.com:8080/migu/kailu/lnsh/50/20251225/index.m3u8?msisdn=20261009100310ca26b93ab59c44b8ba3c1221def688ae&mdspid=&spid=600697&netType=0&sid=5910022324&pid=2028597139&timestamp=20261009100310&Channel_ID=0116_2600000900-99000-201600010010027&ProgramID=962045226&ParentNodeID=-99&assertID=5910022324&client_ip=171.8.79.254&SecurityKey=20261009100310&promotionId=&mvid=5900006792&mcid=500020&playurlVersion=WX-A1-9.9.2-SNAPSHOT&userid=&jmhm=&videocodec=h264&appCode=miguvideo_android&bean=mgspad&tid=android&conFee=0&encrypt=ea8ca1fb32dcf37b7b243211b63c0ef5
海南广播电视总台社会与法,http://hlsztemgsplive.miguvideo.com:8080/migu/kailu/lngg/50/20251225/index.m3u8?msisdn=20261009100310ce6b89a4c5a04b50807b3f46019f5723&mdspid=&spid=600697&netType=0&sid=5910022323&pid=2028597139&timestamp=20261009100310&Channel_ID=0116_2600000900-99000-201600010010027&ProgramID=962045223&ParentNodeID=-99&assertID=5910022323&client_ip=171.8.79.254&SecurityKey=20261009100310&promotionId=&mvid=5900006791&mcid=500020&playurlVersion=WX-A1-9.9.2-SNAPSHOT&userid=&jmhm=&videocodec=h264&appCode=miguvideo_android&bean=mgspad&tid=android&conFee=0&encrypt=a66704c26a527f96f287ecfff419809e
海南广播电视总台文旅,http://hlsztemgsplive.miguvideo.com:8080/migu/kailu/lntyxx/50/20251225/index.m3u8?msisdn=2026100910031043bae37fdc3c4d9f9901686f5118712c&mdspid=&spid=600697&netType=0&sid=5910022329&pid=2028597139&timestamp=20261009100310&Channel_ID=0116_2600000900-99000-201600010010027&ProgramID=962067526&ParentNodeID=-99&assertID=5910022329&client_ip=171.8.79.254&SecurityKey=20261009100310&promotionId=&mvid=5900006790&mcid=500020&playurlVersion=WX-A1-9.9.2-SNAPSHOT&userid=&jmhm=&videocodec=h264&appCode=miguvideo_android&bean=mgspad&tid=android&conFee=0&encrypt=cc6a1ad40c3d6c34a1220f53b97b90ca
海南广播电视总台少儿,http://hlsztemgsplive.miguvideo.com:8080/migu/kailu/nxwl/50/20251225/index.m3u8?msisdn=20261009100310b623c7d2c857471085171be4cbd2ca5d&mdspid=&spid=600697&netType=0&sid=5910022328&pid=2028597139&timestamp=20261009100310&Channel_ID=0116_2600000900-99000-201600010010027&ProgramID=962067523&ParentNodeID=-99&assertID=5910022328&client_ip=171.8.79.254&SecurityKey=20261009100310&promotionId=&mvid=5900006788&mcid=500020&playurlVersion=WX-A1-9.9.2-SNAPSHOT&userid=&jmhm=&videocodec=h264&appCode=miguvideo_android&bean=mgspad&tid=android&conFee=0&encrypt=6faa1cccfc27ef3d985eabf7d03e2e8e
建党105周年巡礼,http://hlsztemgsplive.miguvideo.com:8080/migu/virtuallive2/5900002413/50/20210706/index.m3u8?msisdn=20261009100311aec1a09533614d869565143b5ac449cf&mdspid=&spid=800033&netType=0&sid=5910019527&pid=2028597139&timestamp=20261009100311&Channel_ID=0116_2600000900-99000-201600010010027&ProgramID=713600957&ParentNodeID=-99&assertID=5910019527&client_ip=171.8.79.254&SecurityKey=20261009100311&promotionId=&mvid=5900002443&mcid=500020&playurlVersion=WX-A1-9.9.2-SNAPSHOT&userid=&jmhm=&videocodec=h264&appCode=miguvideo_android&bean=mgspad&tid=android&conFee=0&encrypt=e591d54c9f1c5dc5ad1a0fcb0f1afad2
经典香港电影,http://hlsztemgsplive.miguvideo.com:8080/wd_r2/virtuallive/5100180869/75/index.m3u8?msisdn=2026100910014017380b5bd27d48d598f1bc72a641f67c&mdspid=&spid=800033&netType=0&sid=5500242089&pid=2028597139&timestamp=20261009100140&Channel_ID=0116_2600000900-99000-201600010010027&ProgramID=625703337&ParentNodeID=-99&assertID=5500242089&client_ip=171.8.79.254&SecurityKey=20261009100140&promotionId=&mvid=5100180869&mcid=500020&playurlVersion=WX-A1-9.9.2-SNAPSHOT&userid=&jmhm=&videocodec=h264&appCode=miguvideo_android&bean=mgspad&tid=android&conFee=0&encrypt=d6bffc58832e38985f828e8e9cb105b9
新片放映厅,http://hlsztemgsplive.miguvideo.com:8080/wd-virtuallive5100030975-75/index.m3u8?msisdn=20261009100311c0a7c7b61594414ba60179b84a47dde9&mdspid=&spid=800033&netType=0&sid=5500035175&pid=2028597139&timestamp=20261009100311&Channel_ID=0116_2600000900-99000-201600010010027&ProgramID=619495952&ParentNodeID=-99&assertID=5500035175&client_ip=171.8.79.254&SecurityKey=20261009100311&promotionId=&mvid=5100030975&mcid=500020&playurlVersion=WX-A1-9.9.2-SNAPSHOT&userid=&jmhm=&videocodec=h264&appCode=miguvideo_android&bean=mgspad&tid=android&conFee=0&encrypt=20567791f90b61d83d719d7c325123f0
和美乡途轮播,http://hlsztemgsplive.miguvideo.com:8080/migu/virtuallive2/5900002411/50/20210706/index.m3u8?msisdn=20261009100311bee5f2c0c39d47ca99133465bc0e0779&mdspid=&spid=800033&netType=0&sid=5910019525&pid=2028597139&timestamp=20261009100311&Channel_ID=0116_2600000900-99000-201600010010027&ProgramID=713591450&ParentNodeID=-99&assertID=5910019525&client_ip=171.8.79.254&SecurityKey=20261009100311&promotionId=&mvid=5900002421&mcid=500020&playurlVersion=WX-A1-9.9.2-SNAPSHOT&userid=&jmhm=&videocodec=h264&appCode=miguvideo_android&bean=mgspad&tid=android&conFee=0&encrypt=31d3f604e8d2d30f616ddd92f0fa2be7
南方影视,http://hlsztemgsplive.miguvideo.com:8080/wd_r1/2018/nfmedia/nfys/1000/index.m3u8?msisdn=20261009100311394b88946506448e81bc5b0d849d2beb&mdspid=&spid=699054&netType=0&sid=2206173738&pid=2028597139&timestamp=20261009100311&Channel_ID=0116_2600000900-99000-201600010010027&ProgramID=614961829&ParentNodeID=-99&assertID=2206173738&client_ip=171.8.79.254&SecurityKey=20261009100311&promotionId=&mvid=2206173738&mcid=500020&playurlVersion=WX-A1-9.9.2-SNAPSHOT&userid=&jmhm=&videocodec=h264&appCode=miguvideo_android&bean=mgspad&tid=android&conFee=0&encrypt=8990a9b0af9d7951a442b6185283d2b5
Khushboo Bangla,https://cdn-4.pishow.tv/live/1473/master.m3u8
春晚1991,https://alimov2.a.kwimgs.com/upic/2022/01/31/16/BMjAyMjAxMzExNjI2MTVfNDAzMDAxOTlfNjYyNzYwNjUxNjVfMF8z_b_B8feb7b85888678d71bf37a259c6850f6.mp4
春晚2025,https://res.cctvnews.cctv.com/video/3005/record/cctv/merge1/133396667284143308839013005/8fbd6180bdef4da19f6155cf6b4652e1-4.m3u8
春晚2026,https://v.lzcdn28.com/20260217/8616_1de9f6e5/index.m3u8
三立财经新闻,http://aktv.top/AKTV/live/aktv/null-14/AKTV.m3u8
翡翠台(泰国),http://aktv.top/AKTV/live/aktv/null-16/AKTV.m3u8
翡翠综合,http://aktv.top/AKTV/live/aktv/null-17/AKTV.m3u8
翡翠剧集,http://aktv.top/AKTV/live/aktv/null-18/AKTV.m3u8
明珠剧集,http://aktv.top/AKTV/live/aktv/null-19/AKTV.m3u8
黄金翡翠,http://aktv.top/AKTV/live/aktv/null-21/AKTV.m3u8
香港国际财经,http://61.10.2.140/live_freedirect/opentvhd002_h.live/playlist.m3u8
半岛新闻,https://live-hls-web-aje.getaj.net/AJE/01.m3u8
半岛新闻,https://live-hls-web-aje.getaj.net/AJE/02.m3u8
有线财经资讯,http://61.10.2.145/live_freedirect/freehd208_h.live/chunklist.m3u8
GOODTV卡通,https://dqhxk7sbp7xog.cloudfront.net/osmflivech45.m3u8
GOODTV好消息,https://dqhxk7sbp7xog.cloudfront.net/hls-live/goodtv/_definst_/liveevent/live-ch1-2.m3u8
新加坡中文,https://d2e1asnsl7br7b.cloudfront.net/7782e205e72f43aeb4a48ec97f66ebbe/index_4.m3u8
新加坡中文,https://d2e1asnsl7br7b.cloudfront.net/7782e205e72f43aeb4a48ec97f66ebbe/index_4.m3u8?zshijd
TVB Plus香港,P2p://generationnexxxt.com:19806/faf51cf453a84400be019b14939e49f6
TVB 星河频01,P2p://generationnexxxt.com:19806/e94f4c244af8464fb06eff4c9da250a6
星空卫视,http://wouu.net:9977/rtp/239.93.1.10:2193
黄金翡翠,P2p://generationnexxxt.com:19806/1444d681fb1b44d4a20ff001c2bb2f7c
戏曲台,P2p://generationnexxxt.com:19806/131a3f2bbae740fc982903c576a97920
18台,P2p://generationnexxxt.com:19806/2cd619b81446414fb605daa1e86bebd6
HOY资讯,P2p://generationnexxxt.com:19806/f40dc92cdc224868b83be4156ec315dc
澳门-MA,P2p://generationnexxxt.com:19806/b08e564af8cf49e2a0fadaf4978a04cf
港台电视,P2p://generationnexxxt.com:19806/66ae0d840005a10ee8285dce7b7d2800
HKC 18,P2p://generationnexxxt.com:19806/e38b0ea6a9174a92bf7f30a36d4e0fe9
港台31,P2p://generationnexxxt.com:19806/c7cd517a9e5b44a9b6037c90f998627f
港台32,P2p://generationnexxxt.com:19806/8ef4a2b7bac54aba8b17dfd2071df91f
HOY TV,P2p://generationnexxxt.com:19806/66b0affc0000b2eff273015566865bd4
TVB娱乐,P2p://generationnexxxt.com:19806/e77d39049c07479ab0ff57800c6e5b06
ViuTVsix,P2p://generationnexxxt.com:19806/b6f920891ad9473ca6f839df7616f580
now新闻,P2p://generationnexxxt.com:19806/86a69c6de155405ba916819e2634aa74
翡翠台(备),mitv://147.135.39.171:9906/66430d4f000d5d62b0b20b3f5bac56f2
ViuTVsix,mitv://135.148.104.228:19806/b6f920891ad9473ca6f839df7616f580
戏曲台,mitv://135.148.104.228:19806/131a3f2bbae740fc982903c576a97920
now财经,mitv://135.148.104.228:19806/f0dd1f92af2845c2abd2ff29aff2b8ca
18台,mitv://135.148.104.228:19806/2cd619b81446414fb605daa1e86bebd6
HOY资讯,mitv://135.148.104.228:19806/f40dc92cdc224868b83be4156ec315dc
黄金翡翠,mitv://135.148.104.228:19806/1444d681fb1b44d4a20ff001c2bb2f7c
now财经,mitv://135.148.104.228:19806/415e15f33f8b4b5b95a400a406abd534
香港国际财经,mitv://135.148.104.228:19806/b6594fa379204fc5b11ba4bc3fe7d932
澳门-MACAU,mitv://135.148.104.228:19806/a2bbc4a4feec4168804624c67fdea801
黄金翡翠,mitv://135.148.104.228:19806/99b70f5afa114465aa463db0cfed6569
ViuTVsix,mitv://135.148.104.228:19806/ea75ceca822f454bb858845559d5fc55
亚洲卫视,https://p2hs.vzan.com/slowlive/821481626725612417/live.m3u8
三立综合,http://aktv.top/AKTV/live/aktv/null-13/AKTV.m3u8
寰宇闽南,http://litv.zapi.us.kg/?id=litv-longturn15
tvbs闽南,http://litv.zapi.us.kg/?id=4gtv-4gtv073
闽南戏剧,http://litv.zapi.us.kg/?id=litv-longturn22
国际财经,http://litv.zapi.us.kg/?id=4gtv-4gtv104
tvbs精采,http://litv.zapi.us.kg/?id=4gtv-4gtv067
爱尔达娱乐,http://litv.zapi.us.kg/?id=4gtv-4gtv070
靖洋戏剧,http://litv.zapi.us.kg/?id=4gtv-4gtv045
靖洋卡通,http://litv.zapi.us.kg/?id=4gtv-4gtv057
靖天卡通,http://litv.zapi.us.kg/?id=4gtv-4gtv044
靖天综合,http://litv.zapi.us.kg/?id=4gtv-4gtv046
靖天日本,http://litv.zapi.us.kg/?id=4gtv-4gtv047
靖天欢乐,http://litv.zapi.us.kg/?id=4gtv-4gtv054
靖天育乐,http://litv.zapi.us.kg/?id=4gtv-4gtv062
靖天国际,http://litv.zapi.us.kg/?id=4gtv-4gtv063
国会壹,http://litv.zapi.us.kg/?id=4gtv-4gtv084
国会贰,http://litv.zapi.us.kg/?id=4gtv-4gtv085
好消息壹,http://litv.zapi.us.kg/?id=litv-ftv16
好消息贰,http://litv.zapi.us.kg/?id=litv-ftv17
智林体育,http://litv.zapi.us.kg/?id=4gtv-4gtv101
博斯魅力,http://litv.zapi.us.kg/?id=litv-longturn04
博斯网球,http://litv.zapi.us.kg/?id=litv-longturn09
博斯高球壹,http://litv.zapi.us.kg/?id=litv-longturn05
博斯高球贰,http://litv.zapi.us.kg/?id=litv-longturn06
博斯运动壹,http://litv.zapi.us.kg/?id=litv-longturn07
博斯运动贰,http://litv.zapi.us.kg/?id=litv-longturn08
博斯无限壹,http://litv.zapi.us.kg/?id=litv-longturn10
博斯无限贰,http://litv.zapi.us.kg/?id=litv-longturn13
阿里郎,http://litv.zapi.us.kg/?id=4gtv-4gtv079
达文西,http://litv.zapi.us.kg/?id=4gtv-4gtv018
猪哥亮歌厅,http://litv.zapi.us.kg/?id=4gtv-4gtv006
亚洲旅游,http://litv.zapi.us.kg/?id=litv-longturn17
半岛新闻,http://litv.zapi.us.kg/?id=litv-ftv10
非凡商业,http://litv.zapi.us.kg/?id=4gtv-4gtv048
第壹商业,http://litv.zapi.us.kg/?id=4gtv-4gtv109
爱放动漫,http://litv.zapi.us.kg/?id=litv-ftv15
古典音乐,http://litv.zapi.us.kg/?id=4gtv-4gtv059
客家电视,http://litv.zapi.us.kg/?id=4gtv-4gtv043
华仁纪实,http://litv.zapi.us.kg/?id=4gtv-4gtv013
时尚运动,http://litv.zapi.us.kg/?id=4gtv-4gtv014
生活英语,http://litv.zapi.us.kg/?id=litv-longturn20
SMArt知识,http://litv.zapi.us.kg/?id=litv-longturn19
GLO-Bet,http://litv.zapi.us.kg/?id=4gtv-4gtv016
TRACEU,http://litv.zapi.us.kg/?id=4gtv-4gtv082
MEZZOl,http://litv.zapi.us.kg/?id=4gtv-4gtv083
Ginx_TV,http://litv.zapi.us.kg/?id=4gtv-4gtv053
Astv亚洲卫视,https://play-hsbj.vzan.com/slowlive/821481626725612417/live.m3u8
GBN新闻,http://103.193.151.158:8500/live.m3u8?c=18
NHK新闻,http://61.221.215.25:8800/hls/51/index.m3u8
amc电影,http://61.221.215.25:8800/hls/43/index.m3u8
ASC搜索,http://61.221.215.25:8800/hls/50/index.m3u8
Diso综合,http://61.221.215.25:8800/hls/1/index.m3u8
tvbs闽南,http://37.27.111.214:8080/live/23/hls.m3u8
猪哥亮歌厅国,http://37.27.111.214:8080/live/35/hls.m3u8
亚洲旅游,http://37.27.111.214:8080/live/10/hls.m3u8
幸福空间,http://37.27.111.214:8080/live/26/hls.m3u8
HakkaTV,http://37.27.111.214:8080/live/1/hls.m3u8
动画动漫,http://37.27.111.214:8080/live/57/hls.m3u8
Nick动画,http://37.27.111.214:8080/live/12/hls.m3u8
Nick动画,http://37.27.111.214:8080/live/22/hls.m3u8
MoMo亲子国,http://37.27.111.214:8080/live/3/hls.m3u8
博斯高球,http://37.27.111.214:8080/live/13/hls.m3u8
博斯运动,http://37.27.111.214:8080/live/14/hls.m3u8
博斯无限,http://37.27.111.214:8080/live/15/hls.m3u8
HISTORY,http://37.27.111.214:8080/live/27/hls.m3u8
HITs电影,http://37.27.111.214:8080/live/28/hls.m3u8
探案电影,http://37.27.111.214:8080/live/11/hls.m3u8
CINEMA-,http://37.27.111.214:8080/live/30/hls.m3u8
TV5_MONDE,http://37.27.111.214:8080/live/9/hls.m3u8
BLOOMBERG,http://37.27.111.214:8080/live/34/hls.m3u8
CNBc_英,http://37.27.111.214:8080/live/102/hls.m3u8
互动英语,http://37.27.111.214:8080/live/54/hls.m3u8
中国环球,http://live.cgtn.com/500/prog_index.m3u8
HBtv老挝,http://hikvision.city:880/HBTV.m3u8
韩国国防,http://mediaworks.dema.mil.kr:1935/live_edge/cudo.sdp/playlist.m3u8
韩国新闻,http://amdlive.ctnd.com.edgesuite.net:80/arirang_1ch/smil:arirang_1ch.smil/chunklist_b2256000_sleng.m3u8
高尔网球,http://zhancheng.x3322.net:6699/live/1078/index.m3u8
央视球,http://zhancheng.x3322.net:6699/live/1077/index.m3u8
中国教育,http://mobilelive-ds.ysp.cctv.cn/ysp/2022823801.m3u8
中国教壹,http://rihou.cc:555/cqyx.php?id=cetv1
中国教肆,http://rihou.cc:555/cqyx.php?id=cetv4
中国天气频备,http://zhancheng.x3322.net:6699/live/1072/index.m3u8
中国书画,http://rihou.cc:555/cqyx.php?id=sh
中国交通频备,http://222.129.34.164:9001/rtp/239.3.1.188:8001
黑龙江视,http://bjlive.outside.live.pthv.gitv.tv/live/HLJWShd-8M/live.m3u8
黑龙江视,http://www.72444165.xyz:5005/itv/ystenlive/1000000005000265029
超级电视,http://www.72444165.xyz:5005/itv/ystenlive/1000000006000268003
杭州少儿体育,http://rihou.cc:567/dd.php?id=hzse
大片,http://rihou.cc:567/dd.php?id=gqdp
经典此字符被系统屏蔽电影,http://rihou.cc:567/dd.php?id=jdxgdy
军事迷必看大片,http://rihou.cc:567/dd.php?id=jsdp
热剧联播,http://rihou.cc:567/dd.php?id=rjlb
赛事最经典,http://rihou.cc:567/dd.php?id=sszjd
新片放映厅,http://rihou.cc:567/dd.php?id=xpfyt
Y+剧场,http://rihou.cc:567/dd.php?id=yjjc
熊猫,http://rihou.cc:567/dd.php?id=xmhd
熊猫1,http://rihou.cc:567/dd.php?id=xm1
熊猫2,http://rihou.cc:567/dd.php?id=xm2
熊猫3,http://rihou.cc:567/dd.php?id=xm3
熊猫4,http://rihou.cc:567/dd.php?id=xm4
熊猫5,http://rihou.cc:567/dd.php?id=xm5
熊猫6,http://rihou.cc:567/dd.php?id=xm6
熊猫7,http://rihou.cc:567/dd.php?id=xm7
熊猫8,http://rihou.cc:567/dd.php?id=xm8
熊猫9,http://rihou.cc:567/dd.php?id=xm9
熊猫10,http://rihou.cc:567/dd.php?id=xm10
newtv超级电影,http://[2409:8087:1a01:df::7005]:80/ottrrs.hl.chinamobile.com/TVOD/88888888/224/3221225717/index.m3u8
newtv超级电视剧,http://[2409:8087:1a01:df::7005]:80/ottrrs.hl.chinamobile.com/TVOD/88888888/224/3221225716/index.m3u8
newtv东北热剧,http://[2409:8087:1a01:df::7005]:80/ottrrs.hl.chinamobile.com/TVOD/88888888/224/3221225741/index.m3u8
newtv海外剧场,http://[2409:8087:1a0b:df::4005]:80/ottrrs.hl.chinamobile.com/TVOD/88888888/224/3221225671/index.m3u8
newtv中国功夫,http://[2409:8087:1a0b:df::4001]:80/ottrrs.hl.chinamobile.com/TVOD/88888888/224/3221225681/index.m3u8
newtv军旅剧场,http://[2409:8087:1a0b:df::4018]:80/ottrrs.hl.chinamobile.com/TVOD/88888888/224/3221225676/index.m3u8
newtv潮妈辣婆,http://[2409:8087:1a0b:df::4007]:80/ottrrs.hl.chinamobile.com/TVOD/88888888/224/3221225685/index.m3u8
newtv精品纪录,http://[2409:8087:1a0b:df::4007]:80/ottrrs.hl.chinamobile.com/TVOD/88888888/224/3221225672/index.m3u8
newtv家庭剧场,http://[2409:8087:1a0b:df::4007]:80/ottrrs.hl.chinamobile.com/TVOD/88888888/224/3221225677/index.m3u8
newtv精品大剧,http://[2409:8087:1a0b:df::4001]:80/ottrrs.hl.chinamobile.com/TVOD/88888888/224/3221225670/index.m3u8
newtv军事评论,http://[2409:8087:1a0b:df::4005]:80/ottrrs.hl.chinamobile.com/TVOD/88888888/224/3221225668/index.m3u8
newtv欢乐剧场,http://[2409:8087:1a01:df::7005]:80/ottrrs.hl.chinamobile.com/TVOD/88888888/224/3221225742/index.m3u8
newtv精品萌宠,http://[2409:8087:1a01:df::7005]:80/ottrrs.hl.chinamobile.com/TVOD/88888888/224/3221226505/index.m3u8
newtv超级综艺,http://[2409:8087:1a01:df::7005]:80/ottrrs.hl.chinamobile.com/TVOD/88888888/224/3221225714/index.m3u8
呼和浩特新闻综合,https://livestream-bt.nmtv.cn/nmtv/2331general.m3u8?txSecret=70072e9dff1f4042fcefde5b001af668&txTime=771E8800
鄂尔多斯新闻综合,https://livestream-bt.nmtv.cn/nmtv/2349general.m3u8?txSecret=b7f46f8c1bcd9e2db3aa285e7afd6255&txTime=771E8800
巴彦淖尔新闻综合,https://livestream-bt.nmtv.cn/nmtv/2348general.m3u8?txSecret=7b16e82a11c42b867ae27383922ef7f9&txTime=771E8800
乌兰察布新闻综合,https://livestream-bt.nmtv.cn/nmtv/2354general.m3u8?txSecret=8bca81250fd7df3b633efcbb6150b0c6&txTime=771E8800
CGTN_英,http://cookies.elementfx.com/chaojidianshi/chaojidianshi.php?id=CGTN
Plus综合,http://cookies.elementfx.com/chaojidianshi/chaojidianshi.php?id=j2_twn
无线翡翠,http://cookies.elementfx.com/chaojidianshi/chaojidianshi.php?id=jade_twn
无线明珠,http://cookies.elementfx.com/chaojidianshi/chaojidianshi.php?id=pearl_twn
VIUTV粤,http://cookies.elementfx.com/chaojidianshi/chaojidianshi.php?id=viu1_twn
VIUTV英,http://cookies.elementfx.com/chaojidianshi/chaojidianshi.php?id=viusix_twn
天映马特,http://cookies.elementfx.com/chaojidianshi/chaojidianshi.php?id=Celestialindo
Astr爱奇,http://cookies.elementfx.com/chaojidianshi/chaojidianshi.php?id=Qiyi
AstrQJ国,http://cookies.elementfx.com/chaojidianshi/chaojidianshi.php?id=Quanjia
Astr欢喜,http://cookies.elementfx.com/chaojidianshi/chaojidianshi.php?id=Huahee
公视闽南,http://cookies.elementfx.com/chaojidianshi/chaojidianshi.php?id=ctv_taiwan
八大娱乐,http://cookies.elementfx.com/chaojidianshi/chaojidianshi.php?id=badaentertain_twn
华艺综合,http://cookies.elementfx.com/chaojidianshi/chaojidianshi.php?id=weishichinese
纬来综合,http://cookies.elementfx.com/chaojidianshi/chaojidianshi.php?id=videolandzonghe_twn
三立闽南,http://cookies.elementfx.com/chaojidianshi/chaojidianshi.php?id=sanlitaiwan
EYE-戏剧,http://cookies.elementfx.com/chaojidianshi/chaojidianshi.php?id=eyetvxiju_twn
EYE-旅游,http://cookies.elementfx.com/chaojidianshi/chaojidianshi.php?id=eyetvtravel_twn
ELTa影剧,http://cookies.elementfx.com/chaojidianshi/chaojidianshi.php?id=eltayingju_twn
ELTa综合,http://cookies.elementfx.com/chaojidianshi/chaojidianshi.php?id=eltazonghe_twn
Tvbs闽南,http://cookies.elementfx.com/chaojidianshi/chaojidianshi.php?id=tvbs
Tvbs欢乐,http://cookies.elementfx.com/chaojidianshi/chaojidianshi.php?id=tvbshuanle_twn
寰宇财经,http://cookies.elementfx.com/chaojidianshi/chaojidianshi.php?id=huanyutaiwan_twn
HBOHIts,http://cookies.elementfx.com/chaojidianshi/chaojidianshi.php?id=hbohits
HollyWo,http://cookies.elementfx.com/chaojidianshi/chaojidianshi.php?id=hollywoodmovies
CINEMA,http://cookies.elementfx.com/chaojidianshi/chaojidianshi.php?id=cinemax
靖天国际,http://cookies.elementfx.com/chaojidianshi/chaojidianshi.php?id=jingtianintl
年代新闻,http://cookies.elementfx.com/chaojidianshi/chaojidianshi.php?id=niandainews
好消息贰,http://cookies.elementfx.com/chaojidianshi/chaojidianshi.php?id=goods
大爱壹,http://cookies.elementfx.com/chaojidianshi/chaojidianshi.php?id=daai
大爱贰,http://cookies.elementfx.com/chaojidianshi/chaojidianshi.php?id=catchplay
亚洲美食,http://cookies.elementfx.com/chaojidianshi/chaojidianshi.php?id=afc
亚洲旅游,http://cookies.elementfx.com/chaojidianshi/chaojidianshi.php?id=tlc
阿里郎,http://cookies.elementfx.com/chaojidianshi/chaojidianshi.php?id=arirang
ELTa体壹,http://cookies.elementfx.com/chaojidianshi/chaojidianshi.php?id=eltasport1
ELTa体贰,http://cookies.elementfx.com/chaojidianshi/chaojidianshi.php?id=eltasport2
ELTa体叁,http://cookies.elementfx.com/chaojidianshi/chaojidianshi.php?id=eltasport3
博斯运壹,http://cookies.elementfx.com/chaojidianshi/chaojidianshi.php?id=bosisport1
博斯运贰,http://cookies.elementfx.com/chaojidianshi/chaojidianshi.php?id=bosisport2
博斯高球贰特,http://cookies.elementfx.com/chaojidianshi/chaojidianshi.php?id=bosigolf2
博斯网球,http://cookies.elementfx.com/chaojidianshi/chaojidianshi.php?id=bositennis
博斯无限,http://cookies.elementfx.com/chaojidianshi/chaojidianshi.php?id=bosiunlimited
MTv音乐,http://cookies.elementfx.com/chaojidianshi/chaojidianshi.php?id=mtvhd
靖天卡通,http://cookies.elementfx.com/chaojidianshi/chaojidianshi.php?id=jingtiancartoon
AFc-旅游,http://cookies.elementfx.com/chaojidianshi/chaojidianshi.php?id=asiatravel
佛山高明,http://php.jdshipin.com:8880/fstv.php?id=fsgm
佛山三水,http://php.jdshipin.com:8880/fstv.php?id=fsss
梅州生活,http://pili-live-hls.xianchangliving.gdmztv.com/meizhou-xianchangliving/mztv1.flv
梅州客家,http://pili-live-hls.xianchangliving.gdmztv.com/meizhou-xianchangliving/mztv2.flv
汕头体育,http://211.97.63.3:801/hls/80/index.m3u8
无线翡翠,http://1b6467f415.iok.la:9931/tsfile/live/1007_1.m3u8
广东经济,http://1b6467f415.iok.la:9931/tsfile/live/1016_1.m3u8
广东南方,http://1b6467f415.iok.la:9931/tsfile/live/1017_1.m3u8
CHC家庭,http://1b6467f415.iok.la:9931/tsfile/live/1046_1.m3u8
CHC动作,http://1b6467f415.iok.la:9931/tsfile/live/1047_1.m3u8
CHC,http://1b6467f415.iok.la:9931/tsfile/live/1126_1.m3u8
中国教育,http://1b6467f415.iok.la:9931/tsfile/live/1077_1.m3u8
内蒙古视,http://1b6467f415.iok.la:9931/tsfile/live/1085_1.m3u8
旅游卫视,http://1b6467f415.iok.la:9931/tsfile/live/1087_1.m3u8
三少卫视,http://1b6467f415.iok.la:9931/tsfile/live/1038_1.m3u8
每日影院,http://1b6467f415.iok.la:9931/tsfile/live/1045_1.m3u8
G 导视,http://1b6467f415.iok.la:9931/tsfile/live/1048_1.m3u8
五华1,http://1b6467f415.iok.la:9931/tsfile/live/1000_1.m3u8
梅县综合,http://1b6467f415.iok.la:9931/tsfile/live/1002_1.m3u8
梅州1,http://1b6467f415.iok.la:9931/tsfile/live/1003_1.m3u8
梅州2,http://1b6467f415.iok.la:9931/tsfile/live/1004_1.m3u8
蕉岭综合,http://1b6467f415.iok.la:9931/tsfile/live/1095_1.m3u8
优优宝贝,http://1b6467f415.iok.la:9931/tsfile/live/1096_1.m3u8
DBTV-1,http://1b6467f415.iok.la:9931/tsfile/live/1101_1.m3u8
梅州导视,http://1b6467f415.iok.la:9931/tsfile/live/1102_1.m3u8
冬奥纪实,http://1b6467f415.iok.la:9931/tsfile/live/1103_1.m3u8
惠州综合,http://1b6467f415.iok.la:9931/tsfile/live/1110_1.m3u8
现代教育,http://1b6467f415.iok.la:9931/tsfile/live/1112_1.m3u8
惠州公共,http://1b6467f415.iok.la:9931/tsfile/live/1114_1.m3u8
求索,http://1b6467f415.iok.la:9931/tsfile/live/1115_1.m3u8
汽摩,http://1b6467f415.iok.la:9931/tsfile/live/1119_1.m3u8
山歌台,http://1b6467f415.iok.la:9931/tsfile/live/1005_1.m3u8
广场舞,http://1b6467f415.iok.la:9931/tsfile/live/1006_1.m3u8
河源新闻综合,http://1b6467f415.iok.la:9931/tsfile/live/1121_1.m3u8
收视指南,http://1b6467f415.iok.la:9931/tsfile/live/1122_1.m3u8
魅力时尚,http://1b6467f415.iok.la:9931/tsfile/live/1123_1.m3u8
热播剧场,http://1b6467f415.iok.la:9931/tsfile/live/1124_1.m3u8
南方购物,http://1b6467f415.iok.la:9931/tsfile/live/1127_1.m3u8
中华特产,http://1b6467f415.iok.la:9931/tsfile/live/1128_1.m3u8
汕头一,http://1b6467f415.iok.la:9931/tsfile/live/1131_1.m3u8
汕头二,http://1b6467f415.iok.la:9931/tsfile/live/1132_1.m3u8
汕头三,http://1b6467f415.iok.la:9931/tsfile/live/1133_1.m3u8
黑龙江视,http://221.221.153.193:8888/rtp/239.3.1.133:8016
内蒙古视,http://221.221.153.193:8888/rtp/239.3.1.43:8176
BRTV新闻,http://221.221.153.193:8888/rtp/239.3.1.159:8000
BRTV影视,http://221.221.153.193:8888/rtp/239.3.1.158:8000
BRTV文艺,http://221.221.153.193:8888/rtp/239.3.1.242:8000
BRTV财经,http://221.221.153.193:8888/rtp/239.3.1.116:8000
BRTV生活,http://221.221.153.193:8888/rtp/239.3.1.117:8000
BRTV青年,http://221.221.153.193:8888/
BRTV科教,http://221.221.153.193:8888/rtp/239.3.1.115:8000
BRTV少儿,http://221.221.153.193:8888/rtp/239.3.1.189:8000
BRTV国际,http://221.221.153.193:8888/rtp/239.3.1.235:8000
星影,http://221.221.153.193:8888/rtp/239.3.1.94:4120
动作影院,http://221.221.153.193:8888/rtp/239.3.1.92:4120
光影,http://221.221.153.193:8888/rtp/239.3.1.84:4120
喜剧影院,http://221.221.153.193:8888/rtp/239.3.1.91:4120
精选,http://221.221.153.193:8888/rtp/239.3.1.74:4120
纪实人文,http://221.221.153.193:8888/rtp/239.3.1.212:8060
地理,http://221.221.153.193:8888/rtp/239.3.1.71:4120
朝阳融媒,http://221.221.153.193:8888/rtp/239.3.1.163:8001
通州融媒,http://221.221.153.193:8888/rtp/239.3.1.221:8001
密云电视,http://221.221.153.193:8888/rtp/239.3.1.154:8001
延庆电视,http://221.221.153.193:8888/rtp/239.3.1.187:8001
房山电视,http://221.221.153.193:8888/rtp/239.3.1.96:8001
大健康,http://221.221.153.193:8888/rtp/239.3.1.251:8001
热播剧场,http://221.221.153.193:8888/rtp/239.3.1.194:9020
解密,http://221.221.153.193:8888/rtp/239.3.1.75:4120
军事,http://221.221.153.193:8888/rtp/239.3.1.76:4120
动画,http://221.221.153.193:8888/rtp/239.3.1.80:4120
台球,http://221.221.153.193:8888/rtp/239.3.1.85:4120
国学,http://221.221.153.193:8888/rtp/239.3.1.77:4120
城市剧场,http://221.221.153.193:8888/rtp/239.3.1.67:4120
墨宝,http://221.221.153.193:8888/rtp/239.3.1.83:4120
好学生,http://221.221.153.193:8888/rtp/239.3.1.81:4120
戏曲,http://221.221.153.193:8888/rtp/239.3.1.78:4120
收视指南,http://221.221.153.193:8888/rtp/239.3.1.193:8012
早教,http://221.221.153.193:8888/rtp/239.3.1.79:4120
武侠剧场,http://221.221.153.193:8888/rtp/239.3.1.90:4120
武术,http://221.221.153.193:8888/rtp/239.3.1.87:4120
爱生活,http://221.221.153.193:8888/rtp/239.3.1.86:4120
美人,http://221.221.153.193:8888/rtp/239.3.1.73:4120
美妆,http://221.221.153.193:8888/rtp/239.3.1.72:4120
鉴赏,http://221.221.153.193:8888/rtp/239.3.1.82:4120
高网,http://221.221.153.193:8888/rtp/239.3.1.88:4120
魅力时尚,http://221.221.153.193:8888/rtp/239.3.1.196:9012
邵阳县电视,http://iptvcyp.top:9901/tsfile/live/1017_1.m3u8?key=txiptv&playlive=1&authid=0
邵阳公共,http://iptvcyp.top:9901/tsfile/live/1018_1.m3u8?key=txiptv&playlive=1&authid=0
邵阳新闻,http://iptvcyp.top:9901/tsfile/live/1019_1.m3u8?key=txiptv&playlive=1&authid=0
CHC电影,http://iptvcyp.top:9901/tsfile/live/1033_1.m3u8?key=txiptv&playlive=1&authid=0
政法,http://iptvcyp.top:9901/tsfile/live/1040_1.m3u8?key=txiptv&playlive=1&authid=0
中国气象,http://iptvcyp.top:9901/tsfile/live/1061_1.m3u8?key=txiptv&playlive=1&authid=0
家有购物,http://iptvcyp.top:9901/tsfile/live/1068_1.m3u8?key=txiptv&playlive=1&authid=0
影视,http://36.35.16.98:9901/tsfile/live/0001_36.m3u8?key=txiptv&playlive=0&authid=0
综艺,http://36.35.16.98:9901/tsfile/live/0001_38.m3u8?key=txiptv&playlive=0&authid=0
经济生活,http://36.35.16.98:9901/tsfile/live/0001_35.m3u8?key=txiptv&playlive=0&authid=0
科教,http://36.35.16.98:9901/tsfile/live/0001_39.m3u8?key=txiptv&playlive=0&authid=0
公共,http://36.35.16.98:9901/tsfile/live/0001_37.m3u8?key=txiptv&playlive=0&authid=0
旅游卫视,http://36.35.16.98:9901/tsfile/live/0001_10.m3u8?key=txiptv&playlive=0&authid=0
CGTN espsnol,http://1.82.144.44:4022/rtp/239.111.205.33:5140
CGTN francais,http://1.82.144.44:4022/rtp/239.111.205.34:5140
陕视直播,http://1.82.144.44:4022/rtp/239.112.205.217:5140
新闻资讯,http://1.82.144.44:4022/rtp/239.111.205.28:5140
都市青春,http://1.82.144.44:4022/rtp/239.111.205.42:5140
西部电影,http://1.82.144.44:4022/rtp/239.111.205.41:5140
乐家购物,http://1.82.144.44:4022/rtp/239.112.205.23:5140
都市,http://1.82.144.44:4022/rtp/239.111.205.243:5140
商务资讯,http://1.82.144.44:4022/rtp/239.112.205.174:5140
影视,http://1.82.144.44:4022/rtp/239.112.205.175:5140
丝路,http://1.82.144.44:4022/rtp/239.112.205.176:5140
圆点导视,http://1.82.144.44:4022/rtp/239.112.205.237:5140
圆点生活,http://1.82.144.44:4022/rtp/239.111.205.15:5140
圆点影视,http://1.82.144.44:4022/rtp/239.111.205.64:5140
悦美生活,http://1.82.144.44:4022/rtp/239.111.205.30:5140
曲艺大观,http://1.82.144.44:4022/rtp/239.111.205.31:5140
睛彩三秦,http://1.82.144.44:4022/rtp/239.112.205.26:5140
家有购物,http://1.82.144.44:4022/rtp/239.112.205.155:5140
好享购物,http://1.82.144.44:4022/rtp/239.112.205.156:5140
风尚购物,http://1.82.144.44:4022/rtp/239.112.205.212:5140
生态环境,http://1.82.144.44:4022/rtp/239.111.205.60:5140
优优宝贝,http://1.82.144.44:4022/rtp/239.111.205.62:5140
车迷,http://1.82.144.44:4022/rtp/239.111.205.63:5140
纪实人文,http://1.82.144.44:4022/rtp/239.112.205.204:5140
百事直播,http://1.82.144.44:4022/rtp/239.111.205.20:5140
百事直播,http://1.82.144.44:4022/rtp/239.111.205.21:5140
百事直播,http://1.82.144.44:4022/rtp/239.111.205.22:5140
百事直播,http://1.82.144.44:4022/rtp/239.111.205.23:5140
百事直播,http://1.82.144.44:4022/rtp/239.111.205.25:5140
百事直播,http://1.82.144.44:4022/rtp/239.111.205.43:5140
百事直播,http://1.82.144.44:4022/rtp/239.111.205.47:5140
百事直播,http://1.82.144.44:4022/rtp/239.111.205.49:5140
百事直播,http://1.82.144.44:4022/rtp/239.111.205.202:5140
百事直播,http://1.82.144.44:4022/rtp/239.111.205.203:5140
黑龙江卫,http://60.189.43.82:9999/rtp/233.50.201.115:5140
内蒙古卫,http://60.189.43.82:9999/rtp/233.50.201.148:5140
CGTN-西班牙语,http://60.189.43.82:9999/rtp/233.50.201.36:5140
CGTN-阿拉伯语,http://60.189.43.82:9999/rtp/233.50.201.38:5140
钱江,http://60.189.43.82:9999/rtp/233.50.201.132:5140
杭州1综合,http://60.189.43.82:9999/rtp/233.50.201.173:5140
杭州2明珠,http://60.189.43.82:9999/rtp/233.50.201.174:5140
杭州3生活,http://60.189.43.82:9999/rtp/233.50.201.175:5140
杭州4影视,http://60.189.43.82:9999/rtp/233.50.201.176:5140
杭州5青少,http://60.189.43.82:9999/rtp/233.50.201.177:5140
极速汽车,http://60.189.43.82:9999/rtp/233.50.201.208:5140
温州新闻,http://60.189.43.82:9999/rtp/233.50.201.87:5140
衢州新闻,http://60.189.43.82:9999/rtp/233.50.201.155:5140
台州-1,http://60.189.43.82:9999/rtp/233.50.201.157:5140
金华新闻,http://60.189.43.82:9999/rtp/233.50.201.161:5140
嘉兴新闻,http://60.189.43.82:9999/rtp/233.50.201.163:5140
桐乡新闻,http://60.189.43.82:9999/rtp/233.50.201.169:5140
优优宝贝,http://60.189.43.82:9999/rtp/233.50.202.24:5140
YMG新闻,http://60.189.43.82:9999//rtp/233.50.201.159:5140
法制天地,http://60.189.43.82:9999/rtp/233.50.201.191:5140
BesTV,http://60.189.43.82:9999/rtp/233.50.201.201:5140
中国蓝直播,http://60.189.43.82:9999/rtp/233.50.201.193:5140
电视购物,http://60.189.43.82:9999/rtp/233.50.201.248:5140
家有购物,http://60.189.43.82:9999/rtp/233.50.201.90:5140
游戏,http://60.189.43.82:9999/rtp/233.50.201.207:5140
游戏,http://60.189.43.82:9999/rtp/233.50.201.215:5140
未知,http://60.189.43.82:9999/rtp/233.50.201.224:5140
中国蓝直播,http://60.189.43.82:9999/rtp/233.50.201.108:5140
浙江之声广播,http://60.189.43.82:9999/rtp/233.50.201.79:5140
浙江新闻广播,http://60.189.43.82:9999/rtp/233.50.201.80:5140
经济广播,http://60.189.43.82:9999/rtp/233.50.201.81:5140
交通之声广播,http://60.189.43.82:9999/rtp/233.50.201.83:5140
旅游之声广播,http://60.189.43.82:9999/rtp/233.50.201.84:5140
城市之声广播,http://60.189.43.82:9999/rtp/233.50.201.85:5140
民生资讯广播,http://60.189.43.82:9999/rtp/233.50.201.86:5140
内蒙古视,http://58.57.21.166:9901/tsfile/live/0109_1.m3u8
黑龙江视,http://58.57.21.166:9901/tsfile/live/0143_1.m3u8
CGTN德语,http://e1.woc.iiiya.cn:8888/rtp/239.61.3.43:9776
CHC动作,http://e1.woc.iiiya.cn:8888/rtp/239.61.3.16:9616
湾区卫视,http://e1.woc.iiiya.cn:8888/rtp/239.61.3.5:9548
黑龙江视,http://e1.woc.iiiya.cn:8888/rtp/239.61.2.34:8198
内蒙古视,http://e1.woc.iiiya.cn:8888/rtp/239.61.2.226:9344
中国气像,http://e1.woc.iiiya.cn:8888/rtp/239.61.2.64:8378
纪实人文,http://e1.woc.iiiya.cn:8888/rtp/239.61.2.165:8978
中华特产,http://e1.woc.iiiya.cn:8888/rtp/239.61.3.72:9950
车迷,http://e1.woc.iiiya.cn:8888/rtp/239.61.3.64:9902
优优宝贝,http://e1.woc.iiiya.cn:8888/rtp/239.61.3.70:9938
生态环境,http://e1.woc.iiiya.cn:8888/rtp/239.61.3.68:9926
家庭理财,http://e1.woc.iiiya.cn:8888/rtp/239.61.3.67:9920
证券服务,http://e1.woc.iiiya.cn:8888/rtp/239.61.3.71:9944
茶道,http://e1.woc.iiiya.cn:8888/rtp/239.61.3.59:9872
文物宝库,http://e1.woc.iiiya.cn:8888/rtp/239.61.3.21:9646
快乐购物,http://e1.woc.iiiya.cn:8888/rtp/239.61.2.169:9002
央广购物,http://e1.woc.iiiya.cn:8888/rtp/239.61.2.220:9308
福建电视,http://e1.woc.iiiya.cn:8888/rtp/239.61.2.5:8024
福建教育,http://e1.woc.iiiya.cn:8888/rtp/239.61.2.173:9026
厦门1套,http://e1.woc.iiiya.cn:8888/rtp/239.61.3.55:9848
厦门2套,http://e1.woc.iiiya.cn:8888/rtp/239.61.3.56:9854
河北生活,http://121.24.98.127:8090/hls/26/index.m3u8
河北收视指南,http://121.24.98.127:8090/hls/44/index.m3u8
文物宝库,http://121.24.98.127:8090/hls/47/index.m3u8
旅游卫视,http://121.24.98.127:8090/hls/52/index.m3u8
河北杂技,http://121.24.98.127:8090/hls/60/index.m3u8
永年新闻综合,http://121.24.98.127:8090/hls/62/index.m3u8
健康,http://121.24.98.127:8090/hls/63/index.m3u8
永年民生,http://121.24.98.127:8090/hls/64/index.m3u8
永年影视,http://121.24.98.127:8090/hls/65/index.m3u8
陶瓷,http://121.24.98.127:8090/hls/66/index.m3u8
三佳购物,http://121.24.98.127:8090/hls/69/index.m3u8
上海东方,http://121.24.98.127:8090/hls/77/index.m3u8
海南旅游,http://121.24.98.127:8090/hls/80/index.m3u8
经典港片,http://121.24.98.127:8090/r/baiducdnct.inter.iqiyi.com/tslive/c15_lb_jingdianguangpian_1080p_t10/c15_lb_jingdianguangpian_1080p_t10.m3u8
动画电影,http://121.24.98.127:8090/r/baiducdnct.inter.iqiyi.com/tslive/c16_lb_donghuadianying_1080p_t10/c16_lb_donghuadianying_1080p_t10.m3u8
华语院线,http://121.24.98.127:8090/r/baiducdnct.inter.iqiyi.com/tslive/c16_lb_huayuyuanxian_1080p_t10/c16_lb_huayuyuanxian_1080p_t10.m3u8
周末影院,http://121.24.98.127:8090/r/baiducdnct.inter.iqiyi.com/tslive/c16_lb_fengxiaogang_1080p_t10/c16_lb_fengxiaogang_1080p_t10.m3u8
青春剧场,http://121.24.98.127:8090/r/baiducdnct.inter.iqiyi.com/tslive/c15_lb_weizhangzhe_1080p_t10/c15_lb_weizhangzhe_1080p_t10.m3u8
宫廷正剧,http://121.24.98.127:8090/r/baiducdnct.inter.iqiyi.com/tslive/c15_lb_niandaijuchang_1080p_t10/c15_lb_niandaijuchang_1080p_t10.m3u8
抗战剧场,http://121.24.98.127:8090/r/baiducdnct.inter.iqiyi.com/tslive/c15_lb_kangzhanjuchang_1080p_t10/c15_lb_kangzhanjuchang_1080p_t10.m3u8
历史秘闻,http://121.24.98.127:8090/r/baiducdnct.inter.iqiyi.com/tslive/c15_lb_lishimiwen_1080p_t10/c15_lb_lishimiwen_1080p_t10.m3u8
军事观察,http://121.24.98.127:8090/r/baiducdnct.inter.iqiyi.com/tslive/c16_lb_junshinew_1080p_t10/c16_lb_junshinew_1080p_t10.m3u8
童年经典,http://121.24.98.127:8090/r/baiducdnct.inter.iqiyi.com/tslive/c15_lb_balalaxiaomoxian_1080p_t10/c15_lb_balalaxiaomoxian_1080p_t10.m3u8
儿童乐园,http://121.24.98.127:8090/r/baiducdnct.inter.iqiyi.com/tslive/c15_lb_dongmantiandi_1080p_t10/c15_lb_dongmantiandi_1080p_t10.m3u8
亲子启蒙,http://121.24.98.127:8090/r/baiducdnct.inter.iqiyi.com/tslive/c16_lb_qinziqimeng_1080p_t10/c16_lb_qinziqimeng_1080p_t10.m3u8
相声小品,http://121.24.98.127:8090/hls/101/index.m3u8
魅力时尚,http://121.24.98.127:8090/hls/102/index.m3u8
热播剧场,http://121.24.98.127:8090/hls/104/index.m3u8
野外,http://121.24.98.127:8090/hls/106/index.m3u8
纪实人文,http://121.24.98.127:8090/hls/108/index.m3u8
测试-1,http://121.24.98.127:8090/hls/109/index.m3u8
测试-2,http://121.24.98.127:8090/hls/110/index.m3u8
测试-3,http://121.24.98.127:8090/hls/111/index.m3u8
中文国际欧洲,http://www.furymax.top:85/rtp/239.69.1.231:11028
中文国际美洲,http://www.furymax.top:85/rtp/239.69.1.232:11034
CGTN记录片,http://www.furymax.top:85/rtp/239.69.1.233:11040
BestTV测试1-4K,http://www.furymax.top:85/rtp/239.69.1.26:9796
BestTV测试2-4K,http://www.furymax.top:85/rtp/239.69.1.27:9802
BestTV测试3-4K,http://www.furymax.top:85/rtp/239.69.1.25:9790
CHC-电影,http://www.furymax.top:85/rtp/239.69.1.241:11088
蔡甸综合,http://www.furymax.top:85/rtp/239.69.1.245:11112
阳新综合,http://www.furymax.top:85/rtp/239.69.1.34:9844
房县综合,http://www.furymax.top:85/rtp/239.69.1.192:10794
内蒙古视,http://116.117.107.53:8096/tsfile/live/0018_1.m3u8
黑龙江视,http://116.117.107.53:8096/tsfile/live/0143_1.m3u8
IPTV 6+,http://116.117.107.53:8096/tsfile/live/1010_1.m3u8
赛事1,http://38.46.221.138:80/play/k5lvOv0C4KhOqVNwrzJ7JKvcx6G4p7DzwlZ22coZD8I/m3u8
赛事2,http://38.46.221.138:80/play/k5lvOv0C4KhOqVNwrzJ7JBt1BcF991jciiqHsbfL9Uc/m3u8
赛事3,http://38.46.221.138:80/play/k5lvOv0C4KhOqVNwrzJ7JFdCjqZSWOCxIYDRrsQsKsM/m3u8
赛事4,http://38.46.221.138:80/play/k5lvOv0C4KhOqVNwrzJ7JEFmaUfCKCUWMTrtC3EMi5Q/m3u8
赛事5,http://38.46.221.138:80/play/k5lvOv0C4KhOqVNwrzJ7JGsdEpZPdc5RqpJhtdXv0vg/m3u8
赛事6,http://38.46.221.138:80/play/k5lvOv0C4KhOqVNwrzJ7JNwukPMx8fEfQoWluDSf8dE/m3u8
赛事7,http://38.46.221.138:80/play/k5lvOv0C4KhOqVNwrzJ7JIOfZUp6Zmuen5IsTsLp1ZI/m3u8
赛事8,http://38.46.221.138:80/play/k5lvOv0C4KhOqVNwrzJ7JI-fOEV0uLRFbMDOVMMBiVo/m3u8
赛事9,http://38.46.221.138:80/play/k5lvOv0C4KhOqVNwrzJ7JJv0AiT7M6Mtta2E4vXGnJo/m3u8
赛事10,http://38.46.221.138:80/play/k5lvOv0C4KhOqVNwrzJ7JM6QjFM_B12v3JDe6OShMac/m3u8
赛事11,http://38.46.221.138:80/play/k5lvOv0C4KhOqVNwrzJ7JAInNEs8EA0yzZDRKpyvcS4/m3u8
赛事12,http://38.46.221.138:80/play/k5lvOv0C4KhOqVNwrzJ7JKQvMUx7gmJfdoKmotNpFvE/m3u8
赛事13,http://38.46.221.138:80/play/k5lvOv0C4KhOqVNwrzJ7JIMYsT6hRPXeUZSElVYOXUg/m3u8
赛事14,http://38.46.221.138:80/play/k5lvOv0C4KhOqVNwrzJ7JI87hlk8gYrLJe-rB34Bu_U/m3u8
赛事15,http://38.46.221.138:80/play/k5lvOv0C4KhOqVNwrzJ7JAU7rkfPYQKKQm_qxzGExmY/m3u8
赛事16,http://38.46.221.138:80/play/k5lvOv0C4KhOqVNwrzJ7JKDBQglr_R2mnzIXiN4LxJc/m3u8
赛事17,http://38.46.221.138:80/play/k5lvOv0C4KhOqVNwrzJ7JD67Eu97mPFCYC6WwO5W79w/m3u8
赛事18,http://38.46.221.138:80/play/k5lvOv0C4KhOqVNwrzJ7JBijOTPxzvPPospUXRSjvXA/m3u8
赛事19,http://38.46.221.138:80/play/k5lvOv0C4KhOqVNwrzJ7JE2nDTSYOGGeuVYNyQvXwV4/m3u8
赛事20,http://38.46.221.138:80/play/k5lvOv0C4KhOqVNwrzJ7JBU_qx4HWUlEHJGcZ0GQ_z8/m3u8
赛事21,http://38.46.221.138:80/play/k5lvOv0C4KhOqVNwrzJ7JNSnePTTibe_ebio54g82GI/m3u8
赛事22,http://38.46.221.138:80/play/k5lvOv0C4KhOqVNwrzJ7JIiAmPLj2TzCVXbL9r8azvQ/m3u8
赛事23,http://38.46.221.138:80/play/k5lvOv0C4KhOqVNwrzJ7JL_410N_6ZYp7I3rLptRCYs/m3u8
赛事24,http://38.46.221.138:80/play/k5lvOv0C4KhOqVNwrzJ7JGYXKRLsSWhbBGMUsS7GMdM/m3u8
赛事25,http://38.46.221.138:80/play/k5lvOv0C4KhOqVNwrzJ7JDDHeGesm1lwJEJFsuVjehE/m3u8
赛事26,http://38.46.221.138:80/play/k5lvOv0C4KhOqVNwrzJ7JM0_AG9AJgwLAYprYIW2cvA/m3u8
赛事27,http://38.46.221.138:80/play/k5lvOv0C4KhOqVNwrzJ7JDKWVvzgVbVCvBXINllGPrI/m3u8
赛事28,http://38.46.221.138:80/play/k5lvOv0C4KhOqVNwrzJ7JHU2-4o9zLCp9D09gTUud0c/m3u8
赛事29,http://38.46.221.138:80/play/k5lvOv0C4KhOqVNwrzJ7JJgGVIk-2s_G9zr02SqXjz8/m3u8
赛事30,http://38.46.221.138:80/play/k5lvOv0C4KhOqVNwrzJ7JNPvwWlQsqZLfjaCZ0xMss0/m3u8
赛事31,http://38.46.221.138:80/play/k5lvOv0C4KhOqVNwrzJ7JI3EW4xwypRH9JqyvP05RE8/m3u8
赛事32,http://38.46.221.138:80/play/k5lvOv0C4KhOqVNwrzJ7JGkerAWpO0NwSg2QQazRjv4/m3u8
赛事33,http://38.46.221.138:80/play/k5lvOv0C4KhOqVNwrzJ7JKzIKMIzDJuYGnBqsIJs630/m3u8
赛事34,http://38.46.221.138:80/play/k5lvOv0C4KhOqVNwrzJ7JGKqGAGddJqBGX6vQRbs6Gc/m3u8
赛事35,http://38.46.221.138:80/play/k5lvOv0C4KhOqVNwrzJ7JDxm-xEAwjrvOL21I8vWJQQ/m3u8
赛事36,http://38.46.221.138:80/play/k5lvOv0C4KhOqVNwrzJ7JARcQeFq19EHcFe2XrNBXfQ/m3u8
赛事37,http://38.46.221.138:80/play/k5lvOv0C4KhOqVNwrzJ7JDvRcbV9TCqjR33TgbTNLJM/m3u8
赛事38,http://38.46.221.138:80/play/k5lvOv0C4KhOqVNwrzJ7JHEla-Nk3rP7OHZzWhgPl5s/m3u8
赛事39,http://38.46.221.138:80/play/k5lvOv0C4KhOqVNwrzJ7JKQhcKeKeFX3rr4VTv5FSas/m3u8
赛事40,http://38.46.221.138:80/play/k5lvOv0C4KhOqVNwrzJ7JLm1TDpN3G5CydJ-0OMsnmA/m3u8
赛事41,http://38.46.221.138:80/play/k5lvOv0C4KhOqVNwrzJ7JM96qVgQR0OhWHK2_mpFXMU/m3u8
赛事42,http://38.46.221.138:80/play/k5lvOv0C4KhOqVNwrzJ7JGZI0356DPEi0k0-qvwVqe4/m3u8
赛事43,http://38.46.221.138:80/play/k5lvOv0C4KhOqVNwrzJ7JNOSZIOnC8zY5t6dautAnvA/m3u8
赛事44,http://38.46.221.138:80/play/k5lvOv0C4KhOqVNwrzJ7JLSy46OLGLYxusyrV-A21g8/m3u8
赛事45,http://38.46.221.138:80/play/k5lvOv0C4KhOqVNwrzJ7JPVBTiss-9UHXe4GBlP71lg/m3u8
移动直播-1-4K,http://gslbserv.itv.cmvideo.cn:80/3000000010000005180/index.m3u8?channel-id=FifastbLive&Contentid=3000000010000005180&livemode=1&stbId=3
移动直播-2-4K,http://gslbserv.itv.cmvideo.cn:80/3000000010000015686/index.m3u8?channel-id=FifastbLive&Contentid=3000000010000015686&livemode=1&stbId=3
移动中文,http://gslbserv.itv.cmvideo.cn:80/3000000010000011297/index.m3u8?channel-id=FifastbLive&Contentid=3000000010000011297&livemode=1&stbId=3
移动直播-2,http://gslbserv.itv.cmvideo.cn:80/3000000001000005969/index.m3u8?channel-id=FifastbLive&Contentid=3000000001000005969&livemode=1&stbId=3
移动直播-3,http://gslbserv.itv.cmvideo.cn:80/3000000001000007218/index.m3u8?channel-id=FifastbLive&Contentid=3000000001000007218&livemode=1&stbId=3
移动直播-4,http://gslbserv.itv.cmvideo.cn:80/3000000001000008001/index.m3u8?channel-id=FifastbLive&Contentid=3000000001000008001&livemode=1&stbId=3
移动直播-5,http://gslbserv.itv.cmvideo.cn:80/3000000001000008176/index.m3u8?channel-id=FifastbLive&Contentid=3000000001000008176&livemode=1&stbId=3
移动直播-6,http://gslbserv.itv.cmvideo.cn:80/3000000001000008379/index.m3u8?channel-id=FifastbLive&Contentid=3000000001000008379&livemode=1&stbId=3
移动直播-7,http://gslbserv.itv.cmvideo.cn:80/3000000001000010129/index.m3u8?channel-id=FifastbLive&Contentid=3000000001000010129&livemode=1&stbId=3
移动直播-8,http://gslbserv.itv.cmvideo.cn:80/3000000001000010948/index.m3u8?channel-id=FifastbLive&Contentid=3000000001000010948&livemode=1&stbId=3
移动直播-9,http://gslbserv.itv.cmvideo.cn:80/3000000001000026778/index.m3u8?channel-id=FifastbLive&Contentid=3000000001000026778&livemode=1&stbId=3
移动直播-10,http://gslbserv.itv.cmvideo.cn:80/3000000001000028638/index.m3u8?channel-id=FifastbLive&Contentid=3000000001000028638&livemode=1&stbId=3
移动直播-11,http://gslbserv.itv.cmvideo.cn:80/3000000001000031494/index.m3u8?channel-id=FifastbLive&Contentid=3000000001000031494&livemode=1&stbId=3
移动直播-12,http://gslbserv.itv.cmvideo.cn:80/3000000010000000097/index.m3u8?channel-id=FifastbLive&Contentid=3000000010000000097&livemode=1&stbId=3
移动直播-13,http://gslbserv.itv.cmvideo.cn:80/3000000010000002019/index.m3u8?channel-id=FifastbLive&Contentid=3000000010000002019&livemode=1&stbId=3
移动直播-14,http://gslbserv.itv.cmvideo.cn:80/3000000010000002032/index.m3u8?channel-id=FifastbLive&Contentid=3000000010000002032&livemode=1&stbId=3
移动直播-15,http://gslbserv.itv.cmvideo.cn:80/3000000010000002809/index.m3u8?channel-id=FifastbLive&Contentid=3000000010000002809&livemode=1&stbId=3
移动直播-16,http://gslbserv.itv.cmvideo.cn:80/3000000010000003915/index.m3u8?channel-id=FifastbLive&Contentid=3000000010000003915&livemode=1&stbId=3
移动直播-17,http://gslbserv.itv.cmvideo.cn:80/3000000010000004193/index.m3u8?channel-id=FifastbLive&Contentid=3000000010000004193&livemode=1&stbId=3
移动直播-18,http://gslbserv.itv.cmvideo.cn:80/3000000010000004464/index.m3u8?channel-id=FifastbLive&Contentid=3000000010000004464&livemode=1&stbId=3
移动直播-19,http://gslbserv.itv.cmvideo.cn:80/3000000010000005837/index.m3u8?channel-id=FifastbLive&Contentid=3000000010000005837&livemode=1&stbId=3
移动直播-20,http://gslbserv.itv.cmvideo.cn:80/3000000010000006077/index.m3u8?channel-id=FifastbLive&Contentid=3000000010000006077&livemode=1&stbId=3
移动直播-21,http://gslbserv.itv.cmvideo.cn:80/3000000010000006658/index.m3u8?channel-id=FifastbLive&Contentid=3000000010000006658&livemode=1&stbId=3
移动直播-22,http://gslbserv.itv.cmvideo.cn:80/3000000010000006944/index.m3u8?channel-id=FifastbLive&Contentid=3000000010000006944&livemode=1&stbId=3
移动直播-23,http://gslbserv.itv.cmvideo.cn:80/3000000010000007692/index.m3u8?channel-id=FifastbLive&Contentid=3000000010000007692&livemode=1&stbId=3
移动直播-24,http://gslbserv.itv.cmvideo.cn:80/3000000010000009788/index.m3u8?channel-id=FifastbLive&Contentid=3000000010000009788&livemode=1&stbId=3
移动直播-25,http://gslbserv.itv.cmvideo.cn:80/3000000010000010833/index.m3u8?channel-id=FifastbLive&Contentid=3000000010000010833&livemode=1&stbId=3
移动直播-26,http://gslbserv.itv.cmvideo.cn:80/3000000010000011112/index.m3u8?channel-id=FifastbLive&Contentid=3000000010000011112&livemode=1&stbId=3
移动直播-28,http://gslbserv.itv.cmvideo.cn:80/3000000010000011518/index.m3u8?channel-id=FifastbLive&Contentid=3000000010000011518&livemode=1&stbId=3
移动直播-29,http://gslbserv.itv.cmvideo.cn:80/3000000010000011763/index.m3u8?channel-id=FifastbLive&Contentid=3000000010000011763&livemode=1&stbId=3
移动直播-30,http://gslbserv.itv.cmvideo.cn:80/3000000010000011873/index.m3u8?channel-id=FifastbLive&Contentid=3000000010000011873&livemode=1&stbId=3
移动直播-31,http://gslbserv.itv.cmvideo.cn:80/3000000010000012398/index.m3u8?channel-id=FifastbLive&Contentid=3000000010000012398&livemode=1&stbId=3
移动直播-32,http://gslbserv.itv.cmvideo.cn:80/3000000010000012450/index.m3u8?channel-id=FifastbLive&Contentid=3000000010000012450&livemode=1&stbId=3
移动直播-33,http://gslbserv.itv.cmvideo.cn:80/3000000010000012558/index.m3u8?channel-id=FifastbLive&Contentid=3000000010000012558&livemode=1&stbId=3
移动直播-34,http://gslbserv.itv.cmvideo.cn:80/3000000010000012616/index.m3u8?channel-id=FifastbLive&Contentid=3000000010000012616&livemode=1&stbId=3
移动直播-35,http://gslbserv.itv.cmvideo.cn:80/3000000010000015470/index.m3u8?channel-id=FifastbLive&Contentid=3000000010000015470&livemode=1&stbId=3
移动直播-36,http://gslbserv.itv.cmvideo.cn:80/3000000010000015560/index.m3u8?channel-id=FifastbLive&Contentid=3000000010000015560&livemode=1&stbId=3
移动直播-37,http://gslbserv.itv.cmvideo.cn:80/3000000010000017389/index.m3u8?channel-id=FifastbLive&Contentid=3000000010000017389&livemode=1&stbId=3
移动直播-38,http://gslbserv.itv.cmvideo.cn:80/3000000010000017678/index.m3u8?channel-id=FifastbLive&Contentid=3000000010000017678&livemode=1&stbId=3
移动直播-39,http://gslbserv.itv.cmvideo.cn:80/3000000010000017997/index.m3u8?channel-id=FifastbLive&Contentid=3000000010000017997&livemode=1&stbId=3
移动直播-40,http://gslbserv.itv.cmvideo.cn:80/3000000010000019380/index.m3u8?channel-id=FifastbLive&Contentid=3000000010000019380&livemode=1&stbId=3
移动直播-41,http://gslbserv.itv.cmvideo.cn:80/3000000010000019839/index.m3u8?channel-id=FifastbLive&Contentid=3000000010000019839&livemode=1&stbId=3
移动直播-42,http://gslbserv.itv.cmvideo.cn:80/3000000010000020168/index.m3u8?channel-id=FifastbLive&Contentid=3000000010000020168&livemode=1&stbId=3
移动直播-43,http://gslbserv.itv.cmvideo.cn:80/3000000010000021904/index.m3u8?channel-id=FifastbLive&Contentid=3000000010000021904&livemode=1&stbId=3
移动直播-44,http://gslbserv.itv.cmvideo.cn:80/3000000010000023434/index.m3u8?channel-id=FifastbLive&Contentid=3000000010000023434&livemode=1&stbId=3
移动直播-45,http://gslbserv.itv.cmvideo.cn:80/3000000010000024205/index.m3u8?channel-id=FifastbLive&Contentid=3000000010000024205&livemode=1&stbId=3
移动直播-46,http://gslbserv.itv.cmvideo.cn:80/3000000010000024691/index.m3u8?channel-id=FifastbLive&Contentid=3000000010000024691&livemode=1&stbId=3
移动直播-47,http://gslbserv.itv.cmvideo.cn:80/3000000010000025380/index.m3u8?channel-id=FifastbLive&Contentid=3000000010000025380&livemode=1&stbId=3
移动直播-49,http://gslbserv.itv.cmvideo.cn:80/3000000010000027318/index.m3u8?channel-id=FifastbLive&Contentid=3000000010000027318&livemode=1&stbId=3
移动直播-51,http://gslbserv.itv.cmvideo.cn:80/3000000010000027691/index.m3u8?channel-id=FifastbLive&Contentid=3000000010000027691&livemode=1&stbId=3
移动直播-52,http://gslbserv.itv.cmvideo.cn:80/3000000010000031669/index.m3u8?channel-id=FifastbLive&Contentid=3000000010000031669&livemode=1&stbId=3
麻将竞技君,http://www.52sw.top:678/play/huya.php?id=29839772
四川麻将联赛,http://www.52sw.top:678/play/huya.php?id=29851941
CBA体育,http://live-cmvideo.cmread.com:80/migu/lunbo/cba/57/20230310/01.m3u8?msisdn=&mtv_session=&HlsSubType=1&HlsProfileId=1&nphaid=0&encrypt=261360ecdd41429ba089515be68c33d9
体育,http://live-cmvideo.cmread.com:80/wd_r2/virtuallive/tysy201903/150/01.m3u8?msisdn=&mtv_session=&HlsSubType=1&HlsProfileId=1&nphaid=0&encrypt=d71afdb4433cfb1ced90779b543d1dee
央视高网,http://[2409:8087:4c0a:22:1::11]:6410/170000001115/UmaiCHAN63807743b61bb/1.m3u8?m3u8_level=2
美国摔跤,https://d2p372oxiwmcn1.cloudfront.net:443/hls/1080p/playlist.m3u8
斗地主,http://live-cmvideo.cmread.com:80/wd_r4/virtuallive/5101059662/150/01.m3u8?msisdn=&mtv_session=&HlsSubType=1&HlsProfileId=1&nphaid=0&encrypt=86ee7113f215743d9b9272c072214c3c
王者荣耀,http://tc-tct.douyucdn2.cn/dyliveflv1a/1863767rkpl2_2000p.flv?wsAuth=f73077d85e523eb95b6ce1ea3581b46b&token=cpn-androidmpro-0-1863767-7b520f6fe0a2b18db3c111c4e3c14350afd2dcaf43d0ef60&logo=0&expire=0&did=d010b07dcb997ada9934081c873542f0&origin=tct&vhost=play2
穿越火线,http://tc-tct.douyucdn2.cn:80/dyliveflv1/605964rzzgGEOZHr.flv?wsAuth=43ef2d796067cbec9c238c73235a1005&token=cpn-androidmpro-0-605964-b9be22700076c085e82232beb0fbe7838e28994acafb3964&logo=0&expire=0&did=d010b07dcb997ada9934081c873542f0&origin=tct&vhost=play1
穿越火线,http://112.83.136.141:80/live/605964rzzgGEOZHr.flv?302_type=cold_aggr&_session_id=2376164747.n.cn-069f7p.14re_26504&cb_retry=0&did=d010b07dcb997ada9934081c873542f0&domain=tc-tct.douyucdn2.cn&expire=0&fp_user_url=http%3A%2F%2Ftc-tct.douyucdn2.cn%2Fdyliveflv1%2F605964rzzgGEOZHr.flv%3FwsAuth%3D43ef2d796067cbec9c238c73235a1005%26token%3Dcpn-androidmpro-0-605964-b9be22700076c085e82232beb0fbe7838e28994acafb3964%26logo%3D0%26expire%3D0%26did%3Dd010b07dcb997ada9934081c873542f0%26origin%3Dtct%26vhost%3Dplay1&logo=0&manage_ip=&mir=true&node_id=&origin=tct&pro_type=http&redirect_from=pod.cn-069f7p.14re.nss&token=cpn-androidmpro-0-605964-b9be22700076c085e82232beb0fbe7838e28994acafb3964&vhost=tc-tct.douyucdn2.cn&wsAuth=43ef2d796067cbec9c238c73235a1005
百事通4K纪实,http://nxlj.cn:1688//rtp/239.45.1.10:5140?
百事通4K儿童,http://nxlj.cn:1688//rtp/239.45.1.1:5140?
邵氏影院@代,https://www.goodiptv.club/douyu/4246519
邵氏影院@代,http://huanqiuzhibo.cn/manifest/douyu.php?id=4246519
经典影院,https://ali.hlspull.yximgs.com/live/asdfg32516.flv
经典影院,http://live.dxms.top:80/dwy/jdyst.php
经典剧场,http://live.dxms.top:80/dwy/jdjc.php
经典天龙,http://live.dxms.top:80/dwy/jdtl.php
经典金庸,http://live.dxms.top:80/dwy/jyjc.php
经典三国,http://live.dxms.top:80/dwy/jdsg.php
经典喜剧,http://live.dxms.top:80/dwy/jdxj.php
经典回忆,http://live.dxms.top:80/dwy/hyyy.php
经典影院@代,http://ali.hlspull.yximgs.com/live/asdfg32516.flv
香港电影,http://live-cmvideo.cmread.com:80/wd_r2/virtuallive/5100180869/150/01.m3u8?msisdn=&mtv_session=&HlsSubType=1&HlsProfileId=1&nphaid=0&encrypt=a78e73c9d50f677a369a589aace6f489
超级电影@代,http://[2409:8087:1a01:df::7005]/ottrrs.hl.chinamobile.com/PLTV/88888888/224/3221225717/index.m3u8
中国功夫@代,http://[2409:8087:1a0b:df::4001]/ottrrs.hl.chinamobile.com/PLTV/88888888/224/3221225681/index.m3u8
周星驰典@代,http://tc-tct.douyucdn2.cn/dyliveflv1a/3637778raLSXdOdu_2000.m3u8
军旅剧场ipv6,http://[2409:8087:1a0b:df::4018]:80/ottrrs.hl.chinamobile.com/PLTV/88888888/224/3221225676/index.m3u8
海外剧场ipv6,http://[2409:8087:1a0b:df::4005]:80/ottrrs.hl.chinamobile.com/PLTV/88888888/224/3221225671/index.m3u8
CCtv6影院代,https://epg.pw/stream/753fe6b20478c17a39f0c17d3c8d98a74cd5890a6e40f4ce011380f2dd185285.m3u8
CCtv6影院代,http://mobilelive-ds.ysp.cctv.cn/ysp/2013693901.m3u8
CCtv6影院代,http://hikvision.city:880/CCTV-6.m3u8
惊悚悬疑ipv6,http://[2409:8087:1a0b:df::4002]:80/ottrrs.hl.chinamobile.com/PLTV/88888888/224/3221225665/index.m3u8
惊嫊悬疑电影,http://[2409:8087:1a0b:df::4002]/ottrrs.hl.chinamobile.com/PLTV/88888888/224/3221225665/index.m3u8
梨园卫视,http://222.223.118.222:2180/live/lypd/index.m3u8
梨园ipv6,http://[2409:8087:4c0a:22:1::11]:6410/170000001115/UmaiCHAN6380788ba7bed/index.m3u8?AuthInfo=toEYVdLfxymUP2l9NZpQI5%2BK6T7j%2FlRm%2BvbM9VO7bA0q1S1k1f36SqqriM0FZoFSAJRfCt8SS7X6sTRmXb81a8O4H%2FdroDKjLoDeaMQdyJQ
超级电视ipv6,http://[2409:8087:1a01:df::7005]:80/ottrrs.hl.chinamobile.com/PLTV/88888888/224/3221225716/index.m3u8
大吉大利影院,https://pull.kktv8.com/livekktv/128600025.flv
神乐剧场✔原,https://tc-tc2-interact.douyucdn2.cn/dyliveflv1/85894rmovieChow_900p.m3u8
神乐剧院✔原,https://tc-tc2-interact.douyucdn2.cn/dyliveflv1a/122402rK7MO9bXSq_900.m3u8
南京影院,http://live.nbs.cn/channels/njtv/xxpd/m3u8:500k/live.m3u8
邱淑贞,https://live.metshop.top/huya/11352949
女神系列,https://live.metshop.top/huya/11336571
赌片,https://live.metshop.top/huya/11342399
bang派,https://live.metshop.top/huya/11336719
科幻动作,https://live.metshop.top/huya/11352964
五福星,https://live.metshop.top/huya/11282233
古墓系列,https://live.metshop.top/huya/11352913
灾难电影,https://live.metshop.top/huya/11352871
港片,https://live.metshop.top/huya/11602043
奇幻片,https://live.metshop.top/huya/16149609
悬疑片,https://live.metshop.top/huya/16099968
贺岁合家欢剧场,https://live.metshop.top/huya/11602067
李世民,https://live.metshop.top/huya/11336572
滇军抗战,https://live.metshop.top/huya/11342388
经典女神,https://live.metshop.top/huya/11352909
联合抗日,https://live.metshop.top/huya/11352910
三国,https://live.metshop.top/huya/11352944
埋堆堆布衣神相,https://live.metshop.top/huya/23865036
纪晓岚,https://live.metshop.top/huya/11342396
雍正皇帝,https://live.metshop.top/huya/11342439
许冠英合集,https://live.metshop.top/huya/11601972
经典港剧笑嘻嘻,https://live.metshop.top/huya/11352965
电影_斯坦森,https://live.metshop.top/huya/21059588
电影_小鬼头,https://live.metshop.top/huya/11352963
电影_八点档,https://live.metshop.top/huya/880261
电影_古装片,https://live.metshop.top/huya/11336590
电影_国产悬疑,https://live.metshop.top/huya/11342395
电影_蘑菇影厅,https://live.metshop.top/huya/11601981
鹿鼎记小春版,https://live.metshop.top/huya/23865080
扫黄先锋,https://live.metshop.top/huya/23903196
斗鱼,http://zzy789.xyz/douyu1.php?id=2436390
斗鱼,http://zzy789.xyz/douyu1.php?id=9292492
1338.hk,https://m1.m3u8111222333.com/G0130/e094/e094.m3u8
av91.top,https://wbug.xyz/videos/0f58e89f018ae20404e4c7cbc48352f9/g.m3u8?h=3121efe8979c635
mft.hk,https://wbug.xyz/videos/e79553fab041f03efee560b53f8d7dc84c76bb2b/g.m3u8?h=3121efe8979c635
◆◆◆　https://raw.githubusercontent.com/mlzlzj/hnyuan/refs/heads/main/iptv_list.txt
兵器科技,http://112.234.21.109:9901/tsfile/live/1033_1.m3u8
少儿卫视,http://163.177.122.71:9901/tsfile/live/1038_1.m3u8
少儿卫视,http://163.177.122.122:9901/tsfile/live/1038_1.m3u8
旅游卫视,http://222.218.159.183:8181/tsfile/live/0114_1.m3u8
旅游卫视,http://113.15.185.150:8181/tsfile/live/0114_1.m3u8
旅游卫视,http://113.15.184.196:8181/tsfile/live/0114_1.m3u8
旅游卫视,http://183.94.1.118:8801/tsfile/live/1005_1.m3u8
旅游卫视,http://111.8.242.126:9999/tsfile/live/1028_1.m3u8
旅游卫视,http://120.238.94.10:9901/tsfile/live/1075_1.m3u8
旅游卫视,http://219.159.194.18:8181/tsfile/live/0114_1.m3u8
旅游卫视,http://60.187.244.125:9901/tsfile/live/1001_1.m3u8
旅游卫视,http://124.231.212.230:9999/tsfile/live/0114_1.m3u8
旅游卫视,http://58.19.43.46:9901/tsfile/live/1005_1.m3u8
旅游卫视,http://119.125.134.185:9902/tsfile/live/0114_1.m3u8
旅游卫视,http://163.177.122.122:9901/tsfile/live/1083_1.m3u8
旅游卫视,http://163.177.122.71:9901/tsfile/live/1083_1.m3u8
综合卫视,http://163.177.122.71:9901/tsfile/live/1086_1.m3u8
综合卫视,http://163.177.122.122:9901/tsfile/live/1086_1.m3u8
辽林卫视,http://14.204.53.128:9901/tsfile/live/1004_1.m3u8
辽林卫视,http://220.164.192.48:50085/tsfile/live/0132_1.m3u8
双峰综合,http://124.231.212.230:9999/tsfile/live/1087_1.m3u8
娄底公共,http://124.231.212.230:9999/tsfile/live/1089_1.m3u8
娄底教育,http://124.231.212.230:9999/tsfile/live/1090_1.m3u8
怀化公共,http://111.8.242.126:9999/tsfile/live/1004_1.m3u8
怀化综合,http://111.8.242.126:9999/tsfile/live/1006_1.m3u8
永州新闻综合,http://222.243.221.54:9901/tsfile/live/1005_1.m3u8
永州新闻综合,http://218.77.81.186:9901/tsfile/live/1005_1.m3u8
湖南,http://113.236.17.12:9901/tsfile/live/1143_1.m3u8
湖南,http://113.236.31.149:9901/tsfile/live/1143_1.m3u8
湖南,http://61.243.161.199:9901/tsfile/live/1143_1.m3u8
湖南导视,http://111.8.242.126:9999/tsfile/live/1017_1.m3u8
湖南导视,http://124.231.212.230:9999/tsfile/live/1085_1.m3u8
溆浦时政,http://111.8.242.126:9999/tsfile/live/1005_1.m3u8
花鼓戏,http://111.8.242.126:9999/tsfile/live/1076_1.m3u8
金鹰动画,http://123.161.202.170:9901/tsfile/live/1011_1.m3u8
长沙,http://111.8.242.126:9999/tsfile/live/1077_1.m3u8
CHC,http://113.195.5.165:9901/tsfile/live/1039_1.m3u8
CHC影院,http://113.195.5.165:9901/tsfile/live/1046_1.m3u8
动作影院,http://182.32.204.113:3217/tsfile/live/1093_1.m3u8
动作影院,http://183.66.13.82:60033/tsfile/live/0110_2.m3u8
动作影院,http://183.66.15.146:60901/tsfile/live/0110_2.m3u8
喜剧影院,http://182.32.204.113:3217/tsfile/live/1092_1.m3u8
喜剧影院,http://183.66.13.82:60033/tsfile/live/0109_2.m3u8
喜剧影院,http://144.52.160.109:9901/tsfile/live/1076_1.m3u8
吉林市1,http://61.138.128.226:19901/tsfile/live/1011_1.m3u8
潍坊1,http://182.32.204.113:3217/tsfile/live/1103_1.m3u8
SCTV2,http://61.157.139.15:9901/tsfile/live/2416_1.m3u8
吉林市2,http://61.138.128.226:19901/tsfile/live/1012_1.m3u8
天津2,http://111.160.17.2:59901/tsfile/live/0001_23.m3u8
梅州2,http://163.177.122.122:9901/tsfile/live/1003_1.m3u8
梅州2,http://163.177.122.71:9901/tsfile/live/1003_1.m3u8
江西2,http://113.195.5.165:9901/tsfile/live/1064_1.m3u8
潍坊2,http://182.32.204.113:3217/tsfile/live/1104_1.m3u8
电影2,http://163.177.122.122:9901/tsfile/live/1043_1.m3u8
电影2,http://163.177.122.71:9901/tsfile/live/1043_1.m3u8
IPTV3,http://115.48.60.104:9901/tsfile/live/0112_1.m3u8
IPTV3,http://115.48.61.211:9901/tsfile/live/0112_1.m3u8
IPTV3,http://115.48.62.82:9901/tsfile/live/0112_1.m3u8
IPTV3,http://115.48.63.221:9901/tsfile/live/0112_1.m3u8
IPTV3,http://115.48.62.70:9901/tsfile/live/0112_1.m3u8
IPTV3,http://115.48.61.111:9901/tsfile/live/0112_1.m3u8
IPTV3,http://115.48.63.125:9901/tsfile/live/0112_1.m3u8
SCTV3,http://61.157.139.15:9901/tsfile/live/2417_1.m3u8
吉林市3,http://61.138.128.226:19901/tsfile/live/1013_1.m3u8
天津3,http://111.160.17.2:59901/tsfile/live/0001_24.m3u8
4K超,http://119.125.134.176:9901/tsfile/live/1022_1.m3u8
中国教育CETV4,http://101.74.31.52:9901/tsfile/live/1010_1.m3u8
中国教育CETV4,http://101.74.31.69:9901/tsfile/live/1010_1.m3u8
中国教育CETV4,http://101.74.28.105:9901/tsfile/live/1010_1.m3u8
中国教育CETV4,http://101.74.28.50:9901/tsfile/live/1010_1.m3u8
江西4,http://113.195.5.165:9901/tsfile/live/1066_1.m3u8
5+体育赛事,http://114.105.187.147:9901/tsfile/live/1040_1.m3u8
IPTV5,http://115.48.60.104:9901/tsfile/live/0110_1.m3u8
IPTV5,http://115.48.63.125:9901/tsfile/live/0110_1.m3u8
IPTV5,http://115.48.63.37:9901/tsfile/live/0110_1.m3u8
IPTV5,http://115.48.61.211:9901/tsfile/live/0110_1.m3u8
IPTV5,http://115.48.61.111:9901/tsfile/live/0110_1.m3u8
IPTV5,http://115.48.61.41:9901/tsfile/live/0110_1.m3u8
IPTV5,http://115.48.63.221:9901/tsfile/live/0110_1.m3u8
IPTV5,http://115.48.62.70:9901/tsfile/live/0110_1.m3u8
IPTV5,http://115.48.62.82:9901/tsfile/live/0110_1.m3u8
体育5+,http://171.117.241.88:9901/tsfile/live/1000_1.m3u8
江西5,http://113.195.5.165:9901/tsfile/live/1067_1.m3u8
IPTV6,http://115.48.60.104:9901/tsfile/live/0140_1.m3u8
IPTV6,http://115.48.63.37:9901/tsfile/live/0140_1.m3u8
IPTV6,http://115.48.61.111:9901/tsfile/live/0140_1.m3u8
IPTV6,http://115.48.63.221:9901/tsfile/live/0140_1.m3u8
IPTV6,http://115.48.62.70:9901/tsfile/live/0140_1.m3u8
IPTV6,http://115.48.62.82:9901/tsfile/live/0140_1.m3u8
IPTV6,http://115.48.61.41:9901/tsfile/live/0140_1.m3u8
IPTV6,http://115.48.63.125:9901/tsfile/live/0140_1.m3u8
IPTV6+,http://110.7.130.51:8096/tsfile/live/1010_1.m3u8
IPTV6+,http://124.227.113.96:9901/tsfile/live/0007_1.m3u8
IPTV6+,http://110.7.130.91:8096/tsfile/live/1010_1.m3u8
IPTV6+,http://110.7.129.116:8096/tsfile/live/1010_1.m3u8
IPTV6+,http://110.7.130.134:8096/tsfile/live/1010_1.m3u8
IPTV6+,http://110.7.130.44:8096/tsfile/live/1010_1.m3u8
IPTV6+,http://110.7.128.156:8096/tsfile/live/1010_1.m3u8
IPTV6+,http://110.7.129.204:8096/tsfile/live/1010_1.m3u8
江西6,http://113.195.5.165:9901/tsfile/live/1068_1.m3u8
江西7,http://113.195.5.165:9901/tsfile/live/1069_1.m3u8
IPTV8,http://115.48.63.37:9901/tsfile/live/0141_1.m3u8
IPTV8,http://115.48.60.104:9901/tsfile/live/0141_1.m3u8
IPTV8,http://115.48.62.82:9901/tsfile/live/0141_1.m3u8
IPTV8,http://115.48.62.70:9901/tsfile/live/0141_1.m3u8
IPTV8,http://115.48.61.41:9901/tsfile/live/0141_1.m3u8
IPTV8,http://115.48.63.125:9901/tsfile/live/0141_1.m3u8
IPTV8,http://115.48.63.221:9901/tsfile/live/0141_1.m3u8
IPTV8,http://115.48.61.211:9901/tsfile/live/0141_1.m3u8
江西8,http://113.195.5.165:9901/tsfile/live/1070_1.m3u8
测试9,http://113.195.5.165:9901/tsfile/live/1076_1.m3u8
测试11B,http://171.110.42.238:8181/tsfile/live/1063_1.m3u8
测试11B,http://222.217.230.193:8181/tsfile/live/1063_1.m3u8
测试11B,http://222.217.230.195:8181/tsfile/live/1063_1.m3u8
测试11B,http://171.110.42.239:8181/tsfile/live/1063_1.m3u8
测试11B,http://222.217.230.192:8181/tsfile/live/1063_1.m3u8
测试12（B）,http://222.217.230.195:8181/tsfile/live/1064_1.m3u8
测试12（B）,http://222.217.230.192:8181/tsfile/live/1064_1.m3u8
测试12（B）,http://171.110.42.238:8181/tsfile/live/1064_1.m3u8
测试12（B）,http://222.217.230.193:8181/tsfile/live/1064_1.m3u8
测试12（B）,http://171.110.42.239:8181/tsfile/live/1064_1.m3u8
珠江台13（B）,http://171.110.42.239:8181/tsfile/live/1065_1.m3u8
珠江台13（B）,http://222.217.230.195:8181/tsfile/live/1065_1.m3u8
珠江台13（B）,http://171.110.42.238:8181/tsfile/live/1065_1.m3u8
珠江台13（B）,http://222.217.230.193:8181/tsfile/live/1065_1.m3u8
珠江台13（B）,http://222.217.230.192:8181/tsfile/live/1065_1.m3u8
牛歌台14（B）,http://222.217.230.192:8181/tsfile/live/1066_1.m3u8
牛歌台14（B）,http://171.110.42.239:8181/tsfile/live/1066_1.m3u8
牛歌台14（B）,http://222.217.230.195:8181/tsfile/live/1066_1.m3u8
牛歌台14（B）,http://171.110.42.238:8181/tsfile/live/1066_1.m3u8
牛歌台14（B）,http://222.217.230.193:8181/tsfile/live/1066_1.m3u8
测试16（B）,http://222.217.230.192:8181/tsfile/live/1068_1.m3u8
测试16（B）,http://222.217.230.195:8181/tsfile/live/1068_1.m3u8
测试16（B）,http://171.110.42.239:8181/tsfile/live/1068_1.m3u8
测试16（B）,http://171.110.42.238:8181/tsfile/live/1068_1.m3u8
测试16（B）,http://222.217.230.193:8181/tsfile/live/1068_1.m3u8
山歌台17（B）,http://171.110.42.239:8181/tsfile/live/1069_1.m3u8
山歌台17（B）,http://222.217.230.193:8181/tsfile/live/1069_1.m3u8
山歌台17（B）,http://171.110.42.238:8181/tsfile/live/1069_1.m3u8
山歌台17（B）,http://222.217.230.192:8181/tsfile/live/1069_1.m3u8
山歌台17（B）,http://222.217.230.195:8181/tsfile/live/1069_1.m3u8
牛哥台215（B）,http://222.217.230.195:8181/tsfile/live/1067_1.m3u8
牛哥台215（B）,http://222.217.230.192:8181/tsfile/live/1067_1.m3u8
牛哥台215（B）,http://171.110.42.239:8181/tsfile/live/1067_1.m3u8
牛哥台215（B）,http://171.110.42.238:8181/tsfile/live/1067_1.m3u8
牛哥台215（B）,http://222.217.230.193:8181/tsfile/live/1067_1.m3u8
BTV卡通,http://58.19.43.46:9901/tsfile/live/1001_1.m3u8
BTV卡通,http://183.94.1.118:8801/tsfile/live/1001_1.m3u8
CCTN,http://163.177.122.71:9901/tsfile/live/1037_1.m3u8
CCTN,http://163.177.122.122:9901/tsfile/live/1037_1.m3u8
CETV,http://223.166.234.149:7777/tsfile/live/1041_1.m3u8
CETV,http://223.166.234.114:7777/tsfile/live/1041_1.m3u8
ICS,http://223.166.234.19:7777/tsfile/live/1032_1.m3u8
ICS,http://223.166.234.114:7777/tsfile/live/1032_1.m3u8
IPTV体育,http://118.248.216.151:8088/tsfile/live/0131_2.m3u8
kaku少儿,http://106.118.70.215:9901/tsfile/live/1012_1.m3u8
三明综合,http://117.27.190.42:9998/tsfile/live/23298_1.m3u8
上海,http://113.236.31.149:9901/tsfile/live/1133_1.m3u8
上海,http://113.236.17.12:9901/tsfile/live/1133_1.m3u8
上海,http://61.243.161.199:9901/tsfile/live/1133_1.m3u8
东北戏曲,http://175.20.235.74:9901/tsfile/live/1023_1.m3u8
东北戏曲,http://61.138.128.226:19901/tsfile/live/1007_1.m3u8
东南,http://61.243.161.199:9901/tsfile/live/1147_1.m3u8
东南,http://113.236.17.12:9901/tsfile/live/1147_1.m3u8
东南,http://113.236.31.149:9901/tsfile/live/1147_1.m3u8
中华特产,http://124.231.212.230:9999/tsfile/live/1112_1.m3u8
中国教育,http://163.177.122.122:9901/tsfile/live/1068_1.m3u8
中国教育,http://163.177.122.71:9901/tsfile/live/1068_1.m3u8
中国教育,http://124.231.212.230:9999/tsfile/live/1100_1.m3u8
中国教育,http://58.19.43.46:9901/tsfile/live/1018_1.m3u8
中国教育电视,http://61.138.128.226:19901/tsfile/live/1021_1.m3u8
中国气象,http://113.15.184.196:8181/tsfile/live/1015_1.m3u8
中国气象,http://113.15.185.150:8181/tsfile/live/1015_1.m3u8
中国气象,http://219.159.194.18:8181/tsfile/live/1015_1.m3u8
中心医院,http://111.9.163.109:9901/tsfile/live/1003_1.m3u8
临沂图文,http://112.234.21.109:9901/tsfile/live/1016_1.m3u8
临沂导视,http://112.234.21.109:9901/tsfile/live/1038_1.m3u8
临沂综合,http://144.52.160.109:9901/tsfile/live/1058_1.m3u8
乡村,http://182.113.7.123:9901/tsfile/live/0017_2.m3u8
书画,http://111.8.242.126:9999/tsfile/live/1044_1.m3u8
书画,http://114.105.187.147:9901/tsfile/live/1053_1.m3u8
五华台,http://163.177.122.122:9901/tsfile/live/1000_1.m3u8
五华台,http://163.177.122.71:9901/tsfile/live/1000_1.m3u8
五华影视,http://163.177.122.71:9901/tsfile/live/1001_1.m3u8
五华影视,http://163.177.122.122:9901/tsfile/live/1001_1.m3u8
亳州综合,http://114.105.187.147:9901/tsfile/live/1031_1.m3u8
佳佳动画,http://123.161.202.170:9901/tsfile/live/1012_1.m3u8
光影,http://182.32.204.113:3217/tsfile/live/1095_1.m3u8
公共,http://182.113.7.123:9901/tsfile/live/0017_1.m3u8
公共,http://114.105.187.147:9901/tsfile/live/1014_1.m3u8
公共,http://171.14.89.182:9901/tsfile/live/1025_1.m3u8
公共,http://119.62.11.48:9901/tsfile/live/0128_1.m3u8
公共,http://119.62.57.128:9901/tsfile/live/0128_1.m3u8
公共,http://119.62.57.129:9901/tsfile/live/0128_1.m3u8
公共,http://119.62.57.8:9901/tsfile/live/0128_1.m3u8
公共,http://119.62.59.201:9901/tsfile/live/0128_1.m3u8
公共,http://123.161.202.170:9901/tsfile/live/1005_1.m3u8
公共,http://220.164.192.48:50085/tsfile/live/1002_1.m3u8
公共,http://119.62.80.45:9901/tsfile/live/0128_1.m3u8
公共,http://123.7.110.43:9901/tsfile/live/0124_1.m3u8
公共,http://14.204.53.128:9901/tsfile/live/1002_1.m3u8
兰陵公共,http://112.234.21.109:9901/tsfile/live/0113_1.m3u8
兰陵导视,http://112.234.21.109:9901/tsfile/live/1024_1.m3u8
兰陵综合,http://112.234.21.109:9901/tsfile/live/1022_1.m3u8
内蒙古,http://163.177.122.71:9901/tsfile/live/1080_1.m3u8
内蒙古,http://163.177.122.122:9901/tsfile/live/1080_1.m3u8
内蒙古,http://119.125.134.176:9901/tsfile/live/1020_1.m3u8
内蒙古,http://110.7.128.156:8096/tsfile/live/0018_1.m3u8
内蒙古,http://110.7.130.44:8096/tsfile/live/0018_1.m3u8
内蒙古,http://110.7.129.116:8096/tsfile/live/0018_1.m3u8
内蒙古,http://110.7.130.91:8096/tsfile/live/0018_1.m3u8
内蒙古,http://120.238.94.10:9901/tsfile/live/1072_1.m3u8
内蒙古,http://110.7.129.204:8096/tsfile/live/0018_1.m3u8
内蒙古,http://110.7.130.51:8096/tsfile/live/0018_1.m3u8
内蒙古,http://220.164.192.48:50085/tsfile/live/0109_1.m3u8
军事,http://182.32.204.113:3217/tsfile/live/1003_1.m3u8
冬奥纪实,http://121.19.134.222:808/tsfile/live/1036_1.m3u8
动漫剧场,http://111.8.242.126:9999/tsfile/live/1051_1.m3u8
动画,http://182.32.204.113:3217/tsfile/live/1100_1.m3u8
北京,http://61.243.161.199:9901/tsfile/live/1151_1.m3u8
北京,http://113.236.17.12:9901/tsfile/live/1151_1.m3u8
北京,http://113.236.31.149:9901/tsfile/live/1151_1.m3u8
北京卡通,http://115.48.60.104:9901/tsfile/live/1020_1.m3u8
北京卡通,http://171.14.89.69:9901/tsfile/live/1021_1.m3u8
北京卡通,http://115.48.63.221:9901/tsfile/live/1020_1.m3u8
北京卡通,http://115.48.63.37:9901/tsfile/live/1020_1.m3u8
北京卡通,http://115.48.62.82:9901/tsfile/live/1020_1.m3u8
北京卡通,http://115.48.62.70:9901/tsfile/live/1020_1.m3u8
北京卡通,http://115.48.63.125:9901/tsfile/live/1020_1.m3u8
北京卡通,http://115.48.61.41:9901/tsfile/live/1020_1.m3u8
北京卡通,http://119.62.57.128:9901/tsfile/live/1008_1.m3u8
北京卡通,http://119.62.57.129:9901/tsfile/live/1008_1.m3u8
北京卡通,http://119.62.57.8:9901/tsfile/live/1008_1.m3u8
北京卡通,http://119.62.11.48:9901/tsfile/live/1008_1.m3u8
北京卡通,http://119.62.59.201:9901/tsfile/live/1008_1.m3u8
北京卡通,http://119.62.80.45:9901/tsfile/live/1008_1.m3u8
北京卡通,http://221.213.69.82:9901/tsfile/live/1007_1.m3u8
北流台,http://171.110.42.239:8181/tsfile/live/1084_1.m3u8
北流台,http://222.217.230.192:8181/tsfile/live/1084_1.m3u8
北流台,http://222.217.230.193:8181/tsfile/live/1084_1.m3u8
北流台,http://171.110.42.238:8181/tsfile/live/1084_1.m3u8
北流台,http://222.217.230.195:8181/tsfile/live/1084_1.m3u8
南宁综合,http://113.15.185.150:8181/tsfile/live/0143_1.m3u8
南宁综合,http://219.159.194.18:8181/tsfile/live/0143_1.m3u8
南宁综合,http://219.159.194.213:8181/tsfile/live/0143_1.m3u8
南宁综合,http://113.15.184.196:8181/tsfile/live/0143_1.m3u8
南平综合,http://117.27.190.42:9998/tsfile/live/23295_1.m3u8
南方一,http://163.177.122.71:9901/tsfile/live/1013_1.m3u8
南方一,http://163.177.122.122:9901/tsfile/live/1013_1.m3u8
南方一,http://120.238.94.10:9901/tsfile/live/1014_1.m3u8
南方二,http://163.177.122.71:9901/tsfile/live/1014_1.m3u8
南方二,http://120.238.94.10:9901/tsfile/live/1015_1.m3u8
南方二,http://163.177.122.122:9901/tsfile/live/1014_1.m3u8
南方五,http://163.177.122.122:9901/tsfile/live/1016_1.m3u8
南方五,http://163.177.122.71:9901/tsfile/live/1016_1.m3u8
南方五,http://120.238.94.10:9901/tsfile/live/1017_1.m3u8
南方四,http://163.177.122.71:9901/tsfile/live/1015_1.m3u8
南方四,http://163.177.122.122:9901/tsfile/live/1015_1.m3u8
南方四,http://120.238.94.10:9901/tsfile/live/1016_1.m3u8
卡酷,http://111.160.17.2:59901/tsfile/live/0001_30.m3u8
卢龙电视,http://106.118.70.215:9901/tsfile/live/1016_1.m3u8
吉林,http://113.236.17.12:9901/tsfile/live/1042_1.m3u8
吉林,http://113.236.31.149:9901/tsfile/live/1042_1.m3u8
吉林,http://61.243.161.199:9901/tsfile/live/1042_1.m3u8
吉林市新闻,http://175.20.235.74:9901/tsfile/live/1025_1.m3u8
吉林教育,http://61.138.128.226:19901/tsfile/live/1009_1.m3u8
吉林教育,http://222.169.85.8:9901/tsfile/live/1000_1.m3u8
吉视乡村,http://61.138.128.226:19901/tsfile/live/1003_1.m3u8
吉视乡村,http://175.20.235.74:9901/tsfile/live/1020_1.m3u8
吉视公共,http://175.20.235.74:9901/tsfile/live/1021_1.m3u8
吉视公共新闻,http://61.138.128.226:19901/tsfile/live/1004_1.m3u8
吉视影视,http://61.138.128.226:19901/tsfile/live/1001_1.m3u8
吉视生活,http://175.20.235.74:9901/tsfile/live/1018_1.m3u8
吉视生活,http://61.138.128.226:19901/tsfile/live/1002_1.m3u8
吉视综艺文化,http://61.138.128.226:19901/tsfile/live/1005_1.m3u8
吉视都市,http://61.138.128.226:19901/tsfile/live/1000_1.m3u8
唐山影视,http://106.118.70.215:9901/tsfile/live/1010_1.m3u8
唐山新闻,http://106.118.70.215:9901/tsfile/live/1009_1.m3u8
四川,http://113.236.31.149:9901/tsfile/live/1130_1.m3u8
四川,http://113.236.17.12:9901/tsfile/live/1130_1.m3u8
四川,http://61.243.161.199:9901/tsfile/live/1130_1.m3u8
四川影视,http://118.122.189.74:9901/tsfile/live/0123_4.m3u8
四川新闻,http://118.122.189.74:9901/tsfile/live/0123_3.m3u8
四川新闻,http://218.89.240.144:59901/tsfile/live/1006_1.m3u8
国学,http://114.105.187.147:9901/tsfile/live/1009_1.m3u8
国防军事,http://163.177.122.71:9901/tsfile/live/1101_1.m3u8
国防军事,http://163.177.122.122:9901/tsfile/live/1101_1.m3u8
地理世界,http://163.177.122.122:9901/tsfile/live/1096_1.m3u8
地理世界,http://163.177.122.71:9901/tsfile/live/1096_1.m3u8
地理世界,http://112.234.21.109:9901/tsfile/live/1032_1.m3u8
地理世界,http://120.238.94.10:9901/tsfile/live/1088_1.m3u8
墨宝,http://182.32.204.113:3217/tsfile/live/1094_1.m3u8
央视文化,http://163.177.122.71:9901/tsfile/live/1100_1.m3u8
央视文化,http://163.177.122.122:9901/tsfile/live/1100_1.m3u8
央视文化,http://120.238.94.10:9901/tsfile/live/1092_1.m3u8
好享购物,http://58.221.214.82:9901/tsfile/live/0011_2.m3u8
好学生,http://182.32.204.113:3217/tsfile/live/1091_1.m3u8
娱乐,http://14.204.53.128:9901/tsfile/live/1000_1.m3u8
娱乐,http://220.164.192.48:50085/tsfile/live/1000_1.m3u8
孝义电视,http://118.77.152.195:9901/tsfile/live/1005_1.m3u8
宁德综合,http://117.27.190.42:9998/tsfile/live/23296_1.m3u8
安徽,http://113.236.17.12:9901/tsfile/live/1152_1.m3u8
安徽,http://113.236.31.149:9901/tsfile/live/1152_1.m3u8
安徽,http://61.243.161.199:9901/tsfile/live/1152_1.m3u8
安徽公共,http://223.241.247.214:9901/tsfile/live/1003_1.m3u8
安徽科教,http://114.105.187.147:9901/tsfile/live/1017_1.m3u8
安徽经济,http://114.105.187.147:9901/tsfile/live/1045_1.m3u8
安阳公共,http://115.48.63.221:9901/tsfile/live/1016_1.m3u8
安阳公共,http://115.48.61.41:9901/tsfile/live/1016_1.m3u8
安阳公共,http://115.48.62.70:9901/tsfile/live/1016_1.m3u8
安阳公共,http://115.48.62.82:9901/tsfile/live/1016_1.m3u8
安阳新闻综合,http://115.48.62.82:9901/tsfile/live/1014_1.m3u8
安阳新闻综合,http://115.48.60.104:9901/tsfile/live/1014_1.m3u8
安阳新闻综合,http://115.48.62.70:9901/tsfile/live/1014_1.m3u8
安阳新闻综合,http://115.48.63.125:9901/tsfile/live/1014_1.m3u8
安阳新闻综合,http://115.48.61.41:9901/tsfile/live/1014_1.m3u8
安阳新闻综合,http://115.48.63.221:9901/tsfile/live/1014_1.m3u8
安阳新闻综合,http://115.48.63.37:9901/tsfile/live/1014_1.m3u8
安阳新闻综合,http://115.48.61.211:9901/tsfile/live/1014_1.m3u8
安阳科教,http://115.48.60.104:9901/tsfile/live/1017_1.m3u8
安阳科教,http://115.48.63.125:9901/tsfile/live/1017_1.m3u8
安阳科教,http://115.48.61.41:9901/tsfile/live/1017_1.m3u8
安阳科教,http://115.48.62.70:9901/tsfile/live/1017_1.m3u8
安阳科教,http://115.48.63.37:9901/tsfile/live/1017_1.m3u8
安阳科教,http://115.48.63.221:9901/tsfile/live/1017_1.m3u8
安阳科教,http://115.48.62.82:9901/tsfile/live/1017_1.m3u8
客家生活,http://119.125.134.176:9901/tsfile/live/1005_1.m3u8
家庭理财,http://124.231.212.230:9999/tsfile/live/1117_1.m3u8
家庭理财,http://112.234.21.109:9901/tsfile/live/1035_1.m3u8
少人,http://220.164.192.48:50085/tsfile/live/0124_1.m3u8
少儿,http://14.204.53.128:9901/tsfile/live/1003_1.m3u8
少儿动漫,http://118.77.152.195:9901/tsfile/live/1002_1.m3u8
少儿动漫,http://118.77.152.185:9901/tsfile/live/1002_1.m3u8
山东,http://113.236.31.149:9901/tsfile/live/1134_1.m3u8
山东,http://113.236.17.12:9901/tsfile/live/1134_1.m3u8
山东,http://61.243.161.199:9901/tsfile/live/1134_1.m3u8
山东公共,http://182.32.204.113:3217/tsfile/live/1021_1.m3u8
山西公共,http://113.25.252.226:9901/tsfile/live/0109_1.m3u8
山西公共,http://118.77.152.195:9901/tsfile/live/1001_1.m3u8
峨眉电影,http://218.89.240.144:59901/tsfile/live/1011_1.m3u8
峨眉电影,http://61.157.139.15:9901/tsfile/live/2396_1.m3u8
广东佳嘉卡通,http://163.177.122.75:9901/tsfile/live/1027_1.m3u8
广西公共,http://116.9.204.242:9901/tsfile/live/1003_1.m3u8
广西影视,http://222.217.230.193:8181/tsfile/live/1059_1.m3u8
广西影视,http://171.110.42.239:8181/tsfile/live/1059_1.m3u8
广西影视,http://171.110.42.238:8181/tsfile/live/1059_1.m3u8
广西影视,http://222.217.230.195:8181/tsfile/live/1059_1.m3u8
广西影视,http://219.159.194.18:8181/tsfile/live/1009_1.m3u8
广西影视,http://116.9.204.242:9901/tsfile/live/0124_1.m3u8
广西影视,http://113.15.184.196:8181/tsfile/live/1009_1.m3u8
广西影视,http://113.15.185.150:8181/tsfile/live/1009_1.m3u8
广西影视,http://222.217.230.192:8181/tsfile/live/1059_1.m3u8
广西旅游,http://116.9.204.242:9901/tsfile/live/0125_1.m3u8
广西综艺,http://171.110.42.239:8181/tsfile/live/1055_1.m3u8
广西综艺,http://113.15.185.150:8181/tsfile/live/1010_1.m3u8
广西综艺,http://171.110.42.238:8181/tsfile/live/1055_1.m3u8
广西综艺,http://222.217.230.193:8181/tsfile/live/1055_1.m3u8
广西综艺,http://222.217.230.192:8181/tsfile/live/1055_1.m3u8
广西综艺,http://222.217.230.195:8181/tsfile/live/1055_1.m3u8
广西综艺,http://219.159.194.18:8181/tsfile/live/1010_1.m3u8
广西综艺,http://113.15.184.196:8181/tsfile/live/1010_1.m3u8
广西综艺,http://222.218.158.25:8181/tsfile/live/1010_1.m3u8
广西都市,http://113.15.184.196:8181/tsfile/live/1011_1.m3u8
广西都市,http://113.15.185.150:8181/tsfile/live/1011_1.m3u8
广西都市,http://171.110.42.239:8181/tsfile/live/1056_1.m3u8
广西都市,http://222.217.230.193:8181/tsfile/live/1056_1.m3u8
广西都市,http://219.159.194.18:8181/tsfile/live/1011_1.m3u8
广西都市,http://222.217.230.192:8181/tsfile/live/1056_1.m3u8
广西都市,http://171.110.42.238:8181/tsfile/live/1056_1.m3u8
广西都市,http://116.9.204.242:9901/tsfile/live/1002_1.m3u8
广西都市,http://222.217.230.195:8181/tsfile/live/1056_1.m3u8
影视,http://14.204.53.128:9901/tsfile/live/1001_1.m3u8
影视,http://220.164.192.48:50085/tsfile/live/1001_1.m3u8
惠州,http://163.177.122.71:9901/tsfile/live/1106_1.m3u8
惠州,http://163.177.122.122:9901/tsfile/live/1106_1.m3u8
惠州公共,http://120.238.94.10:9901/tsfile/live/1013_1.m3u8
戏曲,http://182.32.204.113:3217/tsfile/live/1096_1.m3u8
成都少儿,http://218.89.240.144:59901/tsfile/live/1005_1.m3u8
成都经济,http://218.89.240.144:59901/tsfile/live/1004_1.m3u8
教育一套,http://222.218.159.183:8181/tsfile/live/1017_1.m3u8
教育一套,http://113.15.184.196:8181/tsfile/live/1017_1.m3u8
教育一套,http://113.15.185.150:8181/tsfile/live/1017_1.m3u8
教育一套,http://219.159.194.18:8181/tsfile/live/1017_1.m3u8
文化旅游,http://182.32.204.113:3217/tsfile/live/1001_1.m3u8
文物宝库,http://119.125.134.185:9902/tsfile/live/0129_1.m3u8
新闻,http://182.113.7.123:9901/tsfile/live/0109_7.m3u8
新闻,http://123.161.202.170:9901/tsfile/live/1004_1.m3u8
新闻,http://123.7.110.43:9901/tsfile/live/1030_1.m3u8
昌黎电视,http://106.118.70.215:9901/tsfile/live/1014_1.m3u8
星影,http://182.32.204.113:3217/tsfile/live/1089_1.m3u8
本地台,http://163.177.122.122:9901/tsfile/live/1004_1.m3u8
梁山综合,http://111.14.181.15:9901/tsfile/live/1011_1.m3u8
梅州,http://163.177.122.122:9901/tsfile/live/1002_1.m3u8
梅州,http://163.177.122.71:9901/tsfile/live/1002_1.m3u8
武侠剧场,http://182.32.204.113:3217/tsfile/live/1086_1.m3u8
武术,http://182.113.7.123:9901/tsfile/live/0122_1.m3u8
武术,http://182.32.204.113:3217/tsfile/live/1098_1.m3u8
民生,http://182.113.7.123:9901/tsfile/live/0109_4.m3u8
民生,http://123.161.202.170:9901/tsfile/live/1001_1.m3u8
民生,http://123.7.110.43:9901/tsfile/live/1027_1.m3u8
江苏,http://61.243.161.199:9901/tsfile/live/1140_1.m3u8
江苏,http://113.236.31.149:9901/tsfile/live/1140_1.m3u8
江苏,http://113.236.17.12:9901/tsfile/live/1140_1.m3u8
江苏公共新闻,http://58.221.214.82:9901/tsfile/live/0009_2.m3u8
汽摩,http://114.105.187.147:9901/tsfile/live/1003_1.m3u8
河北科教,http://101.74.28.50:9901/tsfile/live/0136_1.m3u8
河北科教,http://101.74.31.52:9901/tsfile/live/0136_1.m3u8
河南国际,http://171.14.89.69:9901/tsfile/live/1018_1.m3u8
河南新农村,http://115.48.61.41:9901/tsfile/live/1013_1.m3u8
河南新农村,http://115.48.62.82:9901/tsfile/live/1013_1.m3u8
河南新农村,http://115.48.60.104:9901/tsfile/live/1013_1.m3u8
河南新农村,http://115.48.61.211:9901/tsfile/live/1013_1.m3u8
河南新农村,http://115.48.63.125:9901/tsfile/live/1013_1.m3u8
河南新农村,http://115.48.62.70:9901/tsfile/live/1013_1.m3u8
河南新农村,http://115.48.63.221:9901/tsfile/live/1013_1.m3u8
泉州综合,http://117.27.190.42:9998/tsfile/live/23300_1.m3u8
法制,http://123.7.110.43:9901/tsfile/live/1028_1.m3u8
法制,http://123.161.202.170:9901/tsfile/live/1002_1.m3u8
法制天地,http://61.173.144.157:9901/tsfile/live/1006_1.m3u8
测试,http://163.177.122.122:9901/tsfile/live/1053_1.m3u8
测试,http://111.8.242.126:9999/tsfile/live/1018_1.m3u8
测试,http://163.177.122.122:9901/tsfile/live/1047_1.m3u8
测试,http://163.177.122.122:9901/tsfile/live/1044_1.m3u8
测试,http://163.177.122.71:9901/tsfile/live/1053_1.m3u8
测试,http://163.177.122.71:9901/tsfile/live/1047_1.m3u8
测试,http://163.177.122.71:9901/tsfile/live/1018_1.m3u8
测试,http://163.177.122.71:9901/tsfile/live/1044_1.m3u8
测试,http://163.177.122.122:9901/tsfile/live/1018_1.m3u8
测试一,http://124.231.212.230:9999/tsfile/live/1105_1.m3u8
测试二,http://124.231.212.230:9999/tsfile/live/1106_1.m3u8
浙江,http://113.236.31.149:9901/tsfile/live/1128_1.m3u8
浙江,http://113.236.17.12:9901/tsfile/live/1128_1.m3u8
浙江,http://61.243.161.199:9901/tsfile/live/1128_1.m3u8
深圳,http://113.236.17.12:9901/tsfile/live/1132_1.m3u8
深圳,http://61.243.161.199:9901/tsfile/live/1132_1.m3u8
湖北,http://113.236.31.149:9901/tsfile/live/1144_1.m3u8
湖北,http://113.236.17.12:9901/tsfile/live/1144_1.m3u8
湖北,http://61.243.161.199:9901/tsfile/live/1144_1.m3u8
滦南电视,http://106.118.70.215:9901/tsfile/live/1017_1.m3u8
滦州电视,http://106.118.70.215:9901/tsfile/live/1018_1.m3u8
漳州综合,http://117.27.190.42:9998/tsfile/live/23303_1.m3u8
潍坊综合,http://182.32.204.113:3217/tsfile/live/1102_1.m3u8
澜湄国际,http://114.105.187.147:9901/tsfile/live/1050_1.m3u8
热播剧场,http://115.48.61.41:9901/tsfile/live/0111_1.m3u8
热播剧场,http://115.48.62.82:9901/tsfile/live/0111_1.m3u8
热播剧场,http://115.48.63.221:9901/tsfile/live/0111_1.m3u8
热播剧场,http://115.48.63.125:9901/tsfile/live/0111_1.m3u8
热播剧场,http://115.48.62.70:9901/tsfile/live/0111_1.m3u8
热播剧场,http://115.48.63.37:9901/tsfile/live/0111_1.m3u8
熊猫,http://119.125.134.185:9902/tsfile/live/1054_1.m3u8
玉林公共,http://222.217.230.193:8181/tsfile/live/1031_1.m3u8
玉林公共,http://171.110.42.239:8181/tsfile/live/1031_1.m3u8
玉林公共,http://222.217.230.195:8181/tsfile/live/1031_1.m3u8
玉林公共,http://171.110.42.238:8181/tsfile/live/1031_1.m3u8
玉林公共,http://222.217.230.192:8181/tsfile/live/1031_1.m3u8
玉林综合,http://222.217.230.195:8181/tsfile/live/1009_1.m3u8
玉林综合,http://171.110.42.239:8181/tsfile/live/1009_1.m3u8
玉林综合,http://222.217.230.193:8181/tsfile/live/1009_1.m3u8
玉林综合,http://171.110.42.238:8181/tsfile/live/1009_1.m3u8
玉林综合,http://222.217.230.192:8181/tsfile/live/1009_1.m3u8
环球奇观,http://114.105.187.147:9901/tsfile/live/1007_1.m3u8
现代教育,http://163.177.122.71:9901/tsfile/live/1105_1.m3u8
现代教育,http://163.177.122.122:9901/tsfile/live/1105_1.m3u8
电视剧,http://182.113.7.123:9901/tsfile/live/0109_6.m3u8
电视剧,http://123.161.202.170:9901/tsfile/live/1003_1.m3u8
电视剧,http://123.7.110.43:9901/tsfile/live/1029_1.m3u8
电视剧轮播,http://118.77.152.185:9901/tsfile/live/0131_1.m3u8
电视剧轮播,http://118.77.152.195:9901/tsfile/live/0131_1.m3u8
百姓调解,http://1.197.252.119:9901/tsfile/live/1015_1.m3u8
百姓调解,http://1.197.252.234:9901/tsfile/live/1015_1.m3u8
相声小品,http://115.48.62.82:9901/tsfile/live/1034_1.m3u8
相声小品,http://163.177.122.122:9901/tsfile/live/1089_1.m3u8
相声小品,http://115.48.60.104:9901/tsfile/live/1034_1.m3u8
相声小品,http://115.48.62.70:9901/tsfile/live/1034_1.m3u8
相声小品,http://115.48.63.37:9901/tsfile/live/1034_1.m3u8
相声小品,http://115.48.63.221:9901/tsfile/live/1034_1.m3u8
相声小品,http://115.48.61.41:9901/tsfile/live/1034_1.m3u8
相声小品,http://163.177.122.71:9901/tsfile/live/1089_1.m3u8
相声小品,http://115.48.63.125:9901/tsfile/live/1034_1.m3u8
相声小品,http://115.48.61.111:9901/tsfile/live/1034_1.m3u8
社会与法,http://118.77.152.195:9901/tsfile/live/1004_1.m3u8
社会与法,http://118.77.152.185:9901/tsfile/live/1004_1.m3u8
福建东南,http://115.48.60.104:9901/tsfile/live/1018_1.m3u8
福建东南,http://115.48.62.70:9901/tsfile/live/1018_1.m3u8
福建东南,http://115.48.62.82:9901/tsfile/live/1018_1.m3u8
福建东南,http://115.48.61.211:9901/tsfile/live/1018_1.m3u8
福建东南,http://115.48.63.125:9901/tsfile/live/1018_1.m3u8
福建东南,http://115.48.63.221:9901/tsfile/live/1018_1.m3u8
福建东南,http://115.48.61.41:9901/tsfile/live/1018_1.m3u8
福建东南,http://1.198.10.32:9901/tsfile/live/1014_1.m3u8
科教,http://171.14.89.182:9901/tsfile/live/1026_1.m3u8
秦皇岛公共,http://106.118.70.215:9901/tsfile/live/1007_1.m3u8
秦皇岛影视,http://106.118.70.215:9901/tsfile/live/1008_1.m3u8
移动电视,http://113.236.31.149:9901/tsfile/live/1025_1.m3u8
移动电视,http://113.236.17.12:9901/tsfile/live/1025_1.m3u8
移动电视,http://61.243.161.199:9901/tsfile/live/1025_1.m3u8
精选,http://182.32.204.113:3217/tsfile/live/1085_1.m3u8
纪实人文,http://223.166.234.215:7777/tsfile/live/1027_1.m3u8
纪实人文,http://223.166.234.114:7777/tsfile/live/1027_1.m3u8
纪实人文,http://223.166.234.19:7777/tsfile/live/1027_1.m3u8
纪实人文,http://58.57.40.22:9901/tsfile/live/1069_1.m3u8
纪实人文,http://59.48.75.130:3052/tsfile/live/0120_1.m3u8
经济科教,http://119.125.134.185:9902/tsfile/live/1014_1.m3u8
综艺,http://114.105.187.147:9901/tsfile/live/1015_1.m3u8
舒兰,http://175.20.235.74:9901/tsfile/live/1026_1.m3u8
许昌综合,http://182.117.198.1:9901/tsfile/live/1032_1.m3u8
调解剧场,http://123.161.202.170:9901/tsfile/live/1014_1.m3u8
郑州影视戏曲,http://123.161.202.170:9901/tsfile/live/1008_1.m3u8
郑州新闻综合,http://123.161.202.170:9901/tsfile/live/1013_1.m3u8
郑州都市生活,http://123.161.202.170:9901/tsfile/live/1009_1.m3u8
都市,http://182.113.7.123:9901/tsfile/live/0109_3.m3u8
都市,http://223.166.234.114:7777/tsfile/live/1026_1.m3u8
都市,http://223.166.234.19:7777/tsfile/live/1026_1.m3u8
都市,http://223.166.234.215:7777/tsfile/live/1026_1.m3u8
都市,http://123.161.202.170:9901/tsfile/live/1000_1.m3u8
都市,http://123.7.110.43:9901/tsfile/live/1026_1.m3u8
都市,http://14.204.53.128:9901/tsfile/live/0019_1.m3u8
都市,http://220.164.192.48:50085/tsfile/live/0119_1.m3u8
重庆,http://113.236.17.12:9901/tsfile/live/1127_1.m3u8
重庆,http://113.236.31.149:9901/tsfile/live/1127_1.m3u8
重庆,http://61.243.161.199:9901/tsfile/live/1127_1.m3u8
重庆娱乐,http://183.66.13.82:60033/tsfile/live/1000_1.m3u8
重庆影视,http://183.66.13.82:60033/tsfile/live/0019_1.m3u8
重庆新农村,http://183.66.13.82:60033/tsfile/live/1002_1.m3u8
重庆社会与法,http://183.66.13.82:60033/tsfile/live/1001_1.m3u8
重庆科教,http://183.66.13.82:60033/tsfile/live/1003_1.m3u8
野外,http://120.238.94.10:9901/tsfile/live/1103_1.m3u8
鉴赏,http://182.32.204.113:3217/tsfile/live/1088_1.m3u8
钱江,http://183.136.148.214:9901/tsfile/live/1007_1.m3u8
长影,http://175.20.235.74:9901/tsfile/live/1024_1.m3u8
长影,http://125.32.182.146:9901/tsfile/live/0013_2.m3u8
长影,http://61.138.128.226:19901/tsfile/live/1010_1.m3u8
长影,http://175.16.180.250:9901/tsfile/live/0013_2.m3u8
马鞍山公共,http://223.241.247.214:9901/tsfile/live/0017_1.m3u8
马鞍山新闻,http://223.241.247.214:9901/tsfile/live/0018_1.m3u8
魅力音乐,http://125.43.245.50:9901/tsfile/live/1000_1.m3u8
魅力音乐,http://125.43.253.231:9901/tsfile/live/1000_1.m3u8
魅力音乐,http://125.43.241.34:9901/tsfile/live/1000_1.m3u8
黄河电视,http://118.77.152.195:9901/tsfile/live/1006_1.m3u8
黑龙江,http://113.236.17.12:9901/tsfile/live/1145_1.m3u8
黑龙江,http://113.236.31.149:9901/tsfile/live/1145_1.m3u8
黑龙江,http://61.243.161.199:9901/tsfile/live/1145_1.m3u8
黑龙江,http://14.204.53.128:9901/tsfile/live/1005_1.m3u8
黑龙江,http://220.164.192.48:50085/tsfile/live/0138_1.m3u8
黑龙江公共,http://112.101.78.50:9901/tsfile/live/1006_1.m3u8
齐鲁,http://144.52.160.109:9901/tsfile/live/1018_1.m3u8
支持作者,https://vd2.bdstatic.com/mda-sctj0f96cn79js4n/1080p/cae_h264/1774710384405617311/mda-sctj0f96cn79js4n.mp4
大时代,https://live.metshop.top/huya/23865161
寻秦记,https://live.metshop.top/huya/29465848
电影嫣然影厅,http://live.metshop.top/huya/11601977?cdn=alicdn
延边2,http://stream5.jlntv.cn/wq/playlist.m3u8
中国村庄,http://newcntv.qcloudcdn.com/asp/hls/4000/0303000a/3/default/93fc12dbf14241c18c23da104fbade23/4000.m3u8
兵团五师双河影,https://liveout.btzx.com.cn/62ds9e/6o77s4.m3u8?zxinjd
地理中国,http://newcntv.qcloudcdn.com/asp/hls/1200/0303000a/3/default/c6baf6f74bb944aeacee1065ea72c798/1200.m3u8
珲春新闻,http://stream8.jlntv.cn/hctv/sd/live.m3u8?zjild
白山公共,http://stream8.jlntv.cn/baishan2/playlist.m3u8?zjild
通化县,http://stream5.jlntv.cn/thx/sd/live.m3u8?zjild
飞碟之谜02,https://newcntv.qcloudcdn.com/asp/hls/2000/0303000a/3/default/d2454bbb542d4613a9db478dab2addfd/2000.m3u8
AMC音乐,https://AMChls.wns.live/hls/stream.m3u8
◆◆◆　https://raw.githubusercontent.com/altn2025/iptv/main/iptv.m3u
翡翠台 (源1),http://php.jdshipin.com/TVOD/iptv.php?id=fct3
翡翠台 (源2),http://php.jdshipin.com/TVOD/iptv.php?id=fct4
翡翠台 (源3),http://php.jdshipin.com/TVOD/iptv.php?id=fct
翡翠台 (源4),http://php.jdshipin.com/TVOD/iptv.php?id=fct2
翡翠台 (马来西亚版),http://php.jdshipin.com/TVOD/iptv.php?id=huali
TVB星河 (源2),http://php.jdshipin.com/smt.php?id=Xinhe
HOY TV (源2),http://php.jdshipin.com/TVOD/iptv.php?id=hoytv2
中天娱乐,http://61.221.215.25:8800/hls/47/index.m3u8
动物星球,http://61.221.215.25:8800/hls/57/index.m3u8
卡通频道 (VPN),http://125.227.210.55:8167/VideoInput/play.ts
CNN International,https://ds2c506obo7m8.cloudfront.net/v1/master/3722c60a815c199d9c0ef36c5b73da68a62b09d1/cc-7zjq3tdqasbg8/index.m3u8
CBS News 24/7,https://cbsn-us.cbsnstream.cbsnews.com/out/v1/55a8648e8f134e82a470f83d562deeca/master.m3u8
LiveNow from Fox,https://d3tlzddkbbpp5n.cloudfront.net/v1/master/3722c60a815c199d9c0ef36c5b73da68a62b09d1/cc-9uzjfw11uj9nn/LiveNOW_from_FOX.m3u8
Sky News,https://d25w9q07b2mtmw.cloudfront.net/live/master.m3u8
ABC News Australia,https://abc-news-dmd-streams-1.akamaized.net/out/v1/701126012d044971b3fa89406a440133/index.m3u8
CBC News,https://amg00788-cbc-amg00788c4-xumo-us-3045.playouts.now.amagi.tv/master.m3u8
Reuters TV,https://amg00453-reuters-amg00453c1-xumo-us-2073.playouts.now.amagi.tv/reuters-reuters-hls/playlist.m3u8
Euronews,https://aegis-cloudfront-1.tubi.video/4748bce1-cc5e-471f-a922-bcf11fece245/index.m3u8
Bloomberg TV,https://bloomberg-bloombergtv-5-eu.plex.wurl.tv/playlist.m3u8
CNN International (360p),https://ds2c506obo7m8.cloudfront.net/v1/manifest/3722c60a815c199d9c0ef36c5b73da68a62b09d1/cc-7zjq3tdqasbg8/51afc09f-23c7-44d8-b866-8c4669d00460/3.m3u8
CNN International (540p),https://ds2c506obo7m8.cloudfront.net/v1/manifest/3722c60a815c199d9c0ef36c5b73da68a62b09d1/cc-7zjq3tdqasbg8/51afc09f-23c7-44d8-b866-8c4669d00460/2.m3u8
CNN International (720p),https://ds2c506obo7m8.cloudfront.net/v1/manifest/3722c60a815c199d9c0ef36c5b73da68a62b09d1/cc-7zjq3tdqasbg8/51afc09f-23c7-44d8-b866-8c4669d00460/1.m3u8
CNN International (1080p),https://ds2c506obo7m8.cloudfront.net/v1/manifest/3722c60a815c199d9c0ef36c5b73da68a62b09d1/cc-7zjq3tdqasbg8/51afc09f-23c7-44d8-b866-8c4669d00460/0.m3u8
CBS News 24/7 (360p),https://cbsn-us.cbsnstream.cbsnews.com/out/v1/55a8648e8f134e82a470f83d562deeca/master_21.m3u8
CBS News 24/7 (540p),https://cbsn-us.cbsnstream.cbsnews.com/out/v1/55a8648e8f134e82a470f83d562deeca/master_22.m3u8
CBS News 24/7 (720p),https://cbsn-us.cbsnstream.cbsnews.com/out/v1/55a8648e8f134e82a470f83d562deeca/master_24.m3u8
LiveNow from Fox (360p),https://d3tlzddkbbpp5n.cloudfront.net/v1/manifest/3722c60a815c199d9c0ef36c5b73da68a62b09d1/cc-9uzjfw11uj9nn/b3bd0bc8-906e-470e-8f4a-94558dfb0442/0.m3u8
LiveNow from Fox (480p),https://d3tlzddkbbpp5n.cloudfront.net/v1/manifest/3722c60a815c199d9c0ef36c5b73da68a62b09d1/cc-9uzjfw11uj9nn/b3bd0bc8-906e-470e-8f4a-94558dfb0442/1.m3u8
LiveNow from Fox (720p),https://d3tlzddkbbpp5n.cloudfront.net/v1/manifest/3722c60a815c199d9c0ef36c5b73da68a62b09d1/cc-9uzjfw11uj9nn/b3bd0bc8-906e-470e-8f4a-94558dfb0442/2.m3u8
LiveNow from Fox (1080p),https://d3tlzddkbbpp5n.cloudfront.net/v1/manifest/3722c60a815c199d9c0ef36c5b73da68a62b09d1/cc-9uzjfw11uj9nn/b3bd0bc8-906e-470e-8f4a-94558dfb0442/3.m3u8
Sky News (216p),https://d25w9q07b2mtmw.cloudfront.net/live/master_6.m3u8
Sky News (360p),https://d25w9q07b2mtmw.cloudfront.net/live/master_2.m3u8
Sky News (432p),https://d25w9q07b2mtmw.cloudfront.net/live/master_1.m3u8
Sky News (720p),https://d25w9q07b2mtmw.cloudfront.net/live/master_4.m3u8
Sky News (1080p),https://d25w9q07b2mtmw.cloudfront.net/live/master_5.m3u8
ABC News Australia (360p),https://abc-news-dmd-streams-1.akamaized.net/out/v1/701126012d044971b3fa89406a440133/index_7.m3u8
ABC News Australia (576p),https://abc-news-dmd-streams-1.akamaized.net/out/v1/701126012d044971b3fa89406a440133/index_6.m3u8
ABC News Australia (720p),https://abc-news-dmd-streams-1.akamaized.net/out/v1/701126012d044971b3fa89406a440133/index_5.m3u8
CBC News (240p),https://amg00788-cbc-amg00788c4-xumo-us-3045.playouts.now.amagi.tv/master240P.m3u8
CBC News (360p),https://amg00788-cbc-amg00788c4-xumo-us-3045.playouts.now.amagi.tv/master360P.m3u8
CBC News (480p),https://amg00788-cbc-amg00788c4-xumo-us-3045.playouts.now.amagi.tv/master480P.m3u8
CBC News (576p),https://amg00788-cbc-amg00788c4-xumo-us-3045.playouts.now.amagi.tv/master576P.m3u8
CBC News (720p),https://amg00788-cbc-amg00788c4-xumo-us-3045.playouts.now.amagi.tv/master720p.m3u8
CBC News (1080p),https://amg00788-cbc-amg00788c4-xumo-us-3045.playouts.now.amagi.tv/master1080P.m3u8
Reuters TV (240p),https://amg00453-reuters-amg00453c1-xumo-us-2073.playouts.now.amagi.tv/reuters-reuters-hls/playlist240P.m3u8
Reuters TV (360p),https://amg00453-reuters-amg00453c1-xumo-us-2073.playouts.now.amagi.tv/reuters-reuters-hls/playlist360P.m3u8
Reuters TV (480p),https://amg00453-reuters-amg00453c1-xumo-us-2073.playouts.now.amagi.tv/reuters-reuters-hls/playlist480P.m3u8
Reuters TV (576p),https://amg00453-reuters-amg00453c1-xumo-us-2073.playouts.now.amagi.tv/reuters-reuters-hls/playlist576P.m3u8
Reuters TV (720p),https://amg00453-reuters-amg00453c1-xumo-us-2073.playouts.now.amagi.tv/reuters-reuters-hls/playlist720p.m3u8
Reuters TV (1080p),https://amg00453-reuters-amg00453c1-xumo-us-2073.playouts.now.amagi.tv/reuters-reuters-hls/playlist1080P.m3u8
Euronews (240p),https://aegis-cloudfront-1.tubi.video/91f019ef-08a3-4379-9bc3-5080ef53813a/euronews-en-avc1_250000=1-mp4a_143200_eng=2.m3u8
Euronews (360p),https://aegis-cloudfront-1.tubi.video/91f019ef-08a3-4379-9bc3-5080ef53813a/euronews-en-avc1_360000=3-mp4a_143200_eng=2.m3u8
Euronews (480p),https://aegis-cloudfront-1.tubi.video/91f019ef-08a3-4379-9bc3-5080ef53813a/euronews-en-avc1_480000=4-mp4a_143200_eng=2.m3u8
Euronews (576p),https://aegis-cloudfront-1.tubi.video/91f019ef-08a3-4379-9bc3-5080ef53813a/euronews-en-avc1_900000=5-mp4a_143200_eng=2.m3u8
Euronews (720p),https://aegis-cloudfront-1.tubi.video/91f019ef-08a3-4379-9bc3-5080ef53813a/euronews-en-avc1_3300000=7-mp4a_143200_eng=2.m3u8
Bloomberg TV (272p),https://bloomberg-bloombergtv-5-eu.plex.wurl.tv/c2270dd8b41c6356dc14fae747a32c29.m3u8
Bloomberg TV (360p),https://bloomberg-bloombergtv-5-eu.plex.wurl.tv/170f2f717127ac5dc8bbb9f4c8445c51.m3u8
Bloomberg TV (720p),https://bloomberg-bloombergtv-5-eu.plex.wurl.tv/6b37746aa01646b6e8bcdbf391371600.m3u8
Bloomberg TV (1080p),https://bloomberg-bloombergtv-5-eu.plex.wurl.tv/3ea2c48ba0034cc276591c94a5b439c0.m3u8
Vevo '70s,https://dlpg8tl1ugdoo.cloudfront.net/v1/master/3722c60a815c199d9c0ef36c5b73da68a62b09d1/cc-u38d4zi2bpmec/Vevo_70s.m3u8?ads.device_did=%7BPSID%7D&ads.device_dnt=%7BTARGETOPT%7D&ads.us_privacy=1YNY&ads.app_domain=%7BAPP_DOMAIN%7D&ads.app_name=%7BAPP_NAME%7D&ads.ssai_vendor=SSSLIVE&ads.service_id=USBD300011KQ
Vevo '80s,https://d17i214xp3vw8a.cloudfront.net/v1/master/3722c60a815c199d9c0ef36c5b73da68a62b09d1/cc-5vjb8mjxp73gd/Vevo_80s.m3u8?ads.device_did=%7BPSID%7D&ads.device_dnt=%7BTARGETOPT%7D&ads.us_privacy=1YNY&ads.app_domain=%7BAPP_DOMAIN%7D&ads.app_name=%7BAPP_NAME%7D&ads.ssai_vendor=SSSLIVE&ads.service_id=USBD300012YC
Vevo '90s,https://d321u5fu9qef79.cloudfront.net/v1/master/3722c60a815c199d9c0ef36c5b73da68a62b09d1/cc-yinfe6h5dj8i1/Vevo_90s.m3u8?ads.device_did=%7BPSID%7D&ads.device_dnt=%7BTARGETOPT%7D&ads.us_privacy=1YNY&ads.app_domain=%7BAPP_DOMAIN%7D&ads.app_name=%7BAPP_NAME%7D&ads.ssai_vendor=SSSLIVE&ads.service_id=USBD3000133M
Vevo 2K,https://d4dkvp1ga8v8z.cloudfront.net/v1/master/3722c60a815c199d9c0ef36c5b73da68a62b09d1/cc-pkvocv263tp96/Vevo_2K.m3u8?ads.device_did=%7BPSID%7D&ads.device_dnt=%7BTARGETOPT%7D&ads.us_privacy=1YNY&ads.app_domain=%7BAPP_DOMAIN%7D&ads.app_name=%7BAPP_NAME%7D&ads.ssai_vendor=SSSLIVE&ads.service_id=USBB4400015F5
Vevo 2010s,https://d1td33xo32wcw8.cloudfront.net/v1/master/3722c60a815c199d9c0ef36c5b73da68a62b09d1/cc-eriheq1pngmtd/Vevo_2010s.m3u8?ads.device_did=%7BPSID%7D&ads.device_dnt=%7BTARGETOPT%7D&ads.us_privacy=1YNY&ads.app_domain=%7BAPP_DOMAIN%7D&ads.app_name=%7BAPP_NAME%7D&ads.ssai_vendor=SSSLIVE&ads.service_id=USBD120002431
Vevo Pop,https://d33yiufuiyic30.cloudfront.net/v1/master/3722c60a815c199d9c0ef36c5b73da68a62b09d1/cc-f94huxetzks7d/Vevo_Pop.m3u8?ads.device_did=%7BPSID%7D&ads.device_dnt=%7BTARGETOPT%7D&ads.us_privacy=1YNY&ads.app_domain=%7BAPP_DOMAIN%7D&ads.app_name=%7BAPP_NAME%7D&ads.ssai_vendor=SSSLIVE&ads.service_id=USBC3600008WY
Vevo R&B,https://d3cu9t0v0j3v7r.cloudfront.net/v1/master/3722c60a815c199d9c0ef36c5b73da68a62b09d1/cc-irsyy4yjtdieo/Vevo_R_B.m3u8?ads.device_did=%7BPSID%7D&ads.device_dnt=%7BTARGETOPT%7D&ads.us_privacy=1YNY&ads.app_domain=%7BAPP_DOMAIN%7D&ads.app_name=%7BAPP_NAME%7D&ads.ssai_vendor=SSSLIVE&ads.service_id=USBC3900009K5
Vevo Hip-Hop,https://d14y8035xivxd.cloudfront.net/v1/master/3722c60a815c199d9c0ef36c5b73da68a62b09d1/cc-46idq7bdmcbwf/Vevo_Hip_Hop.m3u8?ads.device_did=%7BPSID%7D&ads.device_dnt=%7BTARGETOPT%7D&ads.us_privacy=1YNY&ads.app_domain=%7BAPP_DOMAIN%7D&ads.app_name=%7BAPP_NAME%7D&ads.ssai_vendor=SSSLIVE&ads.service_id=USBC3600002EK
Vevo Country,https://d3u2u3qzvtw7w.cloudfront.net/v1/master/3722c60a815c199d9c0ef36c5b73da68a62b09d1/cc-apxt8ie33sx6d/Vevo_Country.m3u8?ads.device_did=%7BPSID%7D&ads.device_dnt=%7BTARGETOPT%7D&ads.us_privacy=1YNY&ads.app_domain=%7BAPP_DOMAIN%7D&ads.app_name=%7BAPP_NAME%7D&ads.ssai_vendor=SSSLIVE&ads.service_id=USBC3600001RQ
Vevo Retro Rock,https://d2hdqrshyzxswl.cloudfront.net/v1/master/3722c60a815c199d9c0ef36c5b73da68a62b09d1/cc-neu8sqvbxozkb/Vevo_Retro_Rock.m3u8?ads.device_did=%7BPSID%7D&ads.device_dnt=%7BTARGETOPT%7D&ads.us_privacy=1YNY&ads.app_domain=%7BAPP_DOMAIN%7D&ads.app_name=%7BAPP_NAME%7D&ads.ssai_vendor=SSSLIVE&ads.service_id=USBD3000145P
Vevo Features,https://d1ze674i4apj8g.cloudfront.net/v1/master/3722c60a815c199d9c0ef36c5b73da68a62b09d1/cc-dnsrl2co4rjn8/Vevo_Features.m3u8?ads.device_did=%7BPSID%7D&ads.device_dnt=%7BTARGETOPT%7D&ads.us_privacy=1YNY&ads.app_domain=%7BAPP_DOMAIN%7D&ads.app_name=%7BAPP_NAME%7D&ads.ssai_vendor=SSSLIVE&ads.service_id=USBD1200008GL
Vevo Latino,https://d1ylrwzh4ekdq4.cloudfront.net/v1/master/3722c60a815c199d9c0ef36c5b73da68a62b09d1/cc-2v53vq46l9e0c/Vevo_Latino.m3u8?ads.device_did=%7BPSID%7D&ads.device_dnt=%7BTARGETOPT%7D&ads.us_privacy=1YNY&ads.app_domain=%7BAPP_DOMAIN%7D&ads.app_name=%7BAPP_NAME%7D&ads.ssai_vendor=SSSLIVE&ads.service_id=USBC3600015GF
XITE 80s Flashback,https://d1n314cytqn9r3.cloudfront.net/v1/master/3722c60a815c199d9c0ef36c5b73da68a62b09d1/cc-bklagqy82v0pr/XITE_80s_Flashback.m3u8?ads.device_did=%7BPSID%7D&ads.device_dnt=%7BTARGETOPT%7D&ads.us_privacy=1YNY&ads.app_domain=%7BAPP_DOMAIN%7D&ads.app_name=%7BAPP_NAME%7D&ads.ssai_vendor=SSSLIVE&ads.service_id=USBB320000647
XITE 90s Throwback,https://d284aawtm5vi48.cloudfront.net/v1/master/3722c60a815c199d9c0ef36c5b73da68a62b09d1/cc-fjdfi2br1jtq7/XITE_90s_Throwback.m3u8?ads.device_did=%7BPSID%7D&ads.device_dnt=%7BTARGETOPT%7D&ads.us_privacy=1YNY&ads.app_domain=%7BAPP_DOMAIN%7D&ads.app_name=%7BAPP_NAME%7D&ads.ssai_vendor=SSSLIVE&ads.service_id=USBB3200007AK
XITE Celebrates,https://dt1s4l2cmiyit.cloudfront.net/v1/master/3722c60a815c199d9c0ef36c5b73da68a62b09d1/cc-fcwpee1h7t5cs/XITE_Celebrates.m3u8?ads.device_did=%7BPSID%7D&ads.device_dnt=%7BTARGETOPT%7D&ads.us_privacy=1YNY&ads.app_domain=%7BAPP_DOMAIN%7D&ads.app_name=%7BAPP_NAME%7D&ads.ssai_vendor=SSSLIVE&ads.service_id=USBD350003932
XITE Classic Country,https://d2tcgvmxn0otsl.cloudfront.net/v1/master/3722c60a815c199d9c0ef36c5b73da68a62b09d1/cc-vxf3mwifay8co/XITE_Countrys_Finest.m3u8?ads.device_did=%7BPSID%7D&ads.device_dnt=%7BTARGETOPT%7D&ads.us_privacy=1YNY&ads.app_domain=%7BAPP_DOMAIN%7D&ads.app_name=%7BAPP_NAME%7D&ads.ssai_vendor=SSSLIVE&ads.service_id=USBD3300011UT
XITE Country Today,https://d18gddrg3q1rlq.cloudfront.net/v1/master/3722c60a815c199d9c0ef36c5b73da68a62b09d1/cc-l4hn4yums84y5/XITE_Country_Today.m3u8?ads.device_did=%7BPSID%7D&ads.device_dnt=%7BTARGETOPT%7D&ads.us_privacy=1YNY&ads.app_domain=%7BAPP_DOMAIN%7D&ads.app_name=%7BAPP_NAME%7D&ads.ssai_vendor=SSSLIVE&ads.service_id=USBD3300006O3
XITE Hits,https://d726x48n2pd5h.cloudfront.net/v1/master/3722c60a815c199d9c0ef36c5b73da68a62b09d1/cc-skxr1pazhltvp/XITE_Hits.m3u8?ads.device_did=%7BPSID%7D&ads.device_dnt=%7BTARGETOPT%7D&ads.us_privacy=1YNY&ads.app_domain=%7BAPP_DOMAIN%7D&ads.app_name=%7BAPP_NAME%7D&ads.ssai_vendor=SSSLIVE&ads.service_id=USBD3300004RH
XITE Icons,https://d13bxksjj2abuy.cloudfront.net/v1/master/3722c60a815c199d9c0ef36c5b73da68a62b09d1/cc-yxuum05f6hop9/XITE_Icons.m3u8?ads.device_did=%7BPSID%7D&ads.device_dnt=%7BTARGETOPT%7D&ads.us_privacy=1YNY&ads.app_domain=%7BAPP_DOMAIN%7D&ads.app_name=%7BAPP_NAME%7D&ads.ssai_vendor=SSSLIVE&ads.service_id=USBD3300005EX
XITE Just Chill,https://dvnftgdlbnemm.cloudfront.net/v1/master/3722c60a815c199d9c0ef36c5b73da68a62b09d1/cc-dh48uzd9o895t/XITE_Just_Chill.m3u8?ads.device_did=%7BPSID%7D&ads.device_dnt=%7BTARGETOPT%7D&ads.us_privacy=1YNY&ads.app_domain=%7BAPP_DOMAIN%7D&ads.app_name=%7BAPP_NAME%7D&ads.ssai_vendor=SSSLIVE&ads.service_id=USBB2300003JZ
XITE Nuevo Latino,https://d3bsgqzbpkrvbb.cloudfront.net/v1/master/3722c60a815c199d9c0ef36c5b73da68a62b09d1/cc-w288eaw03izg1/XITE_Nuevo_Latino.m3u8?ads.device_did=%7BPSID%7D&ads.device_dnt=%7BTARGETOPT%7D&ads.us_privacy=1YNY&ads.app_domain=%7BAPP_DOMAIN%7D&ads.app_name=%7BAPP_NAME%7D&ads.ssai_vendor=SSSLIVE&ads.service_id=USBD3300007PB
XITE Only Love,https://d3a9vrmy2tps6h.cloudfront.net/v1/master/3722c60a815c199d9c0ef36c5b73da68a62b09d1/cc-wvkbtotxbhlwq/XITE_Only_Love.m3u8?ads.device_did=%7BPSID%7D&ads.device_dnt=%7BTARGETOPT%7D&ads.us_privacy=1YNY&ads.app_domain=%7BAPP_DOMAIN%7D&ads.app_name=%7BAPP_NAME%7D&ads.ssai_vendor=SSSLIVE&ads.service_id=USBD3300008DG
XITE R&B Classic Jams,https://d163j5tlekse0h.cloudfront.net/v1/master/3722c60a815c199d9c0ef36c5b73da68a62b09d1/cc-133wbycdrwhvy/XITE_RnB_Classic_Jams.m3u8?ads.device_did=%7BPSID%7D&ads.device_dnt=%7BTARGETOPT%7D&ads.us_privacy=1YNY&ads.app_domain=%7BAPP_DOMAIN%7D&ads.app_name=%7BAPP_NAME%7D&ads.ssai_vendor=SSSLIVE&ads.service_id=USBD330000948
XITE Rock x Metal,https://d198ro05q94rc4.cloudfront.net/v1/master/3722c60a815c199d9c0ef36c5b73da68a62b09d1/cc-c5xdq9qwilrd2/XITE_Rock_On.m3u8?ads.device_did=%7BPSID%7D&ads.device_dnt=%7BTARGETOPT%7D&ads.us_privacy=1YNY&ads.app_domain=%7BAPP_DOMAIN%7D&ads.app_name=%7BAPP_NAME%7D&ads.ssai_vendor=SSSLIVE&ads.service_id=USBB2300004KV
XITE Siempre Latino,https://d1xc25jm9e0l4b.cloudfront.net/v1/master/3722c60a815c199d9c0ef36c5b73da68a62b09d1/cc-xplkt8i7m24dc/XITE_Siempre_Latino.m3u8?ads.device_did=%7BPSID%7D&ads.device_dnt=%7BTARGETOPT%7D&ads.us_privacy=1YNY&ads.app_domain=%7BAPP_DOMAIN%7D&ads.app_name=%7BAPP_NAME%7D&ads.ssai_vendor=SSSLIVE&ads.service_id=USBD3300010L9
Stingray Classica,https://lotus.stingray.com/manifest/classica-cla008-montreal/samsungtvplus/master.m3u8
Stingray DJAZZ,https://lotus.stingray.com/manifest/djazz-djaads-montreal/samsungtvplus/master.m3u8
Stingray Naturescape,https://lotus.stingray.com/manifest/naturescape-a003-montreal/samsungtvplus/master.m3u8
Qello Concerts by Stingray,https://lotus.stingray.com/manifest/qello-qello001-montreal/samsungtvplus/master.m3u8
Now Rock,https://lightning-now90s-samsungnz.amagi.tv/playlist.m3u8
Deluxe Music,https://sdn-global-live-streaming-packager-cache.3qsdn.com/13456/13456_264_live.m3u8
Schlager Deluxe,https://sdn-global-live-streaming-packager-cache.3qsdn.com/26658/26658_264_live.m3u8
Deluxe Dance by Kontor,https://sdn-global-live-streaming-packager-cache.3qsdn.com/64733/64733_264_live.m3u8
Deluxe Rap,https://d2l1hs6hxlg3df.cloudfront.net/v1/master/3722c60a815c199d9c0ef36c5b73da68a62b09d1/cc-pb0nloqsgtwc2/index.m3u8?ads.device_did=%7BPSID%7D&ads.device_dnt=%7BTARGETOPT%7D&ads.app_domain=%7BAPP_DOMAIN%7D&ads.app_name=%7BAPP_NAME%7D&ads.consent=%7BTC_STRING%7D&ads.ssai_vendor=SSSLIVE&ads.service_id=DEBD3800001QD
Deluxe Deutschpop,https://d46c0ebf9ef94053848fdd7b1f2f6b90.mediatailor.eu-central-1.amazonaws.com/v1/master/81bfcafb76f9c947b24574657a9ce7fe14ad75c0/live-prod/95d6544c-4164-11ec-9c7c-2cf753b8a203/0/master.m3u8?uid=%7BPSID%7D&optout=%7BTARGETOPT%7D&country=DE&vendor=samsung&ads:app_domain=%7BAPP_DOMAIN%7D&ads:app_name=%7BAPP_NAME%7D&coppa=1&ads:tcf=%7BTC_STRING%7D
Deluxe Lounge,https://d46c0ebf9ef94053848fdd7b1f2f6b90.mediatailor.eu-central-1.amazonaws.com/v1/master/81bfcafb76f9c947b24574657a9ce7fe14ad75c0/live-prod/ec8e5c43-6fae-11eb-908d-533d39655269/0/master.m3u8?uid=%7BPSID%7D&optout=%7BTARGETOPT%7D&country=DE&vendor=samsung&ads:app_domain=%7BAPP_DOMAIN%7D&ads:app_name=%7BAPP_NAME%7D&coppa=1&ads:tcf=%7BTC_STRING%7D
New K-Pop,https://newidco-newkid-1-eu.plex.wurl.tv/playlist.m3u8
YG TV,https://newidco-ygtv-1-us.plex.wurl.tv/playlist.m3u8
Classic Arts Showcase,https://classicarts.akamaized.net/hls/live/1024257/CAS/master.m3u8
Clubbing TV,https://clubbingtv-samsungnz.amagi.tv/playlist.m3u8
Afrobeats,https://stream.ecable.tv/afrobeats/index.m3u8
Qwest TV,https://qwest-jazz-plex.amagi.tv/playlist.m3u8
SPIN,https://bec-spin-1-us.plex.wurl.tv/playlist.m3u8
Def Jam,https://aegis-cloudfront-1.tubi.video/b2fc97e6-b98f-42b4-be35-bd0361f1f637/index.m3u8
California Music Channel,https://cmc-ono.amagi.tv/playlist.m3u8
Loupe,https://d2dw21aq0j0l5c.cloudfront.net/playlist.m3u8
Magic TV,https://tv.broadcasting.ro/magictv/925f90db-5c88-4190-a53d-5163cdffe6f4.m3u8
Kiss TV,https://tv.broadcasting.ro/kisstv/a629c031-2170-4ee9-a36d-87a891aa3131.m3u8
Kiss Kiss TV,https://58f12ffd2447a.streamlock.net/KKMulti/livestream/playlist.m3u8
VH1+ Rock Italy (VPN),https://stitcher-ipv4.pluto.tv/v1/stitch/embed/hls/channel/636a4173e34fd50007534542/master.m3u8?advertisingId={PSID}&appVersion=unknown&deviceDNT={TARGETOPT}&deviceId={PSID}&deviceLat=0&deviceLon=0&deviceMake=samsung&deviceModel=samsung&deviceType=samsung-tvplus&deviceVersion=unknown&embedPartner=samsung-tvplus&profileFloor=&profileLimit=&samsung_app_domain={APP_DOMAIN}&samsung_app_name={APP_NAME}&us_privacy=1YNY
Muzzik Rock&Roll,https://muzzik-live.morescreens.com/mts-1/playlist.m3u8
Muzzik MOBA,https://muzzik-live.morescreens.com/mts-2/playlist.m3u8
Muzzik POP STAR,https://muzzik-live.morescreens.com/mts-3/playlist.m3u8
J.E.K.A. Muzzik,https://muzzik-live.morescreens.com/mts-4/playlist.m3u8
Muzzik ZZ TV,https://muzzik-live.morescreens.com/mts-a4/playlist.m3u8
Worldwide Muzzik,https://muzzik-live.morescreens.com/mts-5/playlist.m3u8
Muzzik TIKTAK,https://muzzik-live.morescreens.com/mts-a5/playlist.m3u8
MUZZIK,https://muzzik-live.morescreens.com/mts-6/playlist.m3u8
Muzzik SENSE,https://muzzik-live.morescreens.com/mts-7/playlist.m3u8
Muzzik FLASHBACK,https://muzzik-live.morescreens.com/mts-8/playlist.m3u8
Muzzik ELECTRO,https://muzzik-live.morescreens.com/mts-9/playlist.m3u8
Vevo '70s (240p),https://amg00056-vevotv-vevo70s-plex-83ipk.amagi.tv/playlist/amg00056-vevotv-vevo70s-plex/cb51341f65706d909bc9216fd9d34ddd844c3bdd0b61cb3071aa448f1298410ddafbb2d3932fff6e429e14ce0548340508398f06d96201ccce38ee5b357d09748388ee2282cc027ee78b547538a7781a56a80c47852d4e71dabe1e45d46cb07f484aed596c1b64dbe458ab275b90835bda7c4be297fa59b09ade6ebf6c77d7dc3bb1c59d180d8d31f3ee590ac20d64ddb037acf4806f4de671a836c334ae54c8b8c091e31295beb542a022c52690e70a5de0806fbcb72b7ca2ba2348b9643a490e50a98f86e64b318448564effc52cde0fa23ec1932c8d6c36f455d61fc478bd62a40da8f65de0838f9f140f68ff846f732ea4e0ae9eb4627ded3dbbb0ff87222dd7a65d384bc066dd620c3d93f6c466f7a97ca1bf2d81bb7e0e7897e323b5a9f2d5a1e1f71bf64ce7cef78a325141651078fd74ac8e68c927d86ce8eb0b31504256a8881589c6ee573e664091931cb3371eaad09f8ccf04589b394e428980b8e7d5fd1752b3ad16329ecca1c4a585696066ca1edc/195/426x240_511680/index.m3u8
Vevo '70s (360p),https://amg00056-vevotv-vevo70s-plex-83ipk.amagi.tv/playlist/amg00056-vevotv-vevo70s-plex/cb51341f65706d909bc9216fd9d34ddd844c3bdd0b61cb3071aa448f1298410ddafbb2d3932fff6e429e14ce0548340508398f06d96201ccce38ee5b357d09748388ee2282cc027ee78b547538a7781a56a80c47852d4e71dabe1e45d46cb07f484aed596c1b64dbe458ab275b90835bda7c4be297fa59b09ade6ebf6c77d7dc3bb1c59d180d8d31f3ee590ac20d64ddb037acf4806f4de671a836c334ae54c8b8c091e31295beb542a022c52690e70a5de0806fbcb72b7ca2ba2348b9643a490e50a98f86e64b318448564effc52cde0fa23ec1932c8d6c36f455d61fc478bd62a40da8f65de0838f9f140f68ff846f732ea4e0ae9eb4627ded3dbbb0ff87222dd7a65d384bc066dd620c3d93f6c466f7a97ca1bf2d81bb7e0e7897e323b5a9f2d5a1e1f71bf64ce7cef78a325141651078fd74ac8e68c927d86ce8eb0b31504256a8881589c6ee573e664091931cb3371eaad09f8ccf04589b394e428980b8e7d5fd1752b3ad16329ecca1c4a585696066ca1edc/195/640x360_1057680/index.m3u8
Vevo '70s (480p),https://amg00056-vevotv-vevo70s-plex-83ipk.amagi.tv/playlist/amg00056-vevotv-vevo70s-plex/cb51341f65706d909bc9216fd9d34ddd844c3bdd0b61cb3071aa448f1298410ddafbb2d3932fff6e429e14ce0548340508398f06d96201ccce38ee5b357d09748388ee2282cc027ee78b547538a7781a56a80c47852d4e71dabe1e45d46cb07f484aed596c1b64dbe458ab275b90835bda7c4be297fa59b09ade6ebf6c77d7dc3bb1c59d180d8d31f3ee590ac20d64ddb037acf4806f4de671a836c334ae54c8b8c091e31295beb542a022c52690e70a5de0806fbcb72b7ca2ba2348b9643a490e50a98f86e64b318448564effc52cde0fa23ec1932c8d6c36f455d61fc478bd62a40da8f65de0838f9f140f68ff846f732ea4e0ae9eb4627ded3dbbb0ff87222dd7a65d384bc066dd620c3d93f6c466f7a97ca1bf2d81bb7e0e7897e323b5a9f2d5a1e1f71bf64ce7cef78a325141651078fd74ac8e68c927d86ce8eb0b31504256a8881589c6ee573e664091931cb3371eaad09f8ccf04589b394e428980b8e7d5fd1752b3ad16329ecca1c4a585696066ca1edc/195/848x480_2284360/index.m3u8
Vevo '70s (720p),https://amg00056-vevotv-vevo70s-plex-83ipk.amagi.tv/playlist/amg00056-vevotv-vevo70s-plex/cb51341f65706d909bc9216fd9d34ddd844c3bdd0b61cb3071aa448f1298410ddafbb2d3932fff6e429e14ce0548340508398f06d96201ccce38ee5b357d09748388ee2282cc027ee78b547538a7781a56a80c47852d4e71dabe1e45d46cb07f484aed596c1b64dbe458ab275b90835bda7c4be297fa59b09ade6ebf6c77d7dc3bb1c59d180d8d31f3ee590ac20d64ddb037acf4806f4de671a836c334ae54c8b8c091e31295beb542a022c52690e70a5de0806fbcb72b7ca2ba2348b9643a490e50a98f86e64b318448564effc52cde0fa23ec1932c8d6c36f455d61fc478bd62a40da8f65de0838f9f140f68ff846f732ea4e0ae9eb4627ded3dbbb0ff87222dd7a65d384bc066dd620c3d93f6c466f7a97ca1bf2d81bb7e0e7897e323b5a9f2d5a1e1f71bf64ce7cef78a325141651078fd74ac8e68c927d86ce8eb0b31504256a8881589c6ee573e664091931cb3371eaad09f8ccf04589b394e428980b8e7d5fd1752b3ad16329ecca1c4a585696066ca1edc/195/1280x720_4473040/index.m3u8
Vevo '70s (1080p),https://amg00056-vevotv-vevo70s-plex-83ipk.amagi.tv/playlist/amg00056-vevotv-vevo70s-plex/cb51341f65706d909bc9216fd9d34ddd844c3bdd0b61cb3071aa448f1298410ddafbb2d3932fff6e429e14ce0548340508398f06d96201ccce38ee5b357d09748388ee2282cc027ee78b547538a7781a56a80c47852d4e71dabe1e45d46cb07f484aed596c1b64dbe458ab275b90835bda7c4be297fa59b09ade6ebf6c77d7dc3bb1c59d180d8d31f3ee590ac20d64ddb037acf4806f4de671a836c334ae54c8b8c091e31295beb542a022c52690e70a5de0806fbcb72b7ca2ba2348b9643a490e50a98f86e64b318448564effc52cde0fa23ec1932c8d6c36f455d61fc478bd62a40da8f65de0838f9f140f68ff846f732ea4e0ae9eb4627ded3dbbb0ff87222dd7a65d384bc066dd620c3d93f6c466f7a97ca1bf2d81bb7e0e7897e323b5a9f2d5a1e1f71bf64ce7cef78a325141651078fd74ac8e68c927d86ce8eb0b31504256a8881589c6ee573e664091931cb3371eaad09f8ccf04589b394e428980b8e7d5fd1752b3ad16329ecca1c4a585696066ca1edc/195/1920x1080_7333040/index.m3u8
Vevo '80s (240p),https://amg00056-vevotv-vevo80s-plex-v3m0l.amagi.tv/playlist/amg00056-vevotv-vevo80s-plex/cb503f19657b7b8d9ed43c6ef2fc3dff915f3edd062fd12b6fba4cf02c9f4b06c2ffe1bd895be9765d940fba235339040323d41ec07c0ad79c3ca2503562176d8ac4eb208c89655ce18350383ebb2f4f52aa5b17d63800738aba5759d438b3340443b95d230764deed5bae7e57c2d55e8e1d95ba97f559e886976db56f3886b263c6a1b819108c7cc2f54d0cc06c67cfb870b7a53c26541969b47ef829b350c58281d68652dbd5c049976f64f2c33a501aba887090c85ab998e901840cbb4a347c7ccad9fbd742308f494c55ebb5acd500a94398d873d3285fcf71a39e5bbc74e78e29dee2c09a8fe55777e1791ea0110e06ade0b283f8347c9e6ef2a1e8da7c467e977e256ac677d12e2739dfa88544c48b229fb8278aa37a5d16f4d113d5cce9c3dba2844e992bde88a3d66d190e711258d70cecca249b25d473ad8e34245f464bdfe93fadb1d050346d5895c009a675358d9bddcd8e746aa0093653eb72d6480a6ad84e1755eb39fc8832699d662f9d2531f44a309202b1f81bfca9dfea1128f7b9e347ec64fbba1ad89553fa342438e2d27bcfdd9e2a9939236539c5cc98ff6a7a41110afc05/139/426x240_511680/index.m3u8
Vevo '80s (360p),https://amg00056-vevotv-vevo80s-plex-v3m0l.amagi.tv/playlist/amg00056-vevotv-vevo80s-plex/cb503f19657b7b8d9ed43c6ef2fc3dff915f3edd062fd12b6fba4cf02c9f4b06c2ffe1bd895be9765d940fba235339040323d41ec07c0ad79c3ca2503562176d8ac4eb208c89655ce18350383ebb2f4f52aa5b17d63800738aba5759d438b3340443b95d230764deed5bae7e57c2d55e8e1d95ba97f559e886976db56f3886b263c6a1b819108c7cc2f54d0cc06c67cfb870b7a53c26541969b47ef829b350c58281d68652dbd5c049976f64f2c33a501aba887090c85ab998e901840cbb4a347c7ccad9fbd742308f494c55ebb5acd500a94398d873d3285fcf71a39e5bbc74e78e29dee2c09a8fe55777e1791ea0110e06ade0b283f8347c9e6ef2a1e8da7c467e977e256ac677d12e2739dfa88544c48b229fb8278aa37a5d16f4d113d5cce9c3dba2844e992bde88a3d66d190e711258d70cecca249b25d473ad8e34245f464bdfe93fadb1d050346d5895c009a675358d9bddcd8e746aa0093653eb72d6480a6ad84e1755eb39fc8832699d662f9d2531f44a309202b1f81bfca9dfea1128f7b9e347ec64fbba1ad89553fa342438e2d27bcfdd9e2a9939236539c5cc98ff6a7a41110afc05/139/640x360_1057680/index.m3u8
Vevo '80s (480p),https://amg00056-vevotv-vevo80s-plex-v3m0l.amagi.tv/playlist/amg00056-vevotv-vevo80s-plex/cb503f19657b7b8d9ed43c6ef2fc3dff915f3edd062fd12b6fba4cf02c9f4b06c2ffe1bd895be9765d940fba235339040323d41ec07c0ad79c3ca2503562176d8ac4eb208c89655ce18350383ebb2f4f52aa5b17d63800738aba5759d438b3340443b95d230764deed5bae7e57c2d55e8e1d95ba97f559e886976db56f3886b263c6a1b819108c7cc2f54d0cc06c67cfb870b7a53c26541969b47ef829b350c58281d68652dbd5c049976f64f2c33a501aba887090c85ab998e901840cbb4a347c7ccad9fbd742308f494c55ebb5acd500a94398d873d3285fcf71a39e5bbc74e78e29dee2c09a8fe55777e1791ea0110e06ade0b283f8347c9e6ef2a1e8da7c467e977e256ac677d12e2739dfa88544c48b229fb8278aa37a5d16f4d113d5cce9c3dba2844e992bde88a3d66d190e711258d70cecca249b25d473ad8e34245f464bdfe93fadb1d050346d5895c009a675358d9bddcd8e746aa0093653eb72d6480a6ad84e1755eb39fc8832699d662f9d2531f44a309202b1f81bfca9dfea1128f7b9e347ec64fbba1ad89553fa342438e2d27bcfdd9e2a9939236539c5cc98ff6a7a41110afc05/139/848x480_2284360/index.m3u8
Vevo '80s (720p),https://amg00056-vevotv-vevo80s-plex-v3m0l.amagi.tv/playlist/amg00056-vevotv-vevo80s-plex/cb503f19657b7b8d9ed43c6ef2fc3dff915f3edd062fd12b6fba4cf02c9f4b06c2ffe1bd895be9765d940fba235339040323d41ec07c0ad79c3ca2503562176d8ac4eb208c89655ce18350383ebb2f4f52aa5b17d63800738aba5759d438b3340443b95d230764deed5bae7e57c2d55e8e1d95ba97f559e886976db56f3886b263c6a1b819108c7cc2f54d0cc06c67cfb870b7a53c26541969b47ef829b350c58281d68652dbd5c049976f64f2c33a501aba887090c85ab998e901840cbb4a347c7ccad9fbd742308f494c55ebb5acd500a94398d873d3285fcf71a39e5bbc74e78e29dee2c09a8fe55777e1791ea0110e06ade0b283f8347c9e6ef2a1e8da7c467e977e256ac677d12e2739dfa88544c48b229fb8278aa37a5d16f4d113d5cce9c3dba2844e992bde88a3d66d190e711258d70cecca249b25d473ad8e34245f464bdfe93fadb1d050346d5895c009a675358d9bddcd8e746aa0093653eb72d6480a6ad84e1755eb39fc8832699d662f9d2531f44a309202b1f81bfca9dfea1128f7b9e347ec64fbba1ad89553fa342438e2d27bcfdd9e2a9939236539c5cc98ff6a7a41110afc05/139/1280x720_4473040/index.m3u8
Vevo '80s (1080p),https://amg00056-vevotv-vevo80s-plex-v3m0l.amagi.tv/playlist/amg00056-vevotv-vevo80s-plex/cb503f19657b7b8d9ed43c6ef2fc3dff915f3edd062fd12b6fba4cf02c9f4b06c2ffe1bd895be9765d940fba235339040323d41ec07c0ad79c3ca2503562176d8ac4eb208c89655ce18350383ebb2f4f52aa5b17d63800738aba5759d438b3340443b95d230764deed5bae7e57c2d55e8e1d95ba97f559e886976db56f3886b263c6a1b819108c7cc2f54d0cc06c67cfb870b7a53c26541969b47ef829b350c58281d68652dbd5c049976f64f2c33a501aba887090c85ab998e901840cbb4a347c7ccad9fbd742308f494c55ebb5acd500a94398d873d3285fcf71a39e5bbc74e78e29dee2c09a8fe55777e1791ea0110e06ade0b283f8347c9e6ef2a1e8da7c467e977e256ac677d12e2739dfa88544c48b229fb8278aa37a5d16f4d113d5cce9c3dba2844e992bde88a3d66d190e711258d70cecca249b25d473ad8e34245f464bdfe93fadb1d050346d5895c009a675358d9bddcd8e746aa0093653eb72d6480a6ad84e1755eb39fc8832699d662f9d2531f44a309202b1f81bfca9dfea1128f7b9e347ec64fbba1ad89553fa342438e2d27bcfdd9e2a9939236539c5cc98ff6a7a41110afc05/139/1920x1080_7333040/index.m3u8
Vevo '90s (240p),https://amg00056-vevotv-vevo90s-plex-px1tg.amagi.tv/playlist/amg00056-vevotv-vevo90s-plex/cb503f19657b7b8d9ed43c6ef2fc3dff915f3edd062fd12b6fba4cf02c9f4b06c2ffe1bd895be9765d940fba235339040323d41ec07c0ad79c3ca2503562176d8ac4eb208c89655ce18350383ee7294b02f85b15d73800738aba5759d438b3340445bc0c2306648fbb0bff2406978903df1d95ba97f559e886976db56f3886b263c6a1b819108c7cc2f54d0cc06c67cfb870b7a53c26541969b47ef829b350c58281d68652dbd5c049976f64f2c33a501aba887090c85ab998e901840cbb4a347c7ccad9fbd742308f494c55ebb5acd500a94398d873d3285fcf71a39e5bbc74e78e29dee2c09a8fe55777e1791ea0110e06ade0b283f8347c9e6ef2a1e8da7c467e977e256ac677d12e2739dfa88544c48b229fb8278aa37a5d16f4d113d5cce9c3dba2844e992bde88a3d66d190e711258d70cecca249b25d473ad8e34245f464bdfe93fadb1d050346d5895c009a675358d9bddcd8e746aa0093653eb72d6480a6ad84e1755eb39fc8832699d662f9d2531f44a309202b1f81bfca9dfea1128f7b9e347ec64fbba1ad89553ff392438e2d27fc8dd9e2a69ac0f1dbadd136280bbf02a187ef774/164/426x240_511680/index.m3u8
Vevo '90s (360p),https://amg00056-vevotv-vevo90s-plex-px1tg.amagi.tv/playlist/amg00056-vevotv-vevo90s-plex/cb503f19657b7b8d9ed43c6ef2fc3dff915f3edd062fd12b6fba4cf02c9f4b06c2ffe1bd895be9765d940fba235339040323d41ec07c0ad79c3ca2503562176d8ac4eb208c89655ce18350383ee7294b02f85b15d73800738aba5759d438b3340445bc0c2306648fbb0bff2406978903df1d95ba97f559e886976db56f3886b263c6a1b819108c7cc2f54d0cc06c67cfb870b7a53c26541969b47ef829b350c58281d68652dbd5c049976f64f2c33a501aba887090c85ab998e901840cbb4a347c7ccad9fbd742308f494c55ebb5acd500a94398d873d3285fcf71a39e5bbc74e78e29dee2c09a8fe55777e1791ea0110e06ade0b283f8347c9e6ef2a1e8da7c467e977e256ac677d12e2739dfa88544c48b229fb8278aa37a5d16f4d113d5cce9c3dba2844e992bde88a3d66d190e711258d70cecca249b25d473ad8e34245f464bdfe93fadb1d050346d5895c009a675358d9bddcd8e746aa0093653eb72d6480a6ad84e1755eb39fc8832699d662f9d2531f44a309202b1f81bfca9dfea1128f7b9e347ec64fbba1ad89553ff392438e2d27fc8dd9e2a69ac0f1dbadd136280bbf02a187ef774/164/640x360_1057680/index.m3u8
Vevo '90s (480p),https://amg00056-vevotv-vevo90s-plex-px1tg.amagi.tv/playlist/amg00056-vevotv-vevo90s-plex/cb503f19657b7b8d9ed43c6ef2fc3dff915f3edd062fd12b6fba4cf02c9f4b06c2ffe1bd895be9765d940fba235339040323d41ec07c0ad79c3ca2503562176d8ac4eb208c89655ce18350383ee7294b02f85b15d73800738aba5759d438b3340445bc0c2306648fbb0bff2406978903df1d95ba97f559e886976db56f3886b263c6a1b819108c7cc2f54d0cc06c67cfb870b7a53c26541969b47ef829b350c58281d68652dbd5c049976f64f2c33a501aba887090c85ab998e901840cbb4a347c7ccad9fbd742308f494c55ebb5acd500a94398d873d3285fcf71a39e5bbc74e78e29dee2c09a8fe55777e1791ea0110e06ade0b283f8347c9e6ef2a1e8da7c467e977e256ac677d12e2739dfa88544c48b229fb8278aa37a5d16f4d113d5cce9c3dba2844e992bde88a3d66d190e711258d70cecca249b25d473ad8e34245f464bdfe93fadb1d050346d5895c009a675358d9bddcd8e746aa0093653eb72d6480a6ad84e1755eb39fc8832699d662f9d2531f44a309202b1f81bfca9dfea1128f7b9e347ec64fbba1ad89553ff392438e2d27fc8dd9e2a69ac0f1dbadd136280bbf02a187ef774/164/848x480_2284360/index.m3u8
Vevo '90s (720p),https://amg00056-vevotv-vevo90s-plex-px1tg.amagi.tv/playlist/amg00056-vevotv-vevo90s-plex/cb503f19657b7b8d9ed43c6ef2fc3dff915f3edd062fd12b6fba4cf02c9f4b06c2ffe1bd895be9765d940fba235339040323d41ec07c0ad79c3ca2503562176d8ac4eb208c89655ce18350383ee7294b02f85b15d73800738aba5759d438b3340445bc0c2306648fbb0bff2406978903df1d95ba97f559e886976db56f3886b263c6a1b819108c7cc2f54d0cc06c67cfb870b7a53c26541969b47ef829b350c58281d68652dbd5c049976f64f2c33a501aba887090c85ab998e901840cbb4a347c7ccad9fbd742308f494c55ebb5acd500a94398d873d3285fcf71a39e5bbc74e78e29dee2c09a8fe55777e1791ea0110e06ade0b283f8347c9e6ef2a1e8da7c467e977e256ac677d12e2739dfa88544c48b229fb8278aa37a5d16f4d113d5cce9c3dba2844e992bde88a3d66d190e711258d70cecca249b25d473ad8e34245f464bdfe93fadb1d050346d5895c009a675358d9bddcd8e746aa0093653eb72d6480a6ad84e1755eb39fc8832699d662f9d2531f44a309202b1f81bfca9dfea1128f7b9e347ec64fbba1ad89553ff392438e2d27fc8dd9e2a69ac0f1dbadd136280bbf02a187ef774/164/1280x720_4473040/index.m3u8
Vevo '90s (1080p),https://amg00056-vevotv-vevo90s-plex-px1tg.amagi.tv/playlist/amg00056-vevotv-vevo90s-plex/cb503f19657b7b8d9ed43c6ef2fc3dff915f3edd062fd12b6fba4cf02c9f4b06c2ffe1bd895be9765d940fba235339040323d41ec07c0ad79c3ca2503562176d8ac4eb208c89655ce18350383ee7294b02f85b15d73800738aba5759d438b3340445bc0c2306648fbb0bff2406978903df1d95ba97f559e886976db56f3886b263c6a1b819108c7cc2f54d0cc06c67cfb870b7a53c26541969b47ef829b350c58281d68652dbd5c049976f64f2c33a501aba887090c85ab998e901840cbb4a347c7ccad9fbd742308f494c55ebb5acd500a94398d873d3285fcf71a39e5bbc74e78e29dee2c09a8fe55777e1791ea0110e06ade0b283f8347c9e6ef2a1e8da7c467e977e256ac677d12e2739dfa88544c48b229fb8278aa37a5d16f4d113d5cce9c3dba2844e992bde88a3d66d190e711258d70cecca249b25d473ad8e34245f464bdfe93fadb1d050346d5895c009a675358d9bddcd8e746aa0093653eb72d6480a6ad84e1755eb39fc8832699d662f9d2531f44a309202b1f81bfca9dfea1128f7b9e347ec64fbba1ad89553ff392438e2d27fc8dd9e2a69ac0f1dbadd136280bbf02a187ef774/164/1920x1080_7333040/index.m3u8
Vevo 2K (240p),https://amg00056-vevotv-vevo2k-plex-6jb4q.amagi.tv/playlist/amg00056-vevotv-vevo2k-plex/cb51341f65706d909bc9216fd9d34ddd844c3bdd0b61cb3071aa448f1298410ddafbb2d3932fff6e429e14ce0548340508398f06d96201ccce38ee5b357d09748388ee2282cc027ee78b547538a72e4d02ab0d15d52c4e71dab14b45d46cb07f4812bc5c3b1b6188ed0bab235bc2d35c832a4be297fa59b09ade6ebf6c77d7dc3bb1c59d180d8d31f3ee590ac20d64ddb037acf4806f4de671a836c334ae54c8b8c091e31295beb542a022c52690e70a5de0806fbcb72b7ca2ba2348b9643a490e50a98f86e64b318448564effc52cde0fa23ec1932c8d6c36f455d61fc478bd62a40da8f65de0838f9f140f68ff846f732ea4e0ae9eb4627ded3dbbb0ff87222dd7a65d384bc066dd620c3d93f6c466f7a97ca1bf2d81bb7e0e7897e323b5a9f2d5a1e1f71bf64ce7cef78a325141651078fd74ac8e68c927d86ce8eb0b31504256a8881589c6ee573e664091931cb3371eaad09f8ccf045a9f787aba89c779cade0a87fac86e4ce04c0304b01478ec443b03/5/426x240_511680/index.m3u8
Vevo 2K (360p),https://amg00056-vevotv-vevo2k-plex-6jb4q.amagi.tv/playlist/amg00056-vevotv-vevo2k-plex/cb51341f65706d909bc9216fd9d34ddd844c3bdd0b61cb3071aa448f1298410ddafbb2d3932fff6e429e14ce0548340508398f06d96201ccce38ee5b357d09748388ee2282cc027ee78b547538a72e4d02ab0d15d52c4e71dab14b45d46cb07f4812bc5c3b1b6188ed0bab235bc2d35c832a4be297fa59b09ade6ebf6c77d7dc3bb1c59d180d8d31f3ee590ac20d64ddb037acf4806f4de671a836c334ae54c8b8c091e31295beb542a022c52690e70a5de0806fbcb72b7ca2ba2348b9643a490e50a98f86e64b318448564effc52cde0fa23ec1932c8d6c36f455d61fc478bd62a40da8f65de0838f9f140f68ff846f732ea4e0ae9eb4627ded3dbbb0ff87222dd7a65d384bc066dd620c3d93f6c466f7a97ca1bf2d81bb7e0e7897e323b5a9f2d5a1e1f71bf64ce7cef78a325141651078fd74ac8e68c927d86ce8eb0b31504256a8881589c6ee573e664091931cb3371eaad09f8ccf045a9f787aba89c779cade0a87fac86e4ce04c0304b01478ec443b03/5/640x360_1057680/index.m3u8
Vevo 2K (480p),https://amg00056-vevotv-vevo2k-plex-6jb4q.amagi.tv/playlist/amg00056-vevotv-vevo2k-plex/cb51341f65706d909bc9216fd9d34ddd844c3bdd0b61cb3071aa448f1298410ddafbb2d3932fff6e429e14ce0548340508398f06d96201ccce38ee5b357d09748388ee2282cc027ee78b547538a72e4d02ab0d15d52c4e71dab14b45d46cb07f4812bc5c3b1b6188ed0bab235bc2d35c832a4be297fa59b09ade6ebf6c77d7dc3bb1c59d180d8d31f3ee590ac20d64ddb037acf4806f4de671a836c334ae54c8b8c091e31295beb542a022c52690e70a5de0806fbcb72b7ca2ba2348b9643a490e50a98f86e64b318448564effc52cde0fa23ec1932c8d6c36f455d61fc478bd62a40da8f65de0838f9f140f68ff846f732ea4e0ae9eb4627ded3dbbb0ff87222dd7a65d384bc066dd620c3d93f6c466f7a97ca1bf2d81bb7e0e7897e323b5a9f2d5a1e1f71bf64ce7cef78a325141651078fd74ac8e68c927d86ce8eb0b31504256a8881589c6ee573e664091931cb3371eaad09f8ccf045a9f787aba89c779cade0a87fac86e4ce04c0304b01478ec443b03/5/848x480_2284360/index.m3u8
Vevo 2K (720p),https://amg00056-vevotv-vevo2k-plex-6jb4q.amagi.tv/playlist/amg00056-vevotv-vevo2k-plex/cb51341f65706d909bc9216fd9d34ddd844c3bdd0b61cb3071aa448f1298410ddafbb2d3932fff6e429e14ce0548340508398f06d96201ccce38ee5b357d09748388ee2282cc027ee78b547538a72e4d02ab0d15d52c4e71dab14b45d46cb07f4812bc5c3b1b6188ed0bab235bc2d35c832a4be297fa59b09ade6ebf6c77d7dc3bb1c59d180d8d31f3ee590ac20d64ddb037acf4806f4de671a836c334ae54c8b8c091e31295beb542a022c52690e70a5de0806fbcb72b7ca2ba2348b9643a490e50a98f86e64b318448564effc52cde0fa23ec1932c8d6c36f455d61fc478bd62a40da8f65de0838f9f140f68ff846f732ea4e0ae9eb4627ded3dbbb0ff87222dd7a65d384bc066dd620c3d93f6c466f7a97ca1bf2d81bb7e0e7897e323b5a9f2d5a1e1f71bf64ce7cef78a325141651078fd74ac8e68c927d86ce8eb0b31504256a8881589c6ee573e664091931cb3371eaad09f8ccf045a9f787aba89c779cade0a87fac86e4ce04c0304b01478ec443b03/5/1280x720_4473040/index.m3u8
Vevo 2K (1080p),https://amg00056-vevotv-vevo2k-plex-6jb4q.amagi.tv/playlist/amg00056-vevotv-vevo2k-plex/cb51341f65706d909bc9216fd9d34ddd844c3bdd0b61cb3071aa448f1298410ddafbb2d3932fff6e429e14ce0548340508398f06d96201ccce38ee5b357d09748388ee2282cc027ee78b547538a72e4d02ab0d15d52c4e71dab14b45d46cb07f4812bc5c3b1b6188ed0bab235bc2d35c832a4be297fa59b09ade6ebf6c77d7dc3bb1c59d180d8d31f3ee590ac20d64ddb037acf4806f4de671a836c334ae54c8b8c091e31295beb542a022c52690e70a5de0806fbcb72b7ca2ba2348b9643a490e50a98f86e64b318448564effc52cde0fa23ec1932c8d6c36f455d61fc478bd62a40da8f65de0838f9f140f68ff846f732ea4e0ae9eb4627ded3dbbb0ff87222dd7a65d384bc066dd620c3d93f6c466f7a97ca1bf2d81bb7e0e7897e323b5a9f2d5a1e1f71bf64ce7cef78a325141651078fd74ac8e68c927d86ce8eb0b31504256a8881589c6ee573e664091931cb3371eaad09f8ccf045a9f787aba89c779cade0a87fac86e4ce04c0304b01478ec443b03/5/1920x1080_7333040/index.m3u8
Vevo Pop (240p),https://amg00056-vevotv-vevopop-plex-56zvo.amagi.tv/playlist/amg00056-vevotv-vevopop-plex/cb51341f65706d909bc9216fd9d34ddd844c3bdd0b61cb3071aa448f1298410ddafbb2d3932fff6e429e14ce0548340508398f06d96201ccce38ee5b357d09748388ee2282cc027ee78b547538a77c1602ac5a46d8714e71dab14845d46cb07f4812b059371b64dfb808ac7557c2d402837f4be297fa59b09ade6ebf6c77d7dc3bb1c59d180d8d31f3ee590ac20d64ddb037acf4806f4de671a836c334ae54c8b8c091e31295beb542a022c52690e70a5de0806fbcb72b7ca2ba2348b9643a490e50a98f86e64b318448564effc52cde0fa23ec1932c8d6c36f455d61fc478bd62a40da8f65de0838f9f140f68ff846f732ea4e0ae9eb4627ded3dbbb0ff87222dd7a65d384bc066dd620c3d93f6c466f7a97ca1bf2d81bb7e0e7897e323b5a9f2d5a1e1f71bf64ce7cef78a325141651078fd74ac8e68c927d86ce8eb0b31504256a8881589c6ee573e664091931cb3371eaad09f8ccf04599934033b08010bf994b7aa857618246b4d91ce38af70ec12d6cf03/34/426x240_511680/index.m3u8
Vevo Pop (360p),https://amg00056-vevotv-vevopop-plex-56zvo.amagi.tv/playlist/amg00056-vevotv-vevopop-plex/cb51341f65706d909bc9216fd9d34ddd844c3bdd0b61cb3071aa448f1298410ddafbb2d3932fff6e429e14ce0548340508398f06d96201ccce38ee5b357d09748388ee2282cc027ee78b547538a77c1602ac5a46d8714e71dab14845d46cb07f4812b059371b64dfb808ac7557c2d402837f4be297fa59b09ade6ebf6c77d7dc3bb1c59d180d8d31f3ee590ac20d64ddb037acf4806f4de671a836c334ae54c8b8c091e31295beb542a022c52690e70a5de0806fbcb72b7ca2ba2348b9643a490e50a98f86e64b318448564effc52cde0fa23ec1932c8d6c36f455d61fc478bd62a40da8f65de0838f9f140f68ff846f732ea4e0ae9eb4627ded3dbbb0ff87222dd7a65d384bc066dd620c3d93f6c466f7a97ca1bf2d81bb7e0e7897e323b5a9f2d5a1e1f71bf64ce7cef78a325141651078fd74ac8e68c927d86ce8eb0b31504256a8881589c6ee573e664091931cb3371eaad09f8ccf04599934033b08010bf994b7aa857618246b4d91ce38af70ec12d6cf03/34/640x360_1057680/index.m3u8
Vevo Pop (480p),https://amg00056-vevotv-vevopop-plex-56zvo.amagi.tv/playlist/amg00056-vevotv-vevopop-plex/cb51341f65706d909bc9216fd9d34ddd844c3bdd0b61cb3071aa448f1298410ddafbb2d3932fff6e429e14ce0548340508398f06d96201ccce38ee5b357d09748388ee2282cc027ee78b547538a77c1602ac5a46d8714e71dab14845d46cb07f4812b059371b64dfb808ac7557c2d402837f4be297fa59b09ade6ebf6c77d7dc3bb1c59d180d8d31f3ee590ac20d64ddb037acf4806f4de671a836c334ae54c8b8c091e31295beb542a022c52690e70a5de0806fbcb72b7ca2ba2348b9643a490e50a98f86e64b318448564effc52cde0fa23ec1932c8d6c36f455d61fc478bd62a40da8f65de0838f9f140f68ff846f732ea4e0ae9eb4627ded3dbbb0ff87222dd7a65d384bc066dd620c3d93f6c466f7a97ca1bf2d81bb7e0e7897e323b5a9f2d5a1e1f71bf64ce7cef78a325141651078fd74ac8e68c927d86ce8eb0b31504256a8881589c6ee573e664091931cb3371eaad09f8ccf04599934033b08010bf994b7aa857618246b4d91ce38af70ec12d6cf03/34/848x480_2284360/index.m3u8
Vevo Pop (720p),https://amg00056-vevotv-vevopop-plex-56zvo.amagi.tv/playlist/amg00056-vevotv-vevopop-plex/cb51341f65706d909bc9216fd9d34ddd844c3bdd0b61cb3071aa448f1298410ddafbb2d3932fff6e429e14ce0548340508398f06d96201ccce38ee5b357d09748388ee2282cc027ee78b547538a77c1602ac5a46d8714e71dab14845d46cb07f4812b059371b64dfb808ac7557c2d402837f4be297fa59b09ade6ebf6c77d7dc3bb1c59d180d8d31f3ee590ac20d64ddb037acf4806f4de671a836c334ae54c8b8c091e31295beb542a022c52690e70a5de0806fbcb72b7ca2ba2348b9643a490e50a98f86e64b318448564effc52cde0fa23ec1932c8d6c36f455d61fc478bd62a40da8f65de0838f9f140f68ff846f732ea4e0ae9eb4627ded3dbbb0ff87222dd7a65d384bc066dd620c3d93f6c466f7a97ca1bf2d81bb7e0e7897e323b5a9f2d5a1e1f71bf64ce7cef78a325141651078fd74ac8e68c927d86ce8eb0b31504256a8881589c6ee573e664091931cb3371eaad09f8ccf04599934033b08010bf994b7aa857618246b4d91ce38af70ec12d6cf03/34/1280x720_4473040/index.m3u8
Vevo Pop (1080p),https://amg00056-vevotv-vevopop-plex-56zvo.amagi.tv/playlist/amg00056-vevotv-vevopop-plex/cb51341f65706d909bc9216fd9d34ddd844c3bdd0b61cb3071aa448f1298410ddafbb2d3932fff6e429e14ce0548340508398f06d96201ccce38ee5b357d09748388ee2282cc027ee78b547538a77c1602ac5a46d8714e71dab14845d46cb07f4812b059371b64dfb808ac7557c2d402837f4be297fa59b09ade6ebf6c77d7dc3bb1c59d180d8d31f3ee590ac20d64ddb037acf4806f4de671a836c334ae54c8b8c091e31295beb542a022c52690e70a5de0806fbcb72b7ca2ba2348b9643a490e50a98f86e64b318448564effc52cde0fa23ec1932c8d6c36f455d61fc478bd62a40da8f65de0838f9f140f68ff846f732ea4e0ae9eb4627ded3dbbb0ff87222dd7a65d384bc066dd620c3d93f6c466f7a97ca1bf2d81bb7e0e7897e323b5a9f2d5a1e1f71bf64ce7cef78a325141651078fd74ac8e68c927d86ce8eb0b31504256a8881589c6ee573e664091931cb3371eaad09f8ccf04599934033b08010bf994b7aa857618246b4d91ce38af70ec12d6cf03/34/1920x1080_7333040/index.m3u8
Vevo Hip-Hop (240p),https://amg00056-vevotv-vevohiphop-plex-om085.amagi.tv/playlist/amg00056-vevotv-vevohiphop-plex/cb543d1f786c648884cb3a67cef341a7f90b1fde1d6988693eb5518975d1073edce2a59caa08ff16388f19c060017d351f3e9f4c80381ec0c07aa341763a1d759b86b262c9c54b52e7c8787f79e8250c45ab0d1d832654278ca41909d43ef8285416ee446f0f648ef05aab7551c3805e8a792edff8bf3a034262a04c0377d7d320b1ca92051c863d838e267ae44c657c568ffbfe28cac38d0ab47ebefb2c49bfa58eda8d4edbd8c671886f49ef072a405aa1fa1eb4dc5cb8dd826073fc236b2e7f244e5b4808be93d0673afbd3a8229e11c43384e404926936f433904e8a37826aa333408024fd80b4c54b4d35a58b0e2f77e0ad9783f5313caa75bb8cdd9d2532c8ad544c55c069dd2c3f77c7b39b4fc4d103cce772cbe4205d34c99a40dbbab780e4bfff39f64cfdcefa9c32555d235370e07396da3b9578a729c2a73e285f5f4bbe9553d0fca2773e764a948e5bc0533ea1cb878ccd0b298a2d5b6de16edd54127f8e534879f626ed952c66ea7752d02d5c1b39b457c327de48b9c4059036fe3caa21f827f8ce3333/185/426x240_511680/index.m3u8
Vevo Hip-Hop (360p),https://amg00056-vevotv-vevohiphop-plex-om085.amagi.tv/playlist/amg00056-vevotv-vevohiphop-plex/cb543d1f786c648884cb3a67cef341a7f90b1fde1d6988693eb5518975d1073edce2a59caa08ff16388f19c060017d351f3e9f4c80381ec0c07aa341763a1d759b86b262c9c54b52e7c8787f79e8250c45ab0d1d832654278ca41909d43ef8285416ee446f0f648ef05aab7551c3805e8a792edff8bf3a034262a04c0377d7d320b1ca92051c863d838e267ae44c657c568ffbfe28cac38d0ab47ebefb2c49bfa58eda8d4edbd8c671886f49ef072a405aa1fa1eb4dc5cb8dd826073fc236b2e7f244e5b4808be93d0673afbd3a8229e11c43384e404926936f433904e8a37826aa333408024fd80b4c54b4d35a58b0e2f77e0ad9783f5313caa75bb8cdd9d2532c8ad544c55c069dd2c3f77c7b39b4fc4d103cce772cbe4205d34c99a40dbbab780e4bfff39f64cfdcefa9c32555d235370e07396da3b9578a729c2a73e285f5f4bbe9553d0fca2773e764a948e5bc0533ea1cb878ccd0b298a2d5b6de16edd54127f8e534879f626ed952c66ea7752d02d5c1b39b457c327de48b9c4059036fe3caa21f827f8ce3333/185/640x360_1057680/index.m3u8
Vevo Hip-Hop (480p),https://amg00056-vevotv-vevohiphop-plex-om085.amagi.tv/playlist/amg00056-vevotv-vevohiphop-plex/cb543d1f786c648884cb3a67cef341a7f90b1fde1d6988693eb5518975d1073edce2a59caa08ff16388f19c060017d351f3e9f4c80381ec0c07aa341763a1d759b86b262c9c54b52e7c8787f79e8250c45ab0d1d832654278ca41909d43ef8285416ee446f0f648ef05aab7551c3805e8a792edff8bf3a034262a04c0377d7d320b1ca92051c863d838e267ae44c657c568ffbfe28cac38d0ab47ebefb2c49bfa58eda8d4edbd8c671886f49ef072a405aa1fa1eb4dc5cb8dd826073fc236b2e7f244e5b4808be93d0673afbd3a8229e11c43384e404926936f433904e8a37826aa333408024fd80b4c54b4d35a58b0e2f77e0ad9783f5313caa75bb8cdd9d2532c8ad544c55c069dd2c3f77c7b39b4fc4d103cce772cbe4205d34c99a40dbbab780e4bfff39f64cfdcefa9c32555d235370e07396da3b9578a729c2a73e285f5f4bbe9553d0fca2773e764a948e5bc0533ea1cb878ccd0b298a2d5b6de16edd54127f8e534879f626ed952c66ea7752d02d5c1b39b457c327de48b9c4059036fe3caa21f827f8ce3333/185/848x480_2284360/index.m3u8
Vevo Hip-Hop (720p),https://amg00056-vevotv-vevohiphop-plex-om085.amagi.tv/playlist/amg00056-vevotv-vevohiphop-plex/cb543d1f786c648884cb3a67cef341a7f90b1fde1d6988693eb5518975d1073edce2a59caa08ff16388f19c060017d351f3e9f4c80381ec0c07aa341763a1d759b86b262c9c54b52e7c8787f79e8250c45ab0d1d832654278ca41909d43ef8285416ee446f0f648ef05aab7551c3805e8a792edff8bf3a034262a04c0377d7d320b1ca92051c863d838e267ae44c657c568ffbfe28cac38d0ab47ebefb2c49bfa58eda8d4edbd8c671886f49ef072a405aa1fa1eb4dc5cb8dd826073fc236b2e7f244e5b4808be93d0673afbd3a8229e11c43384e404926936f433904e8a37826aa333408024fd80b4c54b4d35a58b0e2f77e0ad9783f5313caa75bb8cdd9d2532c8ad544c55c069dd2c3f77c7b39b4fc4d103cce772cbe4205d34c99a40dbbab780e4bfff39f64cfdcefa9c32555d235370e07396da3b9578a729c2a73e285f5f4bbe9553d0fca2773e764a948e5bc0533ea1cb878ccd0b298a2d5b6de16edd54127f8e534879f626ed952c66ea7752d02d5c1b39b457c327de48b9c4059036fe3caa21f827f8ce3333/185/1280x720_4473040/index.m3u8
Vevo Hip-Hop (1080p),https://amg00056-vevotv-vevohiphop-plex-om085.amagi.tv/playlist/amg00056-vevotv-vevohiphop-plex/cb543d1f786c648884cb3a67cef341a7f90b1fde1d6988693eb5518975d1073edce2a59caa08ff16388f19c060017d351f3e9f4c80381ec0c07aa341763a1d759b86b262c9c54b52e7c8787f79e8250c45ab0d1d832654278ca41909d43ef8285416ee446f0f648ef05aab7551c3805e8a792edff8bf3a034262a04c0377d7d320b1ca92051c863d838e267ae44c657c568ffbfe28cac38d0ab47ebefb2c49bfa58eda8d4edbd8c671886f49ef072a405aa1fa1eb4dc5cb8dd826073fc236b2e7f244e5b4808be93d0673afbd3a8229e11c43384e404926936f433904e8a37826aa333408024fd80b4c54b4d35a58b0e2f77e0ad9783f5313caa75bb8cdd9d2532c8ad544c55c069dd2c3f77c7b39b4fc4d103cce772cbe4205d34c99a40dbbab780e4bfff39f64cfdcefa9c32555d235370e07396da3b9578a729c2a73e285f5f4bbe9553d0fca2773e764a948e5bc0533ea1cb878ccd0b298a2d5b6de16edd54127f8e534879f626ed952c66ea7752d02d5c1b39b457c327de48b9c4059036fe3caa21f827f8ce3333/185/1920x1080_7333040/index.m3u8
Vevo Country (240p),https://amg00056-vevotv-vevocountry-plex-o6fj6.amagi.tv/playlist/amg00056-vevotv-vevocountry-plex/cb51341f65706d909bc9216fd9d34ddd844c3bdd0b61cb3071aa448f1298410ddafbb2d3932fff6e429e14ce0548340508398f06d96201ccce38ee5b357d09748388ee2282cc027ee78b547538a77f1957ab0710d9274e71dab14945d46cb07f484beb0b371b3188e85aab7200c389098b774be297fa59b09ade6ebf6c77d7dc3bb1c59d180d8d31f3ee590ac20d64ddb037acf4806f4de671a836c334ae54c8b8c091e31295beb542a022c52690e70a5de0806fbcb72b7ca2ba2348b9643a490e50a98f86e64b318448564effc52cde0fa23ec1932c8d6c36f455d61fc478bd62a40da8f65de0838f9f140f68ff846f732ea4e0ae9eb4627ded3dbbb0ff87222dd7a65d384bc066dd620c3d93f6c466f7a97ca1bf2d81bb7e0e7897e323b5a9f2d5a1e1f71bf64ce7cef78a325141651078fd74ac8e68c927d86ce8eb0b31504256a8881589c6ee573e664091931cb3371eaad09f8ccf04589b3442428980b8f8a0fd17520a00a3bceda3e7d6fada647a338f18de/149/426x240_511680/index.m3u8
Vevo Country (360p),https://amg00056-vevotv-vevocountry-plex-o6fj6.amagi.tv/playlist/amg00056-vevotv-vevocountry-plex/cb51341f65706d909bc9216fd9d34ddd844c3bdd0b61cb3071aa448f1298410ddafbb2d3932fff6e429e14ce0548340508398f06d96201ccce38ee5b357d09748388ee2282cc027ee78b547538a77f1957ab0710d9274e71dab14945d46cb07f484beb0b371b3188e85aab7200c389098b774be297fa59b09ade6ebf6c77d7dc3bb1c59d180d8d31f3ee590ac20d64ddb037acf4806f4de671a836c334ae54c8b8c091e31295beb542a022c52690e70a5de0806fbcb72b7ca2ba2348b9643a490e50a98f86e64b318448564effc52cde0fa23ec1932c8d6c36f455d61fc478bd62a40da8f65de0838f9f140f68ff846f732ea4e0ae9eb4627ded3dbbb0ff87222dd7a65d384bc066dd620c3d93f6c466f7a97ca1bf2d81bb7e0e7897e323b5a9f2d5a1e1f71bf64ce7cef78a325141651078fd74ac8e68c927d86ce8eb0b31504256a8881589c6ee573e664091931cb3371eaad09f8ccf04589b3442428980b8f8a0fd17520a00a3bceda3e7d6fada647a338f18de/149/640x360_1057680/index.m3u8
Vevo Country (480p),https://amg00056-vevotv-vevocountry-plex-o6fj6.amagi.tv/playlist/amg00056-vevotv-vevocountry-plex/cb51341f65706d909bc9216fd9d34ddd844c3bdd0b61cb3071aa448f1298410ddafbb2d3932fff6e429e14ce0548340508398f06d96201ccce38ee5b357d09748388ee2282cc027ee78b547538a77f1957ab0710d9274e71dab14945d46cb07f484beb0b371b3188e85aab7200c389098b774be297fa59b09ade6ebf6c77d7dc3bb1c59d180d8d31f3ee590ac20d64ddb037acf4806f4de671a836c334ae54c8b8c091e31295beb542a022c52690e70a5de0806fbcb72b7ca2ba2348b9643a490e50a98f86e64b318448564effc52cde0fa23ec1932c8d6c36f455d61fc478bd62a40da8f65de0838f9f140f68ff846f732ea4e0ae9eb4627ded3dbbb0ff87222dd7a65d384bc066dd620c3d93f6c466f7a97ca1bf2d81bb7e0e7897e323b5a9f2d5a1e1f71bf64ce7cef78a325141651078fd74ac8e68c927d86ce8eb0b31504256a8881589c6ee573e664091931cb3371eaad09f8ccf04589b3442428980b8f8a0fd17520a00a3bceda3e7d6fada647a338f18de/149/848x480_2284360/index.m3u8
Vevo Country (720p),https://amg00056-vevotv-vevocountry-plex-o6fj6.amagi.tv/playlist/amg00056-vevotv-vevocountry-plex/cb51341f65706d909bc9216fd9d34ddd844c3bdd0b61cb3071aa448f1298410ddafbb2d3932fff6e429e14ce0548340508398f06d96201ccce38ee5b357d09748388ee2282cc027ee78b547538a77f1957ab0710d9274e71dab14945d46cb07f484beb0b371b3188e85aab7200c389098b774be297fa59b09ade6ebf6c77d7dc3bb1c59d180d8d31f3ee590ac20d64ddb037acf4806f4de671a836c334ae54c8b8c091e31295beb542a022c52690e70a5de0806fbcb72b7ca2ba2348b9643a490e50a98f86e64b318448564effc52cde0fa23ec1932c8d6c36f455d61fc478bd62a40da8f65de0838f9f140f68ff846f732ea4e0ae9eb4627ded3dbbb0ff87222dd7a65d384bc066dd620c3d93f6c466f7a97ca1bf2d81bb7e0e7897e323b5a9f2d5a1e1f71bf64ce7cef78a325141651078fd74ac8e68c927d86ce8eb0b31504256a8881589c6ee573e664091931cb3371eaad09f8ccf04589b3442428980b8f8a0fd17520a00a3bceda3e7d6fada647a338f18de/149/1280x720_4473040/index.m3u8
Vevo Country (1080p),https://amg00056-vevotv-vevocountry-plex-o6fj6.amagi.tv/playlist/amg00056-vevotv-vevocountry-plex/cb51341f65706d909bc9216fd9d34ddd844c3bdd0b61cb3071aa448f1298410ddafbb2d3932fff6e429e14ce0548340508398f06d96201ccce38ee5b357d09748388ee2282cc027ee78b547538a77f1957ab0710d9274e71dab14945d46cb07f484beb0b371b3188e85aab7200c389098b774be297fa59b09ade6ebf6c77d7dc3bb1c59d180d8d31f3ee590ac20d64ddb037acf4806f4de671a836c334ae54c8b8c091e31295beb542a022c52690e70a5de0806fbcb72b7ca2ba2348b9643a490e50a98f86e64b318448564effc52cde0fa23ec1932c8d6c36f455d61fc478bd62a40da8f65de0838f9f140f68ff846f732ea4e0ae9eb4627ded3dbbb0ff87222dd7a65d384bc066dd620c3d93f6c466f7a97ca1bf2d81bb7e0e7897e323b5a9f2d5a1e1f71bf64ce7cef78a325141651078fd74ac8e68c927d86ce8eb0b31504256a8881589c6ee573e664091931cb3371eaad09f8ccf04589b3442428980b8f8a0fd17520a00a3bceda3e7d6fada647a338f18de/149/1920x1080_7333040/index.m3u8
Vevo Retro Rock (240p),https://amg00056-vevotv-vevoretrorock-ono-yv23d.amagi.tv/playlist/amg00056-vevotv-vevoretrorock-ono/cb51341f65706d909bc9216fd9d34ddd844c3bdd0b61cb3071aa448f1298410ddafbb2d3932fff6e429e14ce0548340508398f06d96201ccce38ee5b357d09748388ee2282cc027ee78b547538a72b1650fc5814852d4e71dab14945d46cb07f484aed596c1b64dbe458ab275b90835bda7c4be297fa59b09ade6ebf6c77d7dc3bb1c59d180d8d31f3ee590ac20d64ddb037acf4806f4de671a836c334ae54c8b8c091e31295beb542a022c52690e70a5de0806fbcb72b7ca2ba2348b9643a490e50a98f86e64b318448564effc52cde0fa23ec1932c8d6c36f455d61fc478bd62a40da8f65de0838f9f140f68ff846f732ea4e0ae9eb4627ded3dbbb0ff87222dd7a65d384bc066dd620c3d93f6c466f7a97ca1bf2d81bb7e0e7897e323b5a9f2d5a1e1f71bf64ce7cef78a325141651078fd74ac8e68c927d86ce8eb0b31504256a8881589c6ee573e664091931cb3371eaad09f8ccf04599c33033b080173fd94b7aa8a624d8eed8d3f51d8cb3a99bd73edfe/63/426x240_511680/index.m3u8
Vevo Retro Rock (360p),https://amg00056-vevotv-vevoretrorock-ono-yv23d.amagi.tv/playlist/amg00056-vevotv-vevoretrorock-ono/cb51341f65706d909bc9216fd9d34ddd844c3bdd0b61cb3071aa448f1298410ddafbb2d3932fff6e429e14ce0548340508398f06d96201ccce38ee5b357d09748388ee2282cc027ee78b547538a72b1650fc5814852d4e71dab14945d46cb07f484aed596c1b64dbe458ab275b90835bda7c4be297fa59b09ade6ebf6c77d7dc3bb1c59d180d8d31f3ee590ac20d64ddb037acf4806f4de671a836c334ae54c8b8c091e31295beb542a022c52690e70a5de0806fbcb72b7ca2ba2348b9643a490e50a98f86e64b318448564effc52cde0fa23ec1932c8d6c36f455d61fc478bd62a40da8f65de0838f9f140f68ff846f732ea4e0ae9eb4627ded3dbbb0ff87222dd7a65d384bc066dd620c3d93f6c466f7a97ca1bf2d81bb7e0e7897e323b5a9f2d5a1e1f71bf64ce7cef78a325141651078fd74ac8e68c927d86ce8eb0b31504256a8881589c6ee573e664091931cb3371eaad09f8ccf04599c33033b080173fd94b7aa8a624d8eed8d3f51d8cb3a99bd73edfe/63/640x360_1057680/index.m3u8
Vevo Retro Rock (480p),https://amg00056-vevotv-vevoretrorock-ono-yv23d.amagi.tv/playlist/amg00056-vevotv-vevoretrorock-ono/cb51341f65706d909bc9216fd9d34ddd844c3bdd0b61cb3071aa448f1298410ddafbb2d3932fff6e429e14ce0548340508398f06d96201ccce38ee5b357d09748388ee2282cc027ee78b547538a72b1650fc5814852d4e71dab14945d46cb07f484aed596c1b64dbe458ab275b90835bda7c4be297fa59b09ade6ebf6c77d7dc3bb1c59d180d8d31f3ee590ac20d64ddb037acf4806f4de671a836c334ae54c8b8c091e31295beb542a022c52690e70a5de0806fbcb72b7ca2ba2348b9643a490e50a98f86e64b318448564effc52cde0fa23ec1932c8d6c36f455d61fc478bd62a40da8f65de0838f9f140f68ff846f732ea4e0ae9eb4627ded3dbbb0ff87222dd7a65d384bc066dd620c3d93f6c466f7a97ca1bf2d81bb7e0e7897e323b5a9f2d5a1e1f71bf64ce7cef78a325141651078fd74ac8e68c927d86ce8eb0b31504256a8881589c6ee573e664091931cb3371eaad09f8ccf04599c33033b080173fd94b7aa8a624d8eed8d3f51d8cb3a99bd73edfe/63/848x480_2284360/index.m3u8
Vevo Retro Rock (720p),https://amg00056-vevotv-vevoretrorock-ono-yv23d.amagi.tv/playlist/amg00056-vevotv-vevoretrorock-ono/cb51341f65706d909bc9216fd9d34ddd844c3bdd0b61cb3071aa448f1298410ddafbb2d3932fff6e429e14ce0548340508398f06d96201ccce38ee5b357d09748388ee2282cc027ee78b547538a72b1650fc5814852d4e71dab14945d46cb07f484aed596c1b64dbe458ab275b90835bda7c4be297fa59b09ade6ebf6c77d7dc3bb1c59d180d8d31f3ee590ac20d64ddb037acf4806f4de671a836c334ae54c8b8c091e31295beb542a022c52690e70a5de0806fbcb72b7ca2ba2348b9643a490e50a98f86e64b318448564effc52cde0fa23ec1932c8d6c36f455d61fc478bd62a40da8f65de0838f9f140f68ff846f732ea4e0ae9eb4627ded3dbbb0ff87222dd7a65d384bc066dd620c3d93f6c466f7a97ca1bf2d81bb7e0e7897e323b5a9f2d5a1e1f71bf64ce7cef78a325141651078fd74ac8e68c927d86ce8eb0b31504256a8881589c6ee573e664091931cb3371eaad09f8ccf04599c33033b080173fd94b7aa8a624d8eed8d3f51d8cb3a99bd73edfe/63/1280x720_4473040/index.m3u8
Vevo Retro Rock (1080p),https://amg00056-vevotv-vevoretrorock-ono-yv23d.amagi.tv/playlist/amg00056-vevotv-vevoretrorock-ono/cb51341f65706d909bc9216fd9d34ddd844c3bdd0b61cb3071aa448f1298410ddafbb2d3932fff6e429e14ce0548340508398f06d96201ccce38ee5b357d09748388ee2282cc027ee78b547538a72b1650fc5814852d4e71dab14945d46cb07f484aed596c1b64dbe458ab275b90835bda7c4be297fa59b09ade6ebf6c77d7dc3bb1c59d180d8d31f3ee590ac20d64ddb037acf4806f4de671a836c334ae54c8b8c091e31295beb542a022c52690e70a5de0806fbcb72b7ca2ba2348b9643a490e50a98f86e64b318448564effc52cde0fa23ec1932c8d6c36f455d61fc478bd62a40da8f65de0838f9f140f68ff846f732ea4e0ae9eb4627ded3dbbb0ff87222dd7a65d384bc066dd620c3d93f6c466f7a97ca1bf2d81bb7e0e7897e323b5a9f2d5a1e1f71bf64ce7cef78a325141651078fd74ac8e68c927d86ce8eb0b31504256a8881589c6ee573e664091931cb3371eaad09f8ccf04599c33033b080173fd94b7aa8a624d8eed8d3f51d8cb3a99bd73edfe/63/1920x1080_7333040/index.m3u8
Stingray Classica (360p),https://lotus.stingray.com/manifest/classica-cla008-montreal/samsungtvplus/ab2001ec-760a-3ffc-94e5-f8a15e702859/1020800/manifest.m3u8
Stingray Classica (474p),https://lotus.stingray.com/manifest/classica-cla008-montreal/samsungtvplus/ab2001ec-760a-3ffc-94e5-f8a15e702859/1751200/manifest.m3u8
Stingray Classica (720p),https://lotus.stingray.com/manifest/classica-cla008-montreal/samsungtvplus/ab2001ec-760a-3ffc-94e5-f8a15e702859/3291200/manifest.m3u8
Stingray Classica (1080p),https://lotus.stingray.com/manifest/classica-cla008-montreal/samsungtvplus/ab2001ec-760a-3ffc-94e5-f8a15e702859/5711200/manifest.m3u8
Stingray DJAZZ (360p),https://lotus.stingray.com/manifest/djazz-djaads-montreal/samsungtvplus/73e02e1d-5121-3c33-b4f9-5fe1cc759880/1020800/manifest.m3u8
Stingray DJAZZ (474p),https://lotus.stingray.com/manifest/djazz-djaads-montreal/samsungtvplus/73e02e1d-5121-3c33-b4f9-5fe1cc759880/1751200/manifest.m3u8
Stingray DJAZZ (720p),https://lotus.stingray.com/manifest/djazz-djaads-montreal/samsungtvplus/73e02e1d-5121-3c33-b4f9-5fe1cc759880/3291200/manifest.m3u8
Stingray DJAZZ (1080p),https://lotus.stingray.com/manifest/djazz-djaads-montreal/samsungtvplus/73e02e1d-5121-3c33-b4f9-5fe1cc759880/5711200/manifest.m3u8
Stingray Naturescape (360p),https://lotus.stingray.com/manifest/naturescape-a003-montreal/samsungtvplus/f7ed86a4-b8ac-38e0-a745-710077a95be6/1020800/manifest.m3u8
Stingray Naturescape (474p),https://lotus.stingray.com/manifest/naturescape-a003-montreal/samsungtvplus/f7ed86a4-b8ac-38e0-a745-710077a95be6/1751200/manifest.m3u8
Stingray Naturescape (720p),https://lotus.stingray.com/manifest/naturescape-a003-montreal/samsungtvplus/f7ed86a4-b8ac-38e0-a745-710077a95be6/3291200/manifest.m3u8
Stingray Naturescape (1080p),https://lotus.stingray.com/manifest/naturescape-a003-montreal/samsungtvplus/f7ed86a4-b8ac-38e0-a745-710077a95be6/5711200/manifest.m3u8
Movie Music by Stingray (360p),https://lotus.stingray.com/manifest/cmusic-cme004-montreal/samsungtvplus/dee3e3af-2706-3e77-a952-91b99f6d1819/1020800/manifest.m3u8
Movie Music by Stingray (474p),https://lotus.stingray.com/manifest/cmusic-cme004-montreal/samsungtvplus/dee3e3af-2706-3e77-a952-91b99f6d1819/1751200/manifest.m3u8
Movie Music by Stingray (720p),https://lotus.stingray.com/manifest/cmusic-cme004-montreal/samsungtvplus/dee3e3af-2706-3e77-a952-91b99f6d1819/3291200/manifest.m3u8
Movie Music by Stingray (1080p),https://lotus.stingray.com/manifest/cmusic-cme004-montreal/samsungtvplus/dee3e3af-2706-3e77-a952-91b99f6d1819/5711200/manifest.m3u8
Qello Concerts by Stingray (360p),https://lotus.stingray.com/manifest/qello-qello001-montreal/samsungtvplus/f3b3b889-e519-3156-810f-18850e58a304/1020800/manifest.m3u8
Qello Concerts by Stingray (474p),https://lotus.stingray.com/manifest/qello-qello001-montreal/samsungtvplus/f3b3b889-e519-3156-810f-18850e58a304/1751200/manifest.m3u8
Qello Concerts by Stingray (720p),https://lotus.stingray.com/manifest/qello-qello001-montreal/samsungtvplus/f3b3b889-e519-3156-810f-18850e58a304/3291200/manifest.m3u8
Qello Concerts by Stingray (1080p),https://lotus.stingray.com/manifest/qello-qello001-montreal/samsungtvplus/f3b3b889-e519-3156-810f-18850e58a304/5711200/manifest.m3u8
Now 70s (360p),https://lightning-now70s-samsungnz.amagi.tv/playlist360p.m3u8
Now 70s (480p),https://lightning-now70s-samsungnz.amagi.tv/playlist480p.m3u8
Now 70s (720p),https://lightning-now70s-samsungnz.amagi.tv/playlist720p.m3u8
Now 80s (360p),https://lightning-now80s-samsungnz.amagi.tv/playlist360p.m3u8
Now 80s (480p),https://lightning-now80s-samsungnz.amagi.tv/playlist480p.m3u8
Now 80s (720p),https://lightning-now80s-samsungnz.amagi.tv/playlist720p.m3u8
Now Rock (360p),https://lightning-now90s-samsungnz.amagi.tv/playlist360p.m3u8
Now Rock (480p),https://lightning-now90s-samsungnz.amagi.tv/playlist480p.m3u8
Xite Hits (240p),https://xite-hitsuk-lg.amagi.tv/240p/index.m3u8
Xite Hits (360p),https://xite-hitsuk-lg.amagi.tv/360p/index.m3u8
Xite Hits (480p),https://xite-hitsuk-lg.amagi.tv/480p/index.m3u8
Xite Hits (720p),https://xite-hitsuk-lg.amagi.tv/720p/index.m3u8
Xite Hits (1080p),https://xite-hitsuk-lg.amagi.tv/1080p/index.m3u8
XITE Rock x Metal (240p),https://xite-rockoneu-lg.amagi.tv/240p/index.m3u8
XITE Rock x Metal (360p),https://xite-rockoneu-lg.amagi.tv/360p/index.m3u8
XITE Rock x Metal (480p),https://xite-rockoneu-lg.amagi.tv/480p/index.m3u8
XITE Rock x Metal (720p),https://xite-rockoneu-lg.amagi.tv/720p/index.m3u8
XITE Rock x Metal (1080p),https://xite-rockoneu-lg.amagi.tv/1080p/index.m3u8
Staccs Music TV 80's Hits (360p),https://b9c1982ea06743cca84fc96bd88dad38.mediatailor.us-east-1.amazonaws.com/v1/manifest/f4e8c53a8367a5b58e20ce054ea3ce25a3e904d3/Samsung-es_STACCSTVThrowback/c6383a68-7837-4998-9804-e8786fd0d232/0.m3u8
Staccs Music TV 80's Hits (540p),https://b9c1982ea06743cca84fc96bd88dad38.mediatailor.us-east-1.amazonaws.com/v1/manifest/f4e8c53a8367a5b58e20ce054ea3ce25a3e904d3/Samsung-es_STACCSTVThrowback/c6383a68-7837-4998-9804-e8786fd0d232/1.m3u8
Staccs Music TV 80's Hits (720p),https://b9c1982ea06743cca84fc96bd88dad38.mediatailor.us-east-1.amazonaws.com/v1/manifest/f4e8c53a8367a5b58e20ce054ea3ce25a3e904d3/Samsung-es_STACCSTVThrowback/c6383a68-7837-4998-9804-e8786fd0d232/2.m3u8
New K-Pop (360p),https://newidco-newkid-1-eu.plex.wurl.tv/1200.m3u8
New K-Pop (540p),https://newidco-newkid-1-eu.plex.wurl.tv/2000.m3u8
New K-Pop (720p),https://newidco-newkid-1-eu.plex.wurl.tv/3000.m3u8
New K-Pop (1080p),https://newidco-newkid-1-eu.plex.wurl.tv/4300.m3u8
YG TV (216p),https://newidco-ygtv-1-us.plex.wurl.tv/512.m3u8
YG TV (360p),https://newidco-ygtv-1-us.plex.wurl.tv/1200.m3u8
YG TV (540p),https://newidco-ygtv-1-us.plex.wurl.tv/2000.m3u8
YG TV (720p),https://newidco-ygtv-1-us.plex.wurl.tv/3000.m3u8
YG TV (1080p),https://newidco-ygtv-1-us.plex.wurl.tv/4300.m3u8
Classic Arts Showcase (360p),https://classicarts.akamaized.net/hls/live/1024257/CAS/master_360p30.m3u8
Classic Arts Showcase (480p),https://classicarts.akamaized.net/hls/live/1024257/CAS/master_480p30.m3u8
Classic Arts Showcase (720p),https://classicarts.akamaized.net/hls/live/1024257/CAS/master_720p30.m3u8
Clubbing TV (360p),https://clubbingtv-samsungnz.amagi.tv/playlist360_p.m3u8
Clubbing TV (540p),https://clubbingtv-samsungnz.amagi.tv/playlist540_p.m3u8
Clubbing TV (720p),https://clubbingtv-samsungnz.amagi.tv/playlist720_p.m3u8
Afrobeats (240p),https://stream.ecable.tv/afrobeats/tracks-v6a1/mono.m3u8
Afrobeats (360p),https://stream.ecable.tv/afrobeats/tracks-v5a1/mono.m3u8
Afrobeats (480p),https://stream.ecable.tv/afrobeats/tracks-v4a1/mono.m3u8
Afrobeats (576p),https://stream.ecable.tv/afrobeats/tracks-v3a1/mono.m3u8
Afrobeats (720p),https://stream.ecable.tv/afrobeats/tracks-v2a1/mono.m3u8
Afrobeats (1080p),https://stream.ecable.tv/afrobeats/tracks-v1a1/mono.m3u8
Qwest TV (240p),https://qwest-jazz-plex.amagi.tv/240p-cc/index.m3u8
Qwest TV (360p),https://qwest-jazz-plex.amagi.tv/360p-cc/index.m3u8
Qwest TV (480p),https://qwest-jazz-plex.amagi.tv/480p-cc/index.m3u8
Qwest TV (720p),https://qwest-jazz-plex.amagi.tv/720p-cc/index.m3u8
Qwest TV (1080p),https://qwest-jazz-plex.amagi.tv/1080p-cc/index.m3u8
SPIN (216p),https://bec-spin-1-us.plex.wurl.tv/512.m3u8
SPIN (360p),https://bec-spin-1-us.plex.wurl.tv/1200.m3u8
SPIN (540p),https://bec-spin-1-us.plex.wurl.tv/2000.m3u8
SPIN (720p),https://bec-spin-1-us.plex.wurl.tv/3000.m3u8
SPIN (1080p),https://bec-spin-1-us.plex.wurl.tv/4300.m3u8
Def Jam (360p),https://aegis-cloudfront-1.tubi.video/b2fc97e6-b98f-42b4-be35-bd0361f1f637/index_4.m3u8
Def Jam (480p),https://aegis-cloudfront-1.tubi.video/b2fc97e6-b98f-42b4-be35-bd0361f1f637/index_3.m3u8
Def Jam (540p),https://aegis-cloudfront-1.tubi.video/b2fc97e6-b98f-42b4-be35-bd0361f1f637/index_2.m3u8
Def Jam (720p),https://aegis-cloudfront-1.tubi.video/b2fc97e6-b98f-42b4-be35-bd0361f1f637/index_1.m3u8
California Music Channel (360p),https://cmc-ono.amagi.tv/playlist360_p.m3u8
California Music Channel (504p),https://cmc-ono.amagi.tv/playlist504_p.m3u8
California Music Channel (720p),https://cmc-ono.amagi.tv/playlist720_p.m3u8
California Music Channel (1080p),https://cmc-ono.amagi.tv/playlist1080_p.m3u8
Loupe (720p),https://d2dw21aq0j0l5c.cloudfront.net/playlist_1280x720.m3u8
Loupe (1080p),https://d2dw21aq0j0l5c.cloudfront.net/playlist_1920x1080.m3u8
Loupe (1440p),https://d2dw21aq0j0l5c.cloudfront.net/playlist_2560x1440.m3u8
Loupe (2160p),https://d2dw21aq0j0l5c.cloudfront.net/playlist_3840x2160.m3u8
Retro TV,https://stream.mediawork.cz/retrotv/retrotvHQ1/chunklist_w2024688549.m3u8
Magic TV,https://tv.broadcasting.ro/magictv/925f90db-5c88-4190-a53d-5163cdffe6f4_output_0.m3u8
Kiss TV,https://tv.broadcasting.ro/kisstv/a629c031-2170-4ee9-a36d-87a891aa3131_output_0.m3u8
Kiss Kiss TV,https://58f12ffd2447a.streamlock.net/KKMulti/livestream/chunklist_w92801553.m3u8
Muzzik Rock&Roll,https://muzzik-live.morescreens.com/mts-1/576p/chunklist.m3u8
Muzzik FLASHBACK,https://muzzik-live.morescreens.com/mts-8/576p/chunklist.m3u8
Muzzik ELECTRO,https://muzzik-live.morescreens.com/mts-9/576p/chunklist.m3u8
Global Fashion Channel (360p),https://pubgfc.teleosmedia.com/linear/globalfashionchannel/globalfashionchannel/cdbe280e-0aea-4bbe-861f-fd115abcfec7_360p.m3u8
Global Fashion Channel (540p),https://pubgfc.teleosmedia.com/linear/globalfashionchannel/globalfashionchannel/cdbe280e-0aea-4bbe-861f-fd115abcfec7_540p.m3u8
Global Fashion Channel (720p),https://pubgfc.teleosmedia.com/linear/globalfashionchannel/globalfashionchannel/cdbe280e-0aea-4bbe-861f-fd115abcfec7_720p.m3u8
Global Fashion Channel (1080p),https://pubgfc.teleosmedia.com/linear/globalfashionchannel/globalfashionchannel/cdbe280e-0aea-4bbe-861f-fd115abcfec7_1080p.m3u8
NBC LX Home (360p),https://nbculocallive.akamaized.net/hls/live/2037096/lx/use1-2.m3u8
NBC LX Home (432p),https://nbculocallive.akamaized.net/hls/live/2037096/lx/use1-1.m3u8
NBC LX Home (720p),https://nbculocallive.akamaized.net/hls/live/2037096/lx/use1-4.m3u8
NBC LX Home (1080p),https://nbculocallive.akamaized.net/hls/live/2037096/lx/use1-5.m3u8
MTV 80s,http://iuhqittr.otttv.pw/iptv/TH7AMEND7RFRKH77776RQDDT/31558/index.m3u8
MTV 90s,http://iuhqittr.otttv.pw/iptv/TH7AMEND7RFRKH77776RQDDT/31560/index.m3u8
MTV 00s,http://iuhqittr.otttv.pw/iptv/TH7AMEND7RFRKH77776RQDDT/31559/index.m3u8
MTV Live,http://iuhqittr.otttv.pw/iptv/TH7AMEND7RFRKH77776RQDDT/221/index.m3u8
MTV Classic,http://iuhqittr.otttv.pw/iptv/TH7AMEND7RFRKH77776RQDDT/142/index.m3u8
MTV Hits,http://iuhqittr.otttv.pw/iptv/TH7AMEND7RFRKH77776RQDDT/153/index.m3u8
Club MTV,http://iuhqittr.otttv.pw/iptv/TH7AMEND7RFRKH77776RQDDT/558/index.m3u8
MTV Music,http://iuhqittr.otttv.pw/iptv/TH7AMEND7RFRKH77776RQDDT/19192/index.m3u8
MTV India,http://iuhqittr.otttv.pw/iptv/TH7AMEND7RFRKH77776RQDDT/6582/index.m3u8
MyTime Movie Network,https://amg00500-studiocitypictu-mytimemovientus-plex-00p3m.amagi.tv/playlist/amg00500-studiocitypictu-mytimemovientus-plex/playlist.m3u8
Miramax Movie Channel,https://linear-798.frequency.stream/mt/plex/798/hls/master/playlist.m3u8
MovieSphere,https://plexaaaaa-moviesphere-plex-efzys.amagi.tv/playlist/plexaaaaa-moviesphere-plex/playlist.m3u8
Universal Movies,https://xumo-xumoent-ch839-d5ey0.fast.nbcuni.com/live/master.m3u8
CineLife,https://magnoliaa-cinelife-oando-n6z8u.amagi.tv/playlist/magnoliaA-cinelife-oando/playlist.m3u8
◆◆◆　https://raw.githubusercontent.com/iptv-org/iptv/master/streams/cn.m3u
Ando TV (1080p),http://play.kankanlive.com/live/1711956137852982.m3u8
Anhui TV,https://restream.pdtvhd.com/memfs/c1cd2ed0-3b2b-4c25-af98-a7fb0b1eb130.m3u8
Anshun Comprehensive News Channel,https://hplayer1.juyun.tv/camera/154379194.m3u8
Beijing Traffic Radio TV [Geo-blocked],http://123.56.24.28:1935/live/fm1039/96K/tzwj_video.m3u8
Beijing Youth Radio [Geo-blocked],http://audiolive.rbc.cn:1935/live/am927/96K/tzwj_video.m3u8
BRTV Kaku Childrens Channel,http://223.111.191.105/downflv.brtvcloud.com/kkkkasd/winfr.m3u8
CETV1 (576p),http://117.161.133.51:81/gitv_live/G_CETV-1/G_CETV-1.m3u8?p=GITV
CETV2 (576p),http://117.161.133.51:81/gitv_live/G_CETV-2/G_CETV-2.m3u8?p=GITV
CGTN (1080p),https://english-livebkali.cgtn.com/live/encgtn.m3u8
CGTN French (1080p),http://145.239.5.177/214/index.m3u8
CGTN Spanish (720p),http://45.165.82.19/test/index.m3u8
CND Film Middle School Channel,http://live2.rxip.sc96655.com/live/zxs_4000.m3u8?A=&E=&K=&P=&S=&U=
CND Film Middle School Channel,http://live-play.zxstv.com.cn/zhongxuesheng/zhongxuesheng.m3u8
Foshan News TV,http://dslive.grtn.cn/fszh/sd/live.m3u8
Harbin Comprehensive News Channel,https://stream.hrbtv.net/xwzh/playlist.m3u8?_upt=ef41dd531755913594
Harbin Movie Channel,https://stream.hrbtv.net/yspd/playlist.m3u8
Hebei TV,https://restream.pdtvhd.com/memfs/1db8c005-9365-4b32-94a4-3736987b5646.m3u8
Jiangsu Public & News Channel,https://jiangning-tv-playing-t.cm.jstv.com/jiangning-tv/jnxwzh.m3u8
Jiangxi Children's Channel,https://play-live-hls.jxtvcn.com.cn/live-city/tv_jxtv6.m3u8
Jiangxi City Channel,https://play-live-hls.jxtvcn.com.cn/live-city/tv_jxtv2.m3u8
Jiangxi Economy & Life Channel,https://play-live-hls.jxtvcn.com.cn/live-city/tv_jxtv3.m3u8
Jiangxi Movie Channel,https://play-live-hls.jxtvcn.com.cn/live-city/tv_jxtv4.m3u8
Jiangxi Public & Agriculture Channel,https://play-live-hls.jxtvcn.com.cn/live-city/tv_jxtv5.m3u8
Jilin City Channel,https://lsfb.avap.jilintv.cn/zqvk7vpj/channel/7e8474e6daea44ccaa5aa2300191439e/index.m3u8
Jilin Lifestyle Channel,https://lsfb.avap.jilintv.cn/zqvk7vpj/channel/0a76740c72b74fabae611845aa21e06a/index.m3u8
Jilin Movie Channel,https://lsfb.avap.jilintv.cn/zqvk7vpj/channel/906341e6f19b4c4bacdc89941eb85d12/index.m3u8
Jilin Rural Channel,https://lsfb.avap.jilintv.cn/zqvk7vpj/channel/3ffc4824dce54b92be185555923ce382/index.m3u8
Liangshan TV [Not 24/7],http://118.122.2.29:9999/hls/47/index.m3u8
Nanchang News & Generalist Channel,https://play-live-hls.jxtvcn.com.cn/live-city/tv_nanchang.m3u8
Nei Monggol TV,http://1.24.190.98:10080/hls/39/index.m3u8
Nei Monggol TV,http://110.19.156.172:9901/tsfile/live/1003_1.m3u8
Nei Monggol TV 2 Mongolian Culture Channel,http://1.24.190.98:10080/hls/40/index.m3u8
QTV-1,http://video10.qtv.com.cn/drm/qtv1at/manifest.m3u8
QTV-2,http://video10.qtv.com.cn/drm/qtv2at/manifest.m3u8
QTV-3,http://video10.qtv.com.cn/drm/qtv3at/manifest.m3u8
QTV-4,http://video10.qtv.com.cn/drm/qtv4at/manifest.m3u8
QTV-5,http://video10.qtv.com.cn/drm/qtv5at/manifest.m3u8
QTV-6,http://video10.qtv.com.cn/drm/qtv6at/manifest.m3u8
Shenzhen Satellite TV (2160p),https://livepull-tcms.sztv.com.cn/live/sz4Kpgm.m3u8
Tonghua TV (1080p),http://lsfb.avap.jilintv.cn/zqvk7vpj/channel/43ea5771aa44421591f9dfd2b71f1b9b/index.m3u8
Tonghua TV (1080p),https://lsfb.avap.jilintv.cn/zqvk7vpj/channel/43ea5771aa44421591f9dfd2b71f1b9b/index.m3u8
VOA美国之音 (1080p),https://voa-ingest.akamaized.net/hls/live/2033878/tvmc08/playlist.m3u8
Xinjiang TV 1,https://klmysjtzb.rcsxzx.com/hls/klmy2.m3u8
Xinjiang TV 3,http://120.70.60.179:9901/tsfile/live/1006_1.m3u8?authid=0&key=txiptv&playlive=1
Xinjiang TV 3,http://218.84.35.38:3000/m3u8/live/tctv-2/index.m3u8
Xinjiang TV 3,https://st-video.xjmty.com/fs/livedit/e55abfa37af26e19/8ce9971c2177b3dd.m3u8
Xizang TV Tibetan (720p) [Not 24/7],http://php.jdshipin.com:8880/xztv.php?id=zy
Zhejiang TV International,https://ali-m-l.cztv.com/channels/lantian/channel10/1080p.m3u8
万州三峡移民 (576p) [Not 24/7],http://123.146.162.24:8013/tslslive/PU2vzMI/hls/live_sd.m3u8
万州影视 (576p) [Not 24/7],http://123.146.162.24:8013/tslslive/vWlnEzU/hls/live_sd.m3u8
万州综合 (576p) [Not 24/7],http://123.146.162.24:8013/tslslive/noEX9SG/hls/live_sd.m3u8
上虞1新闻综合 (720p) [Not 24/7],https://l.cztvcloud.com/channels/lantian/SXshangyu1/720p.m3u8
上虞3新商都 (720p) [Not 24/7],https://l.cztvcloud.com/channels/lantian/SXshangyu3/720p.m3u8
上虞经济文化 (720p) [Not 24/7],https://l.cztvcloud.com/channels/lantian/SXshangyu2/720p.m3u8
乐清新闻 [Geo-blocked],http://33809.hlsplay.aodianyun.com/guangdianyun_33809/tv_channel_170.m3u8
乐清生活 [Geo-blocked],http://33809.hlsplay.aodianyun.com/guangdianyun_33809/tv_channel_171.m3u8
云南 Ⅰ 文山公共台 (1080p),http://tvdrs.wsrtv.com.cn:8100/channellive/ch2.flv
云南 Ⅰ 文山综合台 (1080p) [Not 24/7],http://tvdrs.wsrtv.com.cn:8100/channellive/ch1.flv
交城电视台 (576p),http://sxjc.chinashadt.com:2036/live/stream:jctv.stream/playlist.m3u8
京视剧场 (576p),http://223.110.245.143/ott.js.chinamobile.com/PLTV/3/224/3221227040/index.m3u8
亳州农村 (360p),http://220.180.110.101:8083/videos/live/39/13/o4ncrHkSp7q09/o4ncrHkSp7q09.m3u8
亳州新闻频道 (360p),http://220.180.110.101:8083/videos/live/33/59/NC7XQdEveyncq/NC7XQdEveyncq.m3u8
利川公共 (576p) [Geo-blocked],http://lichuan.live.tempsource.cjyun.org/videotmp/s10093-lcgg.m3u8
利川公共 (180p) [Not 24/7],http://uni6rtmp.tulix.tv:1935/vbstv/vbsabr.smil/chunklist_w1847269952_b204800.m3u8
利川新闻综合 (480p) [Not 24/7],http://uni6rtmp.tulix.tv:1935/vbstv/vbsabr.smil/chunklist_w439903609_b1228800.m3u8
动画王国 (1080p),http://183.207.248.71/cntv/live1/donghuawg/donghuawg
北京纪实 (1080p),http://39.134.115.163:8080/PLTV/88888910/224/3221225675/index.m3u8
北京纪实 (1080p),http://39.134.115.163:8080/PLTV/88888910/224/3221225676/index.m3u8
北京财经 [Not 24/7],http://ivi.bupt.edu.cn/hls/btv5.m3u8
北京青年 [Not 24/7],http://ivi.bupt.edu.cn/hls/btv8.m3u8
华亭电视台 (1080p),http://117.156.28.119/270000001111/1110000148/index.m3u8
南阳新闻 (1080p) [Not 24/7],http://30539.hlsplay.aodianyun.com/lms_30539/tv_channel_142.m3u8
南阳公共频道 (1080p) [Not 24/7],http://30539.hlsplay.aodianyun.com/lms_30539/tv_channel_295.m3u8
南阳科教频道 (1080p) [Not 24/7],http://30539.hlsplay.aodianyun.com/lms_30539/tv_channel_296.m3u8
吉州新闻综合 (1080p),http://218.204.153.158/10.m3u8
吴江新闻综合 (720p) [Not 24/7],http://30515.hlsplay.aodianyun.com/lms_30515/tv_channel_239.m3u8
和政电视,http://117.156.28.119/270000001111/1110000149/index.m3u8
四川 Ⅰ 四川影视台 (720p) [Not 24/7],http://scgctvshow.sctv.com/hdlive/sctv5/index.m3u8
四川 Ⅰ 四川新闻台 (720p) [Not 24/7],http://scgctvshow.sctv.com/hdlive/sctv4/index.m3u8
四川 Ⅰ 巴中综合台 (1080p) [Not 24/7],http://30814.hlsplay.aodianyun.com/lms_30814/tv_channel_246.flv
四川 Ⅰ 星空购物台 (720p) [Not 24/7],http://scgctvshow.sctv.com/hdlive/sctv6/index.m3u8
四川 Ⅰ 达州公共台 (720p) [Not 24/7],http://m3u8.channellive.dzxw.net/cms/videos/nmip-media/channellive/channel36/playlist.m3u8
四川 Ⅰ 达州综合台 (720p) [Not 24/7],http://m3u8.channellive.dzxw.net/cms/videos/nmip-media/channellive/channel35/playlist.m3u8
四川妇女儿童 (720p) [Not 24/7],http://scgctvshow.sctv.com/hdlive/sctv7/index.m3u8
四平新闻综合 [Geo-blocked],https://stream2.jlntv.cn/sptv/sd/live.m3u8
大冶一套 [Geo-blocked],http://dayeyun.live.tempsource.cjyun.org/videotmp/s10102-TC1T.m3u8
大冶二套 [Geo-blocked],http://dayeyun.live.tempsource.cjyun.org/videotmp/s10102-TC2T.m3u8
大悟综合 [Geo-blocked],http://yunshangdawu.live.tempsource.cjyun.org/videotmp/s10129-dwzhpd.m3u8
大爱海外 (720p),https://pulltv3.wanfudaluye.com/live/tv3.m3u8
孟州电视台 (1080p) [Not 24/7],http://live.dxhmt.cn:9081/tv/10883-1.m3u8
完美游戏 (1080p) [Not 24/7],http://183.207.248.71/cntv/live1/wmyx/wmyx
家庭理财 (576p),http://223.110.245.139/PLTV/4/224/3221227011/index.m3u8
家有购物 (720p) [Not 24/7],http://183.207.248.71/cntv/live1/SD-1500k-576P-jiayougw/SD-1500k-576P-jiayougw
宿州公共 (1080p) [Not 24/7],http://live.ahsz.tv/video/s10001-ggpd/index.m3u8
山东农科 (406p) [Geo-blocked],http://livealone302.iqilu.com/iqilu/nkpd.m3u8
山东少儿 (406p) [Geo-blocked],http://livealone302.iqilu.com/iqilu/sepd.m3u8
山东居家购物 (360p) [Geo-blocked],http://livealone302.iqilu.com/iqilu/gwpd.m3u8
山东影视 (406p) [Geo-blocked],http://livealone302.iqilu.com/iqilu/yspd.m3u8
山东新闻 (1080p) [Geo-blocked],http://livealone302.iqilu.com/iqilu/ggpd.m3u8
山东生活 (1080p) [Geo-blocked],http://livealone302.iqilu.com/iqilu/shpd.m3u8
山东综艺 (406p) [Geo-blocked],http://livealone302.iqilu.com/iqilu/zypd.m3u8
山东齐鲁 (1080p) [Geo-blocked],http://livealone302.iqilu.com/iqilu/qlpd.m3u8
岳阳公共 (576p),http://live.hnxttv.com:9601/live/dspd/800K/tzwj_video.m3u8?BVUUID=C236454D-5355-2F5F-FA96-1887C72E55CE&auth=654837809071524@615@2E9A5FD0B225B012E3178551CF3754A8
岷县电视台 (1080p),http://117.156.28.119/270000001111/1110000130/index.m3u8
嵊州综合 (720p) [Not 24/7],https://l.cztvcloud.com/channels/lantian/SXshengzhou1/720p.m3u8
广东 Ⅰ 韶关公共台 (720p) [Not 24/7],https://www.sgmsw.cn/videos/tv/201805/1308/9P424TC5M000AFO13CXK6GN6BOA889D2/hls/live.m3u8
广水新闻综合 [Geo-blocked],http://guangshui.live.tempsource.cjyun.org/videotmp/s10146-GSXW.m3u8
建安电视台 (1080p) [Not 24/7],http://live.dxhmt.cn:9081/tv/11003-1.m3u8
弈坛春秋 (576p),http://223.110.245.139/PLTV/4/224/3221227031/index.m3u8
张家界1 (240p) [Not 24/7],http://stream.zjjrtv.com/zjjtv1/hd/live.m3u8
张家界2台 (240p) [Not 24/7],http://stream.zjjrtv.com/zjjtv2/hd/live.m3u8
徐州公共频道 (1080p),http://183.207.248.11/PLTV/3/224/3221225951/index.m3u8
徐州新闻综合 (1080p),http://223.110.245.165/ott.js.chinamobile.com/PLTV/3/224/3221225945/index.m3u8
徐州经济生活 (1080p),http://223.110.245.167/ott.js.chinamobile.com/PLTV/3/224/3221225947/index.m3u8
抚州公共 (270p),http://111.75.179.195:30767/video/live_vide2.m3u8
抚州综合频道 (270p) [Not 24/7],http://111.75.179.195:30767/video/live_vide.m3u8
敦煌电视台 (1080p),http://117.156.28.119/270000001111/1110000028/index.m3u8
文山综合 (1080p) [Not 24/7],http://m3u8.channel.wsrtv.com.cn/cms/videos/nmip-media/channellive/channel7/playlist.m3u8
新泰乡村党建 (480p) [Not 24/7],http://live.xtgdw.cn:1935/live/xtxc/playlist.m3u8
新泰影视频道 (480p) [Not 24/7],http://111.17.214.4:1935/live/xtys/playlist.m3u8
新泰影视频道 (480p) [Not 24/7],http://live.xtgdw.cn:1935/live/xtys/playlist.m3u8
新泰生活 (480p) [Not 24/7],http://111.17.214.4:1935/live/xtsh/playlist.m3u8
新泰生活 (480p) [Not 24/7],http://live.xtgdw.cn:1935/live/xtsh/playlist.m3u8
新泰综合 (480p) [Not 24/7],http://111.17.214.4:1935/live/xtzh/playlist.m3u8
新泰综合 (480p) [Not 24/7],http://live.xtgdw.cn:1935/live/xtzh/playlist.m3u8
新泰乡村党建 (480p) [Not 24/7],http://111.17.214.4:1935/live/xtxc/playlist.m3u8
新郑综合 (1080p) [Not 24/7],http://live.dxhmt.cn:9081/tv/10184-1.m3u8
星空卫视 (576p),http://218.202.220.2:5000/nn_live.ts?id=STARTV
晋中公共 (1080p) [Not 24/7],http://jzlive.jztvnews.com:90/live/jzgg.m3u8
景县电视一套 (576p) [Not 24/7],http://hbjx.chinashadt.com:1935/live/jx1.stream/playlist.m3u8
景县电视一套 (360p) [Not 24/7],http://hbjx.chinashadt.com:1935/live/stream:jx1.stream_360p/playlist.m3u8
智慧教育 (576p),http://111.63.117.13:6060/030000001000/G_CETV-4/G_CETV-4.m3u8
武进生活 (576p) [Not 24/7],https://live.wjyanghu.com/live/CH2.m3u8
江津新闻综合 (480p),http://222.179.155.21:1935/ch1.m3u8
江苏 Ⅰ 连云港公共 (480p) [Not 24/7],https://live.lyg1.com/ggpd/sd/live.m3u8
江苏 Ⅰ 连云港综合 (480p) [Not 24/7],https://live.lyg1.com/zhpd/sd/live.m3u8
江苏影视 (576p) [Not 24/7],http://183.207.248.71/gitv/live1/G_JSYS/G_JSYS
江苏教育 (576p) [Not 24/7],http://183.207.248.71/gitv/live1/G_JSJY/G_JSJY
江苏综艺 (576p) [Not 24/7],http://183.207.248.71/gitv/live1/G_JSZY/G_JSZY
浙江公共 (1080p) [Not 24/7],https://ct-m-l.cztv.com/channels/lantian/channel007/1080p.m3u8
浙江公共 (1080p) [Not 24/7],https://qiniup-m-l.cztv.com/channels/lantian/channel007/1080p.m3u8
海西州综合 (576p),http://stream.haixitv.cn/1/sd/live.m3u8
涡阳新闻综合 (360p),http://220.180.110.101:8083/videos/live/36/57/hwEHU4UVQ1Iv5/hwEHU4UVQ1Iv5.m3u8
湘潭公共 (576p),http://live.hnxttv.com:9601/live/dspd/800K/tzwj_video.m3u8
滁州市广播电视台 科教 (400p),http://live.cztv.cc:85/live/sjpd.m3u8
滨海新闻 (1080p),http://60.30.52.41/live/bhtv1/playlist.m3u8
滨海都市 (1080p),http://60.30.52.41/live/bhtv2/playlist.m3u8
灵台新闻综合 (1080p),http://117.156.28.119/270000001111/1110000145/index.m3u8
甘肃移动 (540p) [Not 24/7],https://hls.gstv.com.cn/49048r/y72q36.m3u8
生活 (576p),http://223.110.245.153/ott.js.chinamobile.com/PLTV/3/224/3221227311/index.m3u8
电白视窗 (576p) [Not 24/7],http://gddb.chinashadt.com:1935/live/video2.stream/playlist.m3u8
电白视窗 (360p) [Not 24/7],http://gddb.chinashadt.com:1935/live/video2.stream_360p/playlist.m3u8
电白综合 (576p) [Not 24/7],http://gddb.chinashadt.com:1935/live/video1.stream/playlist.m3u8
电白综合 (360p) [Not 24/7],http://gddb.chinashadt.com:1935/live/video1.stream_360p/playlist.m3u8
白山新闻综合 [Geo-blocked],https://stream2.jlntv.cn/baishan1/sd/live.m3u8
百事通体育1 (1080p) [Not 24/7],http://112.25.48.68/live/program/live/hdnba1/4000000/mnf.m3u8
百事通体育2 (1080p) [Not 24/7],http://112.25.48.68/live/program/live/hdnba2/4000000/mnf.m3u8
百事通体育3 (1080p) [Not 24/7],http://112.25.48.68/live/program/live/hdnba3/4000000/mnf.m3u8
百事通体育5 (1080p),http://112.25.48.68/live/program/live/hdnba5/4000000/mnf.m3u8
百事通体育7 (1080p) [Not 24/7],http://112.25.48.68/live/program/live/hdnba7/4000000/mnf.m3u8
福山生活 (576p) [Not 24/7],http://live.jiaodong.net:82/tvfushan/hls/tv_shenghuo.m3u8
万州影视文艺 (576p) [Not 24/7],http://123.146.162.24:8017/d4ceB1a/1000/live.m3u8
万州影视文艺 (576p),http://wanzhoulive.cbg.cn:8017/d4ceB1a/1000/live.m3u8
万州科教频道 (576p),http://123.146.162.24:8017/Cz7WPb8/800/live.m3u8
万州科教频道 (576p),http://wanzhoulive.cbg.cn:8017/Cz7WPb8/800/live.m3u8
万州综合频道 (576p),http://123.146.162.24:8017/iTXwrGs/800/live.m3u8
积石山电视台 (1080p),http://117.156.28.119/270000001111/1110000152/index.m3u8
娄底综合 (720p),http://119.39.242.52:1935/live/zonghe/playlist.m3u8
精品电影 (1080p),http://183.207.248.71/cntv/live1/jdianying/jdianying
纪实人文 (1080p),http://39.135.138.59:18890/PLTV/88888910/224/3221225655/index.m3u8
继续教育 (576p),http://111.63.117.13:6060/030000001000/G_CETV-2/G_CETV-2.m3u8
罗山电视台 (1080p) [Not 24/7],http://live.dxhmt.cn:9081/tv/11521-1.m3u8
置业 (576p),http://223.110.245.161/ott.js.chinamobile.com/PLTV/3/224/3221227037/index.m3u8
肃州电视台 (1080p),http://117.156.28.119/270000001111/1110000123/index.m3u8
荣昌综合 (404p) [Not 24/7],http://183.64.181.25:40023/rongchang01.m3u8
莒县图文频道 (720p),http://61.162.225.122:8181/live/test3.m3u8
莒县电视一套 (576p),http://61.162.225.122:8181/live/test1.m3u8
莒县电视二套 (576p) [Not 24/7],http://61.162.225.122:8181/live/test2.m3u8
萍乡公共频道 (1080p) [Not 24/7],http://www.pxitv.com:8099/hls-live/livepkgr/_definst_/pxitvevent/pxtv3stream.m3u8
萍乡教育频道 (480p),http://www.pxitv.com:8099/hls-live/livepkgr/_definst_/pxitvevent/pxtv2stream.m3u8
萍乡新闻综合 (576p) [Not 24/7],http://www.pxitv.com:8099/hls-live/livepkgr/_definst_/pxitvevent/pxtv1stream.m3u8
西安丝路 (404p) [Not 24/7],http://stream2.xiancity.cn/xatv5/playlist.m3u8
西安乐购购物 (180p) [Not 24/7],http://stream2.xiancity.cn/xatv6/playlist.m3u8
西安商务资讯 (180p) [Not 24/7],http://stream2.xiancity.cn/xatv3/playlist.m3u8
西安影视 (180p) [Not 24/7],http://stream2.xiancity.cn/xatv4/playlist.m3u8
西安新闻 (1080p) [Not 24/7],http://stream2.xiancity.cn/xatv1/playlist.m3u8
西安白鸽 (180p) [Not 24/7],http://stream2.xiancity.cn/xatv2/playlist.m3u8
辛集新闻频道 (480p) [Not 24/7],http://zsxj.chinashadt.com:1935/live/xjxw.stream_360p/playlist.m3u8
辛集生活频道 (480p) [Not 24/7],http://zsxj.chinashadt.com:1935/live/xjsh.stream_360p/playlist.m3u8
邗江资讯 (576p),http://223.110.245.139/PLTV/4/224/3221227154/index.m3u8
酒泉新闻综合 (576p),http://117.156.28.119/270000001111/1110000001/index.m3u8
金昌公共频道 (240p) [Geo-blocked],http://stream4.liveyun.hoge.cn/ch01/sd/live.m3u8
金昌综合频道 (720p) [Geo-blocked],http://stream4.liveyun.hoge.cn/ch02/sd/live.m3u8
长乐综合 [Geo-blocked],http://35908.hlsplay.aodianyun.com/guangdianyun_35908/tv_channel_327.m3u8
长沙地铁移动 [Geo-blocked],http://35848.hlsplay.aodianyun.com/guangdianyun_35848/tv_channel_356.m3u8
长沙女性 [Geo-blocked],http://35848.hlsplay.aodianyun.com/guangdianyun_35848/tv_channel_349.m3u8
长沙政法 [Geo-blocked],http://35848.hlsplay.aodianyun.com/guangdianyun_35848/tv_channel_348.m3u8
长沙新闻 [Geo-blocked],http://35848.hlsplay.aodianyun.com/guangdianyun_35848/tv_channel_346.m3u8
长沙经贸 [Geo-blocked],http://35848.hlsplay.aodianyun.com/guangdianyun_35848/tv_channel_350.m3u8
长沙购物 [Geo-blocked],http://35848.hlsplay.aodianyun.com/guangdianyun_35848/tv_channel_354.m3u8
随州综合 (720p) [Not 24/7],http://34766.hlsplay.aodianyun.com/guangdianyun_34766/tv_channel_304.m3u8
随州农村 (720p) [Not 24/7],http://34766.hlsplay.aodianyun.com/guangdianyun_34766/tv_channel_305.m3u8
霸州公共频道 (576p) [Not 24/7],http://hbbz.chinashadt.com:2036/live/stream:bzgg.stream/playlist.m3u8
靖江新闻综合 (480p) [Not 24/7],http://visit.jjbctv.com:1935/live/xwzhmb/playlist.m3u8
静宁综合 (1080p),http://117.156.28.119/270000001111/1110000147/index.m3u8
风尚购物 (1080p),http://183.207.248.71/cntv/live1/fengshanggw/fengshanggw
余姚姚江文化 (576p) [Not 24/7],https://l.cztvcloud.com/channels/lantian/SXyuyao2/720p.m3u8
高台电视台 (1080p),http://117.156.28.119/270000001111/1110000146/index.m3u8
鹤壁新闻综合 (480p) [Not 24/7],http://pili-live-hls.hebitv.com/hebi/hebi.m3u8
鹤峰综合 [Geo-blocked],http://hefeng.live.tempsource.cjyun.org/videotmp/s10100-hftv.m3u8
鹿泉一套 (576p) [Not 24/7],http://hblq.chinashadt.com:2036/live/stream:luquan1.stream/playlist.m3u8
鹿泉二套 (576p) [Not 24/7],http://hblq.chinashadt.com:2036/live/stream:luquan2.stream/playlist.m3u8
黑龙卫视 (1080p),http://223.110.243.169/PLTV/3/224/3221227252/index.m3u8
黑龙卫视 (1080p),http://223.110.245.139/PLTV/4/224/3221227492/index.m3u8
黑龙卫视 (1080p),http://223.110.245.170/PLTV/3/224/3221227252/index.m3u8
黑龙卫视 (720p),http://125.210.152.18:9090/live/HLJWSHD_H265.m3u8
黑龙江 (1080p),http://223.110.245.161/ott.js.chinamobile.com/PLTV/3/224/3221227492/index.m3u8
黑龙江 (576p),http://183.207.248.71/gitv/live1/G_HEILONGJIANG/G_HEILONGJIANG
黑龙江卫 (1080p),http://183.207.248.71/cntv/live1/HD-2500k-1080P-heilongjiangstv/HD-2500k-1080P-heilongjiangstv
Fujian Comprehensive Channel,http://120.39.52.202:5140/%E7%A6%8F%E5%BB%BA%E7%BB%BC%E5%90%88
QTV-1,http://119.166.53.110:85/tsfile/live/1000_1.m3u8?key=txiptv&playlive=1&authid=0
Kangba TV,http://110.185.237.164:8888/hls/30/index.m3u8
QTV-6,http://119.166.53.110:85/tsfile/live/0002_1.m3u8?key=txiptv&playlive=1&authid=0
QTV-3,http://119.166.53.110:85/tsfile/live/1002_1.m3u8?key=txiptv&playlive=1&authid=0
QTV-4,http://119.166.53.110:85/tsfile/live/1004_1.m3u8?key=txiptv&playlive=1&authid=0
CGTN (1080p),https://hlspackager.akamaized.net/live/DB/CGTN_ENGLISH/HLS/CGTN_ENGLISH.m3u8
CGTN Documentary (1080p),https://hlspackager.akamaized.net/live/DB/CGTN_DOCUMENTARY/HLS/CGTN_DOCUMENTARY.m3u8
CGTN (720p),https://dai.google.com/linear/hls/event/r4sa-f6GSN2XIvzKv5jVng/master.m3u8
Chuxiong News Channel [Not 24/7],http://hwapi.yntv.net/ew265l/848y54.m3u8
CGTN Spanish (576p),http://45.186.106.147:8880/play/a06f/index.m3u8
Chaozhou Public Channel,http://113.64.146.48:1688/hls/4/index.m3u8
Xizang TV Chinese,https://pili-live-hls-zdzz-tv.zzxwcm.cn/zdzz-tv/nqzh.m3u8
Dongguan Comprehensive News Channel,http://stream.sun0769.com/dgrtv1/mp4tv1_1500.flv
◆◆◆　https://m3u.ibert.me/txt/ycl_iptv.txt
北京文艺,rtp://239.3.1.242:8000
中国教育,rtp://239.3.1.57:8152
证券服务,rtp://239.3.1.24:8001
城市剧场,rtp://239.3.1.67:4120
精选,rtp://239.3.1.74:4120
武侠剧场,rtp://239.3.1.90:4120
喜剧影院,rtp://239.3.1.91:4120
动作影院,rtp://239.3.1.92:4120
星影,rtp://239.3.1.94:4120
光影,rtp://239.3.1.84:4120
热播剧场,rtp://239.3.1.194:9020
魅力时尚,rtp://239.3.1.196:9012
动画,rtp://239.3.1.80:4120
◆◆◆　https://raw.githubusercontent.com/gaotianliuyun/gao/master/list.txt
CGTN英语,http://ottrrs.hl.chinamobile.com/PLTV/88888888/224/3221225604/index.m3u8
体育,http://ottrrs.hl.chinamobile.com/PLTV/88888888/224/3221226398/index.m3u8
◆◆◆　https://gitee.com/xxy002/zhiboyuan/raw/master/dsy
◆◆◆　https://raw.githubusercontent.com/zwc456baby/iptv_alive/master/live.txt
义乌新闻综合,https://44911.hlsplay.aodianyun.com/tv_radio_44911/tv_channel_1796.m3u8?auth_key=4830573978-0-0-92824c2c03f95906a3c49a4aa28f1709&extra_key=Yc1XsmxOKy2UBoPM4Wy5vCPsEYqnj06taCR2SRB2Xrg2w28NPilH03KdIbbM5wgSql-VBohSnoO9AOKl94q2t2DWMftz-XB-2qUX-UjXcS80StcSZahBFjrKLivXaRjiY5r2NOMKWMKFbv-S0Bz2G6iEXgCK8yGjtrFHDcPfAQEE0pvXq0Bwy34b7We8zARN&ali_ffmpeg_version=mpengine
◆◆◆　https://gitlab.com/p2v5/wangtv/-/raw/main/lunbo.txt
浙江教育,https://ali-m-l.cztv.com/channels/lantian/channel004/1080p.m3u8?
诸暨新闻,http://l.cztvcloud.com/channels/lantian/SXzhuji3/720p.m3u8?zzhed?
陕西1套,http://123.138.22.30:9901/tsfile/live/1000_1.m3u8
A计划,https://vip.ffzy-play7.com/20221115/4631_7c6bb09a/index.m3u8
A计划续集,https://vip.ffzy-play7.com/20221115/4412_bf4bdaf6/index.m3u8
97家有喜事,https://vip.ffzy-play6.com/20221129/9285_97e3dfc9/index.m3u8
阿虎,https://vip.ffzy-play2.com/20221019/3_0fc63857/index.m3u8
阿飞正传,https://vip.ffzy-play7.com/20221112/3705_a3bb4cae/index.m3u8
阿郎的故事,https://vip.ffzy-play6.com/20221116/7213_5f9198b2/index.m3u8
爱情呼叫转移,https://vip.ffzy-play2.com/20221021/64_ed0aeec3/index.m3u8
爱情呼叫转移:爱情左右,https://vip.ffzy-play2.com/20221021/65_57ffccd0/index.m3u8
爱情神话,https://vip.ffzy-online.com/20221015/575_a2c32b8f/index.m3u8
暗战,https://vip.ffzy-online.com/20221015/583_fb343007/index.m3u8
澳门风云1,https://vip.ffzy-online.com/20221015/587_536debfc/index.m3u8
澳门风云2,https://vip.lz-cdn8.com/20220903/25590_a12ec6f7/index.m3u8
澳门风云3,https://vip.lz-cdn8.com/20220903/25592_5fdbb860/index.m3u8
八星报喜,https://vip.ffzy-play6.com/20221116/7216_cb25f71a/index.m3u8
霸王别姬,https://vip.ffzy-play7.com/20221112/3726_f8288d50/index.m3u8
白蛇传说,https://vip.ffzy-play7.com/20221224/9605_263ee1e0/index.m3u8
半生缘,https://vip.ffzy-play7.com/20221112/3733_3f971a67/index.m3u8
玻璃樽,https://vip.ffzy-play7.com/20221112/3750_97a1bebc/index.m3u8
宝贝计划,https://vip.ffzy-play2.com/20221021/73_d5c05ae2/index.m3u8
不二神探,https://cdn2.yzzy-tv-cdn.com/20220330/4069_8714f6bb/index.m3u8
不见不散,https://vip.ffzy-play7.com/20221112/3752_596da0f3/index.m3u8
超级计划,https://vip.ffzy-play7.com/20221112/3764_fd2b007a/index.m3u8
超时空同居,https://vip.ffzy-online.com/20221015/745_b4a413ef/index.m3u8
城市猎人,https://vip.ffzy-play7.com/20230112/11075_f5a96711/index.m3u8
春娇与志明,https://vip.ffzy-play6.com/20221021/451_53670596/index.m3u8
催眠大师,https://vip.ffzy-play7.com/20221028/433_adf31dfd/index.m3u8
大腕,https://vip.ffzy-play6.com/20221019/66_5c1f5d09/index.m3u8
大上海,https://vip.ffzy-play6.com/20221126/8327_89044d87/index.m3u8
大唐玄奘,https://vip.ffzy-play7.com/20230306/17314_0230edb6/index.m3u8
大兵小将,https://vip.ffzy-play7.com/20230101/10714_0de1384d/index.m3u8
刀剑笑,https://vip.ffzy-play7.com/20221112/3808_6690be34/index.m3u8
狄仁杰之通天帝国,https://vip.ffzy-play2.com/20221021/129_ed646884/index.m3u8
第三个人,https://vip.ffzy-play7.com/20230407/21350_043ad4f7/index.m3u8
刁手怪招,https://cdn7.yzzy-tv-cdn.com/20220625/561_337bba55/index.m3u8
喋血双雄,https://vip.ffzy-play7.com/20221115/4440_bd914a4d/index.m3u8
东方巨龙,https://vip.ffzy-play6.com/20221117/7362_01e144e6/index.m3u8
东方秃鹰,https://vip.ffzy-play7.com/20221209/9044_d3e0dbd4/index.m3u8
赌霸,https://vip.ffzy-play7.com/20221209/9045_b3cb4c1c/index.m3u8
赌城大亨之新哥传奇,https://vip.ffzy-online.com/20221017/864_5fbb1d87/index.m3u8
赌城大亨II之至尊无敌,https://vip.ffzy-online.com/20221017/863_ed22c0c3/index.m3u8
赌神1,https://vip.ffzy-online.com/20221017/865_74da177a/index.m3u8
赌神2,https://vip.lz-cdn.com/20220622/20003_820596d4/index.m3u8
赌侠大战拉斯维加斯,https://vip.ffzy-online.com/20221017/873_cf765959/index.m3u8
法内情,https://vip.ffzy-play6.com/20221128/8900_ee5eabf3/index.m3u8
方世玉,https://cdn4.yzzy-tv-cdn.com/20220606/17350_39c4425b/index.m3u8
方世玉续集,https://vip.ffzy-play6.com/20221129/9315_1d7ec0af/index.m3u8
飞龙猛将,https://vip.ffzy-play6.com/20221207/10806_a4b679fd/index.m3u8
飞龙再生,https://vip.ffzy-play6.com/20221019/72_1934eddc/index.m3u8
飞鹰计划,https://vip.ffzy-play6.com/20221112/6252_a77ddc97/index.m3u8
非诚勿扰1,https://vip.ffzy-play2.com/20221021/162_cb2bb175/index.m3u8
非诚勿扰2,https://vip.ffzy-play2.com/20221021/163_a55441c0/index.m3u8
疯狂的赛车,https://vip.ffzy-play2.com/20221021/169_37d917eb/index.m3u8
疯狂的石头,https://vip.ffzy-play2.com/20221021/170_91678c84/index.m3u8
疯狂的外星人,https://vip.ffzy-online2.com/20230607/38938_95adfc88/index.m3u8
福星高照,https://vip.ffzy-play6.com/20221128/8904_328483ba/index.m3u8
富贵兵团,https://vip.ffzy-play7.com/20221209/9048_80e2a1cb/index.m3u8
富贵列车,https://vip.ffzy-play7.com/20221206/8232_7462fce8/index.m3u8
肝胆相照,https://vip.ffzy-play7.com/20221115/4468_44f459bb/index.m3u8
搞定岳父大人,https://vip.ffzy-play6.com/20221021/474_a64f2156/index.m3u8
给爸爸的信,https://cdn2.yzzy-tv-cdn.com/20220414/13070_86734093/index.m3u8
功夫瑜伽,https://vip.ffzy-play2.com/20221124/1291_468b2efb/index.m3u8
孤男寡女,https://vip.ffzy-play6.com/20221021/643_da3f8354/index.m3u8
古董局中局,https://vip.ffzy-online.com/20221017/983_2bd33011/index.m3u8
鬼干部,https://vip.ffzy-play6.com/20221112/6298_1dd44909/index.m3u8
鬼咬鬼,https://vip.ffzy-play7.com/20221208/8822_26a70529/index.m3u8
鬼打鬼,https://vip.ffzy-play7.com/20221115/4476_05997c13/index.m3u8
鬼打鬼之黄金道士,https://vip.ffzy-play6.com/20221112/6296_32b14901/index.m3u8
过年,https://vip.ffzy-play6.com/20221112/6307_79a4bfc2/index.m3u8
行运一条龙,https://vip.ffzy-play6.com/20221112/6024_432f2afd/index.m3u8
豪门夜宴,https://vip.ffzy-play.com/20221204/29458_3909f6d0/index.m3u8
和平饭店,https://vip.ffzy-play6.com/20221129/9326_fb193a3f/index.m3u8
黑金,https://vip.ffzy-play6.com/20221022/751_a7889097/index.m3u8
黑侠,https://vip.ffzy-play6.com/20221112/6336_a08140a7/index.m3u8
红番区,https://vip.ffzy-play6.com/20221112/6346_239e11e8/index.m3u8
洪熙官,https://vip.ffzy-play7.com/20221223/9381_0fb84a1d/index.m3u8
花木兰,https://cdn2.yzzy-tv-cdn.com/20220405/7667_13f7046c/index.m3u8
花旗少林,https://vip.ffzy-play6.com/20221112/6363_411e98e2/index.m3u8
哗！英雄,https://vip.ffzy-play6.com/20221112/6371_9b5bf930/index.m3u8
画皮之阴阳法王,https://vip.ffzy-play6.com/20221112/6372_478fbcc6/index.m3u8
黄河遥,https://vip.ffzy-play7.com/20221117/5148_d5633e82/index.m3u8
黄大仙,https://vip.ffzy-play6.com/20221129/9334_1b618e68/index.m3u8
黄飞鸿92之龙行天下,https://vip.ffzy-play7.com/20221129/7657_0e98ee6f/index.m3u8
黄飞鸿系列之一代宗师,https://vip.ffzy-play6.com/20221129/9335_097bc8c1/index.m3u8
黄飞鸿之铁鸡斗蜈蚣,https://cdn2.yzzy-tv-cdn.com/20220415/13227_56714be0/index.m3u8
黄飞鸿之一:壮志凌云,https://cdn4.yzzy-tv-cdn.com/20220617/21900_8ceba9f5/index.m3u8
黄飞鸿之二:男儿当自强,https://cdn4.yzzy-tv-cdn.com/20220606/17341_21dfaf46/index.m3u8
活着,https://vip.ffzy-play.com/20221011/100_192cffb5/index.m3u8
火烧岛,https://vip.ffzy-play6.com/20221129/9336_58c74ab9/index.m3u8
火星没事,https://vip.ffzy-play2.com/20221021/232_89153806/index.m3u8
霍元甲,https://vip.ffzy-play2.com/20221021/234_50a8a4b6/index.m3u8
急先锋,https://vip.ffzy-play6.com/20221113/6503_476b3f6c/index.m3u8
记忆切割,https://vip.ffzy-play.com/20221017/1473_691592bd/index.m3u8
没完没了,https://vip.ffzy-play6.com/20221129/9376_7f06747a/index.m3u8
甲方乙方,https://vip.ffzy-play6.com/20221206/10068_4bfccafe/index.m3u8
建党伟业,https://vip.ffzy-play6.com/20221019/168_f44e1477/index.m3u8
江湖,https://vip.ffzy-play6.com/20221019/84_a64c541f/index.m3u8
江湖情,https://vip.ffzy-play7.com/20221115/4682_5ffb4872/index.m3u8
江湖儿女,https://vip.ffzy-play7.com/20230205/13419_960c8951/index.m3u8
江湖龙虎斗,https://vip.ffzy-play7.com/20221115/4681_38b34b56/index.m3u8
僵尸先生,https://vip.ffzy-play7.com/20230507/24165_799a7b4a/index.m3u8
僵尸至尊,https://vip.ffzy-play6.com/20221129/9344_44b64a1a/index.m3u8
解救吾先生,https://vip.ffzy-play.com/20221017/1618_2e6027ee/index.m3u8
精武英雄,https://cdn5.yzzy-tv-cdn.com/20220607/22255_9e00edb7/index.m3u8
精装追女仔,https://vip.ffzy-play7.com/20221115/4686_d56a5b6c/index.m3u8
精装追女仔之2,https://vip.ffzy-play6.com/20221116/7250_93049e15/index.m3u8
精装追女仔之3狼之一族,https://vip.ffzy-play6.com/20221129/9346_67ee848d/index.m3u8
警察故事,https://ukzy.ukubf3.com/20220402/N3nfxJ6i/index.m3u8
警察故事2013,https://vip.ffzy-play6.com/20221021/494_7e9bef86/index.m3u8
警察故事3,https://vip.ffzy-play7.com/20221206/8266_97359a93/index.m3u8
警察故事4,https://vip.ffzy-play6.com/20221129/9292_f6b1a849/index.m3u8
警察故事续集,https://vip.ffzy-play7.com/20221115/4687_1e3f6f8c/index.m3u8
九一神雕侠侣,https://vip.ffzy-play6.com/20221112/6044_68796407/index.m3u8
决战紫禁之巅,https://vip.ffzy-play7.com/20230413/22211_bfb8d6b2/index.m3u8
绝代双骄,https://vip.ffzy-play6.com/20221129/9355_e351af0a/index.m3u8
咖喱辣椒,https://vip.ffzy-play7.com/20221112/3509_1a0443fd/index.m3u8
卡拉是条狗,https://vip.ffzy-play6.com/20221020/264_d622ce7f/index.m3u8
孔子,https://vip.ffzy-play6.com/20221027/2108_7c929ef0/index.m3u8
快餐车,https://vip.ffzy-play7.com/20221115/4694_6f7f88ac/index.m3u8
辣手神探,https://vip.ffzy-play7.com/20221112/3526_ba428b29/index.m3u8
老虎田鸡,https://vip.ffzy-play7.com/20221224/9583_f95a6383/index.m3u8
老鼠爱上猫,https://vip.ffzy-play2.com/20221019/50_7eedcf07/index.m3u8
离婚大战,https://vip.ffzy-play7.com/20230409/21638_281e50c4/index.m3u8
两只老虎,https://vip.ffzy-play7.com/20221117/5047_beb0a18c/index.m3u8
林世荣,https://vip.ffzy-play7.com/20221209/9096_70ae66c7/index.m3u8
灵幻先生,https://vip.ffzy-play7.com/20221115/4538_ddf6020e/index.m3u8
灵幻至尊,https://vip.ffzy-play7.com/20221112/3550_cbc3226a/index.m3u8
龙拳,https://vip.ffzy-play6.com/20221128/9052_3612e0ff/index.m3u8
龙少爷,https://vip.ffzy-play7.com/20221115/4703_5132dc98/index.m3u8
龙的心,https://vip.ffzy-play7.com/20221115/4539_8b9150f6/index.m3u8
龙凤斗,https://vip.ffzy-play2.com/20221019/18_d8d1ad76/index.m3u8
龙虎风云,https://vip.ffzy-play6.com/20221128/8945_9b4193cd/index.m3u8
龙的传人,https://vip.ffzy-play7.com/20221112/3556_7788de32/index.m3u8
龙腾虎跃,https://vip.ffzy-play7.com/20221117/5171_c2d4c959/index.m3u8
龙腾四海,https://vip.ffzy-play7.com/20221112/3563_422b85c5/index.m3u8
龙兄虎弟,https://vip.ffzy-play6.com/20221116/7264_5b0b594e/index.m3u8
龙在边缘,https://vip.ffzy-play.com/20221017/1754_95490c99/index.m3u8
龙在江湖,https://vip.ffzy-play.com/20221017/1755_28d3688d/index.m3u8
龙之家族,https://vip.ffzy-play6.com/20221116/7265_dd503587/index.m3u8
冒险王,https://cdn4.yzzy-tv-cdn.com/20220608/17622_c083f16b/index.m3u8
门徒,https://vip.ffzy-play.com/20221017/1787_03664048/index.m3u8
猛鬼旅行团,https://vip.ffzy-play6.com/20221129/9331_792c1e13/index.m3u8
猛鬼旅行团,https://vip.ffzy-play6.com/20221207/10600_7cbfb482/index.m3u8
迷你特工队,https://vip.ffzy-play7.com/20221117/5052_54ce37e4/index.m3u8
密宗威龙,https://vip.ffzy-play7.com/20221112/3607_e49d9e93/index.m3u8
命运呼叫转移,https://vip.ffzy-play6.com/20221030/2878_fd228534/index.m3u8
摩登年代,https://vip.ffzy-play6.com/20221021/516_0ef76f45/index.m3u8
墨攻,https://vip.ffzy-play2.com/20221022/308_7d10fa04/index.m3u8
幕后玩家,https://vip.ffzy-play.com/20221018/1847_f9676687/index.m3u8
南北少林,https://cdn2.yzzy-tv-cdn.com/20220428/16621_c12279b7/index.m3u8
你好北京,https://vip.ffzy-play7.com/20230416/22452_5318e52a/index.m3u8
攀登者,https://vip.ffzy-play7.com/20221111/3124_7cca31fc/index.m3u8
霹雳大喇叭,https://vip.ffzy-play6.com/20221116/7273_4a3cfe1f/index.m3u8
七小福,https://vip.ffzy-play6.com/20221117/7398_2ddb4dac/index.m3u8
奇迹,https://vip.ffzy-play7.com/20221125/6961_0c69f3cf/index.m3u8
奇谋妙计五福星,https://vip.ffzy-play7.com/20221115/4730_a7515224/index.m3u8
千机变,https://vip.ffzy-play2.com/20221019/21_687fe198/index.m3u8
钱作怪,https://vip.ffzy-play7.com/20230204/13185_290d13f1/index.m3u8
秦颂,https://vip.ffzy-play7.com/20221112/3653_ad708d24/index.m3u8
秋天的童话,https://vip.ffzy-play6.com/20221130/9473_24b3f22f/index.m3u8
驱魔道长,https://vip.ffzy-play7.com/20221112/3670_136b232e/index.m3u8
驱魔警察,https://vip.ffzy-play6.com/20221205/9856_18a53055/index.m3u8
拳精,https://vip.ffzy-play6.com/20221128/9094_13caae92/index.m3u8
群龙夺宝,https://vip.ffzy-play7.com/20221115/4561_89102ea4/index.m3u8
群龙戏凤,https://vip.ffzy-play7.com/20230423/22931_b2b1c621/index.m3u8
人潮汹涌,https://vip.ffzy-play.com/20221018/1947_3d44a6ed/index.m3u8
人海孤鸿,https://vip.ffzy-play6.com/20221128/8983_f4dd65d1/index.m3u8
人吓鬼,https://vip.ffzy-play7.com/20221115/4745_3dce763c/index.m3u8
人吓人,https://vip.ffzy-play7.com/20230131/12897_66998969/index.m3u8
三德和尚与舂米六,https://vip.ffzy-play6.com/20221128/9099_38718b59/index.m3u8
三国之见龙卸甲,https://vip.ffzy-play6.com/20221022/935_ffb2fe05/index.m3u8
扫毒2,https://vip.ffzy-play6.com/20221111/5625_f06cc476/index.m3u8
杀手的童话,https://vip.ffzy-play7.com/20221112/3690_803bfb83/index.m3u8
杀手之王,https://cdn10.yzzy-tv-cdn.com/20221023/2307_200a0670/index.m3u8
上海红美丽,https://vip.ffzy-play6.com/20221126/8466_47514053/index.m3u8
上海十三太保,https://vip.ffzy-play.com/20221018/2001_3ef7be69/index.m3u8
少林寺,https://cdn4.yzzy-tv-cdn.com/20220606/17324_133ab69b/index.m3u8
少林小子,https://vip.ffzy-play7.com/20230216/14926_434969e4/index.m3u8
少林英雄,https://vip.ffzy-play6.com/20221206/10385_35db0937/index.m3u8
少林木人巷,https://vip.ffzy-play6.com/20221128/9115_ff8a121e/index.m3u8
蛇鹤八步,https://vip.ffzy-play6.com/20221128/9119_1b13e298/index.m3u8
神话,https://vip.ffzy-play6.com/20221017/20_989dd1f8/index.m3u8
神奇燕尾服,https://vip.ffzy-play6.com/20221019/127_851b9820/index.m3u8
神枪手与咖喱鸡,https://vip.ffzy-play7.com/20221129/7684_7ac9e104/index.m3u8
神探蒲松龄,https://vip.ffzy-play6.com/20221111/5646_d1cd614b/index.m3u8
失孤,https://vip.ffzy-play1.com/20221018/299_06ee96a1/index.m3u8
师弟出马,https://vip.ffzy-play7.com/20221115/4764_aba20ecc/index.m3u8
师兄撞鬼,https://vip.ffzy-play6.com/20221207/10610_200b5bd4/index.m3u8
十二生肖,https://vip.ffzy-play6.com/20221019/191_dba04d04/index.m3u8
十面埋伏,https://vip.ffzy-play7.com/20221117/5218_ad30347f/index.m3u8
时来运转,https://vip.ffzy-play7.com/20221209/9156_396eac04/index.m3u8
手机,https://vip.ffzy-play6.com/20221019/107_6107b581/index.m3u8
甩皮鬼,https://vip.ffzy-play6.com/20221112/6431_ce84a705/index.m3u8
双龙会,https://vip.ffzy-play6.com/20221112/6064_afbd5214/index.m3u8
说出你的秘密,https://vip.ffzy-play6.com/20221112/6077_927afdf1/index.m3u8
私人订制,https://vip.ffzy-play6.com/20221019/192_52684124/index.m3u8
算死草,https://vip.ffzy-play6.com/20221112/6085_3636efbb/index.m3u8
太极张三丰,https://cdn8.yzzy-tv-cdn.com/20220713/4780_8d927b57/index.m3u8
逃学威龙2,https://vip.ffzy-play6.com/20221112/6101_3ea56df6/index.m3u8
逃学威龙3之龙过鸡年,https://vip.ffzy-play6.com/20221112/6103_d6c1afdb/index.m3u8
桃花运,https://vip.ffzy-play7.com/20230204/13202_2844d10a/index.m3u8
特警新人类,https://vip.ffzy-play6.com/20221112/6113_c01821f3/index.m3u8
特务迷城,https://vip.ffzy-play6.com/20221019/111_6edaadc7/index.m3u8
天地雄心,https://vip.ffzy-play7.com/20221113/4187_a7c41927/index.m3u8
天地玄门,https://vip.ffzy-play6.com/20221112/6127_d615f342/index.m3u8
天将雄师,https://vip.ffzy-play6.com/20221031/3078_d47ea8cc/index.m3u8
天若有情,https://vip.ffzy-play6.com/20221112/6132_760d67fd/index.m3u8
天若有情3之烽火佳人,https://vip.ffzy-play6.com/20221207/10617_a0d97cd1/index.m3u8
天生胆小,https://vip.ffzy-play6.com/20221129/9417_4ed30e0d/index.m3u8
天下无贼,https://vip.ffzy-play6.com/20221018/39_d0036fb2/index.m3u8
天与地,https://vip.ffzy-play6.com/20221112/6144_016eb00a/index.m3u8
铜雀台,https://vip.ffzy-play6.com/20221019/200_4eede94c/index.m3u8
投名状,https://cdn13.yzzy-tv-cdn.com/20230128/9592_3d21d729/index.m3u8
顽主,https://vip.ffzy-play7.com/20221115/4578_af3f092c/index.m3u8
旺角卡门,https://vip.ffzy-play1.com/20221018/469_ab458c38/index.m3u8
卫斯理之蓝血人,https://vip.ffzy-play6.com/20221020/234_4fc21f9b/index.m3u8
未来警察,https://vip.ffzy-play6.com/20221022/1000_fa615f2b/index.m3u8
我是谁,https://vip.ffzy-play6.com/20221022/881_da82c5bb/index.m3u8
我和我的父辈,https://vip.ffzy-play7.com/20230307/17542_0c58cae5/index.m3u8
我和我的家乡,https://vip.ffzy-play1.com/20221018/511_7936e28c/index.m3u8
我和我的祖国,https://vip.ffzy-play1.com/20221018/512_4544d0ed/index.m3u8
无人区,https://vip.ffzy-play6.com/20221019/203_ce8ad9b0/index.m3u8
无双,https://vip.ffzy-play6.com/20221108/5250_e3bbb4e4/index.m3u8
五虎将之决裂,https://vip.ffzy-play6.com/20221112/6190_0250331a/index.m3u8
五亿探长雷洛传1:雷老虎,https://vip.ffzy-online.com/20221015/672_cd3f2629/index.m3u8
五亿探长雷洛传2:父子情仇,https://vip.ffzy-online.com/20221015/676_0dc45896/index.m3u8
西游降魔篇,https://vip.ffzy-play6.com/20221019/206_b74a99b9/index.m3u8
嘻游记,https://vip.ffzy-play6.com/20221022/1023_fae8e09f/index.m3u8
喜剧明星,https://vip.ffzy-play7.com/20230409/21692_463322cf/index.m3u8
侠盗高飞,https://vip.ffzy-play7.com/20221112/3315_eef8cb87/index.m3u8
侠盗联盟,https://vip.ffzy-play7.com/20221104/1442_e5eca889/index.m3u8
侠圣,https://vip.ffzy-online.com/20221015/741_196889fc/index.m3u8
夏日福星,https://vip.ffzy-play7.com/20230118/11937_84244e52/index.m3u8
咸鱼翻身,https://vip.ffzy-play6.com/20221116/7303_5bfc21ee/index.m3u8
消失的女人,https://vip.ffzy-online2.com/20230521/37660_a7ca3135/index.m3u8
笑傲江湖1,https://vip.ffzy-play7.com/20221129/7696_58fbd289/index.m3u8
笑傲江湖2:东方不败,https://cdn2.yzzy-tv-cdn.com/20220331/4843_724c1ac5/index.m3u8
笑拳怪招,https://vip.ffzy-play6.com/20221128/9213_05050bb8/index.m3u8
心花路放,https://vip.ffzy-play6.com/20221027/2366_e83b4d22/index.m3u8
辛亥革命,https://vip.ffzy-play6.com/20221021/591_72533d75/index.m3u8
新僵尸先生,https://vip.ffzy-play6.com/20221129/9451_47cd067c/index.m3u8
新警察故事,https://vip.ffzy-play6.com/20221017/15_7bd9a94d/index.m3u8
新上海滩,https://vip.ffzy-play.com/20221015/880_937cdc1a/index.m3u8
新少林寺,https://vip.ffzy-play.com/20221015/881_3dbc4077/index.m3u8
新宿事件,https://vip.ffzy-play7.com/20230314/18148_991eeb8a/index.m3u8
兄弟之生死同盟,https://vip.ffzy-play.com/20221015/897_d3a4e80f/index.m3u8
学校风云,https://vip.ffzy-play7.com/20221209/9201_9f4d986a/index.m3u8
血玫瑰,https://vip.ffzy-play6.com/20221116/7310_02f7420d/index.m3u8
妖怪都市,https://vip.ffzy-play6.com/20221129/9462_bbbcc871/index.m3u8
夜店,https://vip.ffzy-play6.com/20221022/1049_8ee06bf6/index.m3u8
一步之遥,https://vip.ffzy-play2.com/20221122/1201_e24fce85/index.m3u8
一出好戏,https://vip.ffzy-play.com/20221015/949_ecf3b061/index.m3u8
一个好人,https://vip.ffzy-play7.com/20221129/7713_3a3bd3ff/index.m3u8
一眉道人,https://vip.ffzy-play7.com/20221115/4803_1731be32/index.m3u8
一夜惊喜,https://vip.ffzy-play6.com/20221019/211_225bbe08/index.m3u8
义本无言,https://vip.ffzy-play6.com/20221116/7316_f568756b/index.m3u8
义不容辞,https://vip.ffzy-play7.com/20221208/8724_89db1c6d/index.m3u8
义胆红唇,https://vip.ffzy-play6.com/20221116/7315_8765f39c/index.m3u8
义胆雄心,https://vip.ffzy-play7.com/20221129/7714_a0c75de1/index.m3u8
音乐僵尸,https://vip.ffzy-play6.com/20221207/10627_09b3f2e5/index.m3u8
英雄,https://vip.ffzy-play7.com/20221227/9993_9681b67b/index.m3u8
英雄本色1,https://vip.ffzy-play7.com/20221115/4617_be0491ea/index.m3u8
英雄本色2,https://vip.ffzy-play7.com/20221115/4807_eeca808f/index.m3u8
英雄好汉,https://vip.ffzy-play.com/20221015/981_2ca5b5f9/index.m3u8
英雄无泪,https://vip.ffzy-play6.com/20221207/10694_f9088e66/index.m3u8
赢钱专家,https://vip.ffzy-play6.com/20221113/6794_d514b390/index.m3u8
有话好好说,https://vip.ffzy-play7.com/20221112/3406_98dc6f14/index.m3u8
与龙共舞,https://vip.ffzy-play6.com/20221207/10859_1b02d27c/index.m3u8
狱中龙,https://vip.ffzy-play.com/20221015/999_d5886cd0/index.m3u8
杂家小子,https://vip.ffzy-play6.com/20221128/9261_f18e5614/index.m3u8
赞先生与找钱华,https://vip.ffzy-play6.com/20221207/10710_1642c7db/index.m3u8
战神传说,https://vip.ffzy-play7.com/20221129/7734_53205031/index.m3u8
长江七号,https://vip.ffzy-play6.com/20221022/1070_3b7b263a/index.m3u8
赵氏孤儿,https://vip.ffzy-play6.com/20221022/1071_73fbd377/index.m3u8
至尊计状元才,https://vip.ffzy-play7.com/20221112/3440_9d089764/index.m3u8
至尊三十六计之偷天换日,https://vip.ffzy-play.com/20221015/1085_37999806/index.m3u8
至尊无上,https://vip.ffzy-play.com/20221015/1086_9576a463/index.m3u8
至尊无上II之永霸天下,https://vip.ffzy-play.com/20221015/1090_e30609f3/index.m3u8
中国最后一个太监,https://vip.ffzy-play6.com/20221128/9044_42d732f5/index.m3u8
中环英雄,https://vip.ffzy-play7.com/20221129/7743_4656dd25/index.m3u8
钟馗嫁妹,https://vip.ffzy-play7.com/20221129/7746_6b5ae2e8/index.m3u8
追龙,https://vip.ffzy-play7.com/20221104/1464_ed9d6c5d/index.m3u8
醉拳1,https://vip.ffzy-play7.com/20230202/13070_b42acba9/index.m3u8
醉拳2,https://vip.ffzy-play6.com/20221129/9308_1fceb255/index.m3u8
醉拳3,https://vip.ffzy-play7.com/20221112/3468_38ba3d24/index.m3u8
追魂伞,https://vip.ffzy-play7.com/20221129/7753_bd15d501/index.m3u8
纵横四海,https://vip.ffzy-play7.com/20221112/3463_4e05c55e/index.m3u8
最佳损友,https://vip.ffzy-play7.com/20221115/4630_078a1b22/index.m3u8
最佳损友闯情关,https://vip.ffzy-play7.com/20221116/4843_accffdd6/index.m3u8
东森亚洲卫视,https://p2hs.vzan.com/slowlive/821481626725612419/live.m3u8
东森亚洲卫视,https://pull-hsbj.vzan.com/v/slowlive_821481626725612419.flv
人间卫视,https://5ddce30eb4b55.streamlock.net/bltvhd/bltv1/chunklist_w511254805.m3u8
航拍中国第二季,http://newcntv.qcloudcdn.com/asp/hls/4000/0303000a/3/default/2bdfdad540b342f592f9817cb7f3b79a/4000.m3u8
人与自然,http://newcntv.qcloudcdn.com/asp/hls/1200/0303000a/3/default/1425e1d505654cb48ba82b807b221193/1200.m3u8
直播中国精编直播,https://gcalic.v.myalicdn.com/gc/wgw05_1/index.m3u8
◆◆◆　https://raw.githubusercontent.com/junge3333/juds6/main/yszb1.txt
邵氏影院,http://159.75.85.63:35455/douyu/4246519
邵氏影院,http://zzy789.xyz/douyu1.php?id=4246519
真武侠,http://cfss.cc/cdn/hy/29169712.m3u8
真武侠,http://live.dxms.top/dwy/zwx.php
经典武侠,http://live.dxms.top/dwy/jdgf.php
经典武侠,http://11.xmyxc.cn/api/php/yy.php?id=1355002394
经典武侠,http://cfss.cc/cdn/yy/1355002394.flv
星光综合,http://124.248.69.76:35455/yy/1353422557
星光综合,http://11.xmyxc.cn/api/php/yy.php?id=1353422557
星光电影,http://live.dxms.top/dwy/xgzht.php
金马影院,http://pull.kktv8.com/livekktv/128600025.flv
好人影视,https://ali.hlspull.yximgs.com/live/1234566.flv
林正英 1,http://159.75.85.63:35455/douyu/7356023
林正英 2,http://159.75.85.63:35455/douyu/218859
吃米滴虫,http://159.75.85.63:35455/douyu/315457
吃奶滴虫,http://159.75.85.63:35455/douyu/263824
瑶瑶恐怖,http://159.75.85.63:35455/douyu/2935323
凌儿影院,http://159.75.85.63:35455/douyu/1377142
麓山迷踪,http://159.75.85.63:35455/douyu/4505431
小黛兮影,http://159.75.85.63:35455/douyu/11553944
怡寳影院,http://159.75.85.63:35455/douyu/434971
神乐影院,http://159.75.85.63:35455/douyu/122402
可乐影院,http://159.75.85.63:35455/douyu/20415
恐怖故事,http://159.75.85.63:35455/douyu/2337939
惊悚影院,http://159.75.85.63:35455/douyu/96577
小宇60帧,http://159.75.85.63:35455/douyu/=323876
电影剧场,http://159.75.85.63:35455/douyu/7575350
国语电影,http://159.75.85.63:35455/douyu/2436390
花卷陪看,http://159.75.85.63:35455/douyu/52787
鱼宝恐怖,http://159.75.85.63:35455/douyu/1165374
变种人片,http://159.75.85.63:35455/douyu/9651304
大吉大利影院,http://159.75.85.63:35455/douyu/128600025
小猪优版剧院,http://159.75.85.63:35455/douyu/10297898
喜剧电影,http://159.75.85.63:35455/douyu/9292492
女神电影,http://159.75.85.63:35455/douyu/747764
避风影院,http://159.75.85.63:35455/douyu/9826611
贝爷影厅,http://159.75.85.63:35455/douyu/252802
粤语电影,http://159.75.85.63:35455/douyu/6566671
苹果影院,http://159.75.85.63:35455/douyu/2793084
午夜故事,http://159.75.85.63:35455/douyu/8722254
蚂蚱影院,http://159.75.85.63:35455/douyu/6079455
纪录片,http://159.75.85.63:35455/douyu/4360438
荒野建造者,http://159.75.85.63:35455/douyu/9611578
邦德影院,http://159.75.85.63:35455/douyu/9292499
特辑影院,http://159.75.85.63:35455/douyu/3637778
漫威影片,http://159.75.85.63:35455/douyu/6140589
刘德华电影1,http://159.75.85.63:35455/douyu/2516864
豆瓣高分,http://159.75.85.63:35455/douyu/8770422
宇哥电影,http://159.75.85.63:35455/douyu/413573
贝爷影厅2,http://159.75.85.63:35455/douyu/36337
霍格影片,http://159.75.85.63:35455/douyu/8814650
星爷影院,http://159.75.85.63:35455/douyu/508118
萌小鬼片,http://159.75.85.63:35455/douyu/3928
一起看恐怖片,http://159.75.85.63:35455/douyu/9412287
片荒的日子,http://159.75.85.63:35455/douyu/4258555
大胡子魏,http://159.75.85.63:35455/douyu/8792763
童年回忆,http://159.75.85.63:35455/douyu/8915074
下饭神剧,http://159.75.85.63:35455/douyu/276200
悬疑犯罪,http://159.75.85.63:35455/douyu/9171887
不一样的电影,http://159.75.85.63:35455/douyu/2632223
开心锤锤,http://159.75.85.63:35455/douyu/9018297
凛冬之地,hhttp://159.75.85.63:35455/douyu/8945323
看美剧,http://159.75.85.63:35455/douyu/8869614
动漫直播,http://159.75.85.63:35455/douyu/1487654
恐怖故事,hhttp://159.75.85.63:35455/douyu/2337939
科幻动作,http://159.75.85.63:35455/douyu/4332
纪录片,hhttp://159.75.85.63:35455/douyu/4360438
刘德华电影2,http://159.75.85.63:35455/douyu/8985415
周星驰电影,http://159.75.85.63:35455/douyu/3990812
怀旧90,http://159.75.85.63:35455/douyu/9275635
经典怀旧,http://159.75.85.63:35455/douyu/10180265
经典怀旧系列,http://159.75.85.63:35455/douyu/8663752
经典港片,http://159.75.85.63:35455/douyu/675072
喜剧经典,http://159.75.85.63:35455/douyu/9650887
米娅电影,http://159.75.85.63:35455/douyu/6537888
斗鱼,http://159.75.85.63:35455/douyu/1274132
斗鱼电影22,http://159.75.85.63:35455/douyu/1979257
斗鱼电影26,http://159.75.85.63:35455/douyu/8413092
斗鱼电影71,http://159.75.85.63:35455/douyu/2987100
斗鱼电影81,http://159.75.85.63:35455/douyu/3870925
斗鱼电影97,http://159.75.85.63:35455/douyu/8867878
斗鱼电影105,http://159.75.85.63:35455/douyu/4290711
斗鱼电影110,http://159.75.85.63:35455/douyu/8415464
斗鱼电影111,http://159.75.85.63:35455/douyu/8475821
斗鱼电影113,http://159.75.85.63:35455/douyu/5522351
斗鱼电影114,http://159.75.85.63:35455/douyu/562225
斗鱼电影116,http://159.75.85.63:35455/douyu/8651489
斗鱼电影117,http://159.75.85.63:35455/douyu/338759
斗鱼电影120,http://159.75.85.63:35455/douyu/5354713
斗鱼电影125,http://159.75.85.63:35455/douyu/5067952
斗鱼电影130,http://159.75.85.63:35455/douyu/8014467
斗鱼电影134,http://159.75.85.63:35455/douyu/6725858
斗鱼电影135,http://159.75.85.63:35455/douyu/7476264
斗鱼电影141,http://159.75.85.63:35455/douyu/7623292
斗鱼电影145,http://159.75.85.63:35455/douyu/5033502
斗鱼电影151,http://159.75.85.63:35455/douyu/426517
斗鱼电影153,http://159.75.85.63:35455/douyu/8799435
斗鱼电影158,http://159.75.85.63:35455/douyu/8788687
斗鱼电影165,http://159.75.85.63:35455/douyu/8705754
斗鱼电影169,http://159.75.85.63:35455/douyu/=7528160
林正英 1,http://zzy789.xyz/douyu1.php?id=7356023
吃米滴虫,http://zzy789.xyz/douyu1.php?id=315457
吃奶滴虫,http://zzy789.xyz/douyu1.php?id=263824
瑶瑶恐怖,http://zzy789.xyz/douyu1.php?id=2935323
凌儿影院,http://zzy789.xyz/douyu1.php?id=1377142
麓山迷踪,http://zzy789.xyz/douyu1.php?id=4505431
小黛兮影,http://zzy789.xyz/douyu1.php?id=11553944
怡寳影院,http://zzy789.xyz/douyu1.php?id=434971
神乐影院,http://zzy789.xyz/douyu1.php?id=122402
可乐影院,http://zzy789.xyz/douyu1.php?id=20415
恐怖故事,http://zzy789.xyz/douyu1.php?id=2337939
小猪优版剧院,https://www.goodiptv.club/douyu/10297898
女神电影,http://zzy789.xyz/douyu1.php?id=747764
避风影院,http://zzy789.xyz/douyu1.php?id=9826611
粤语电影,http://zzy789.xyz/douyu1.php?id=6566671
苹果影院,http://zzy789.xyz/douyu1.php?id=2793084
午夜故事,http://zzy789.xyz/douyu1.php?id=8722254
蚂蚱影院,http://zzy789.xyz/douyu1.php?id=6079455
纪录片,http://zzy789.xyz/douyu1.php?id=4360438
贝爷求生,http://zzy789.xyz/douyu1.php?id=454867
荒野建造者,http://zzy789.xyz/douyu1.php?id=9611578
邦德影院,http://zzy789.xyz/douyu1.php?id=9292499
特辑影院,http://zzy789.xyz/douyu1.php?id=3637778
宇哥电影,http://zzy789.xyz/douyu1.php?id=413573
星爷影院,http://zzy789.xyz/douyu1.php?id=508118
一起看恐怖片,http://zzy789.xyz/douyu1.php?id=9412287
片荒的日子,http://zzy789.xyz/douyu1.php?id=4258555
大胡子魏,http://zzy789.xyz/douyu1.php?id=8792763
童年回忆,http://zzy789.xyz/douyu1.php?id=8915074
下饭神剧,http://zzy789.xyz/douyu1.php?id=276200
悬疑犯罪,http://zzy789.xyz/douyu1.php?id=9171887
不一样的电影,http://zzy789.xyz/douyu1.php?id=2632223
开心锤锤,http://zzy789.xyz/douyu1.php?id=9018297
凛冬之地,http://zzy789.xyz/douyu1.php?id=8945323
看美剧,http://zzy789.xyz/douyu1.php?id=8869614
动漫直播,http://zzy789.xyz/douyu1.php?id=1487654
刘德华电影2,http://zzy789.xyz/douyu1.php?id=8985415
周星驰电影,http://zzy789.xyz/douyu1.php?id=3990812
怀旧90,http://zzy789.xyz/douyu1.php?id=9275635
经典怀旧,http://zzy789.xyz/douyu1.php?id=10180265
经典怀旧系列,http://zzy789.xyz/douyu1.php?id=8663752
经典港片,http://zzy789.xyz/douyu1.php?id=675072
喜剧经典,http://zzy789.xyz/douyu1.php?id=9650887
米娅电影,http://zzy789.xyz/douyu1.php?id=6537888
斗鱼,http://zzy789.xyz/douyu1.php?id=1274132
斗鱼电影22,http://zzy789.xyz/douyu1.php?id=1979257
斗鱼电影26,http://zzy789.xyz/douyu1.php?id=8413092
斗鱼电影71,http://zzy789.xyz/douyu1.php?id=2987100
斗鱼电影81,http://zzy789.xyz/douyu1.php?id=3870925
斗鱼电影97,http://zzy789.xyz/douyu1.php?id=8867878
斗鱼电影105,http://zzy789.xyz/douyu1.php?id=4290711
斗鱼电影110,http://zzy789.xyz/douyu1.php?id=8415464
斗鱼电影111,http://zzy789.xyz/douyu1.php?id=8475821
斗鱼电影113,http://zzy789.xyz/douyu1.php?id=5522351
斗鱼电影114,http://zzy789.xyz/douyu1.php?id=562225
斗鱼电影116,http://zzy789.xyz/douyu1.php?id=8651489
斗鱼电影120,http://zzy789.xyz/douyu1.php?id=5354713
斗鱼电影125,http://zzy789.xyz/douyu1.php?id=5067952
斗鱼电影130,http://zzy789.xyz/douyu1.php?id=8014467
斗鱼电影134,http://zzy789.xyz/douyu1.php?id=6725858
斗鱼电影135,http://zzy789.xyz/douyu1.php?id=7476264
斗鱼电影141,http://zzy789.xyz/douyu1.php?id=7623292
斗鱼电影145,http://zzy789.xyz/douyu1.php?id=5033502
斗鱼电影151,http://zzy789.xyz/douyu1.php?id=426517
斗鱼电影153,http://zzy789.xyz/douyu1.php?id=8799435
斗鱼电影158,http://zzy789.xyz/douyu1.php?id=8788687
斗鱼电影165,http://zzy789.xyz/douyu1.php?id=8705754
斗鱼电影169,http://zzy789.xyz/douyu1.php?id=7528160
林正英1,http://11.xmyxc.cn/api/php/yy.php?id=34229877
林正英2,http://11.xmyxc.cn/api/php/yy.php?id=1453996620
林正英3,http://11.xmyxc.cn/api/php/yy.php?id=1382841203
林正英全集,http://11.xmyxc.cn/api/php/yy.php?id=1353685311
林正英合集,http://11.xmyxc.cn/api/php/yy.php?id=1354932444
周润发,http://11.xmyxc.cn/api/php/yy.php?id=1354888733
周润发,http://11.xmyxc.cn/api/php/yy.php?id=1354889044
武侠港片,http://11.xmyxc.cn/api/php/yy.php?id=1451866697
张国荣,http://11.xmyxc.cn/api/php/yy.php?id=1354930961
科幻电影2,http://11.xmyxc.cn/api/php/yy.php?id=1354930897
科幻电影3,ttp://11.xmyxc.cn/api/php/yy.php?id=1382745114
科幻电影4,ttp://11.xmyxc.cn/api/php/yy.php?id=1382747628
怪兽电影,http://11.xmyxc.cn/api/php/yy.php?id=1354930181
院线大片,http://11.xmyxc.cn/api/php/yy.php?id=1354936142
古惑仔,http://11.xmyxc.cn/api/php/yy.php?id=1458015189
港片赌片,http://11.xmyxc.cn/api/php/yy.php?id=1355076627
绝版电影,http://11.xmyxc.cn/api/php/yy.php?id=1455988450
恐怖电影,http://11.xmyxc.cn/api/php/yy.php?id=1458572505
小鬼电影,http://11.xmyxc.cn/api/php/yy.php?id=1455891197
鬼经典老片,http://11.xmyxc.cn/api/php/yy.php?id=1463783198
星爷经典,http://11.xmyxc.cn/api/php/yy.php?id=1382736808
港台影院,http://11.xmyxc.cn/api/php/yy.php?id=1354889234
港片喜剧,http://11.xmyxc.cn/api/php/yy.php?id=1355112116
喜剧电影,http://11.xmyxc.cn/api/php/yy.php?id=1354930945
怀旧电影院,http://11.xmyxc.cn/api/php/yy.php?id=1382793140
YY影视,http://11.xmyxc.cn/api/php/yy.php?id=13511860
精彩港剧,http://11.xmyxc.cn/api/php/yy.php?id=1382736881
精彩港剧2,http://11.xmyxc.cn/api/php/yy.php?id=1382745088
红楼梦87版,http://11.xmyxc.cn/api/php/yy.php?id=1382745084
动作大片,http://11.xmyxc.cn/api/php/yy.php?id=1354930887
抗日大片,http://11.xmyxc.cn/api/php/yy.php?id=1354936160
荒野求生,http://11.xmyxc.cn/api/php/yy.php?id=1355244170
荒野求生2,http://11.xmyxc.cn/api/php/yy.php?id=1354933535
荒野独居,http://11.xmyxc.cn/api/php/yy.php?id=1382735568
恐怖电影,http://11.xmyxc.cn/api/php/yy.php?id=1354932707
民兵葛二蛋,http://11.xmyxc.cn/api/php/yy.php?id=1382736895
电视剧,http://11.xmyxc.cn/api/php/yy.php?id=1354930964
电视剧2,http://11.xmyxc.cn/api/php/yy.php?id=1354780649
有品电影,http://11.xmyxc.cn/api/php/yy.php?id=1354936229
兔兔来啦,http://11.xmyxc.cn/api/php/yy.php?id=1354930926
俊靓影视,http://11.xmyxc.cn/api/php/yy.php?id=1414928313
第一滴血,http://11.xmyxc.cn/api/php/yy.php?id=1354932355
惊恐鬼怪,http://11.xmyxc.cn/api/php/yy.php?id=1382749525
超级鬼片,http://11.xmyxc.cn/api/php/yy.php?id=1355641195
经典鬼片,http://11.xmyxc.cn/api/php/yy.php?id=29460894
恐怖电影,http://11.xmyxc.cn/api/php/yy.php?id=24066336
香港鬼片,http://11.xmyxc.cn/api/php/yy.php?id=1382737886
香港电影,http://11.xmyxc.cn/api/php/yy.php?id=1382736910
港片电影,http://11.xmyxc.cn/api/php/yy.php?id=1459801818
超英集结,http://11.xmyxc.cn/api/php/yy.php?id=1382745091
漫威英雄,http://11.xmyxc.cn/api/php/yy.php?id=1354932402
哥斯拉,http://11.xmyxc.cn/api/php/yy.php?id=1382736833
大话西游,http://11.xmyxc.cn/api/php/yy.php?id=1382851590
电影_发哥,http://124.248.69.76:35455/huya/11342387
电影_王晶,http://124.248.69.76:35455/huya/11602058
电影_许冠英,http://124.248.69.76:35455/huya/11601972
电影_甄子丹,http://124.248.69.76:35455/huya/11352935
电影_五福星,http://124.248.69.76:35455/huya/11282233
电影_邱淑贞,http://124.248.69.76:35455/huya/11352949
电影_古天乐,http://124.248.69.76:35455/huya/11602041
电影_曾江,http://124.248.69.76:35455/huya/11601981
电影_漫威,http://124.248.69.76:35455/huya/11602034
电影_宇宙,http://124.248.69.76:35455/huya/11342428
电影_战争,http://124.248.69.76:35455/huya/21059592
电影_喜剧,http://124.248.69.76:35455/huya/11352877
电影_港片,http://124.248.69.76:35455/huya/11602043
电影_国产,http://124.248.69.76:35455/huya/11352973
电影_海盗,http://124.248.69.76:35455/huya/21059595
电影_斯坦森,http://124.248.69.76:35455/huya/21059588
电影_八点档,http://124.248.69.76:35455/huya/880261
电影_灾难片,http://124.248.69.76:35455/huya/11602075
电影_古装片,http://124.248.69.76:35455/huya/11336590
电影_小鬼头,http://124.248.69.76:35455/huya/11352963
电影_高分动作,http://124.248.69.76:35455/huya/11352884
电影_欢乐剧场,http://124.248.69.76:35455/douyu/7489563
电影_欢笑影院,http://124.248.69.76:35455/huya/11352894
电影_国产悬疑,http://124.248.69.76:35455/huya/11342395
电影_快意江湖,http://124.248.69.76:35455/huya/11342435
电影_黑帮斗争,http://124.248.69.76:35455/huya/11342419
电影_嫣然影厅,http://124.248.69.76:35455/huya/11601977
电影_女神系列,http://124.248.69.76:35455/huya/11336571
电影_经典港片,http://124.248.69.76:35455/huya/11352965
电影_镖行天下,http://124.248.69.76:35455/huya/11352969
埋堆堆1,http://124.248.69.76:35455/huya/23749096
埋堆堆2,http://124.248.69.76:35455/huya/23735126
埋堆堆3,http://124.248.69.76:35455/huya/23865152
埋堆堆4,http://124.248.69.76:35455/huya/3903196
埋堆堆5,http://124.248.69.76:35455/huya/23740156
埋堆堆6,http://124.248.69.76:35455/huya//23728660
埋堆堆7,http://124.248.69.76:35455/huya/23865058
埋堆堆8,http://124.248.69.76:35455/huya/23734183
埋堆堆9,http://124.248.69.76:35455/huya/23865036
埋堆堆11,http://124.248.69.76:35455/huya/23863796
埋堆堆12,http://124.248.69.76:35455/huya/23749083
埋堆堆13,http://124.248.69.76:35455/huya/3824164
埋堆堆14,http://124.248.69.76:35455/huya/23863804
埋堆堆15,http://124.248.69.76:35455/huya/23865142
埋堆堆16,http://124.248.69.76:35455/huya/23903183
埋堆堆17,http://124.248.69.76:35455/huya/23903130
埋堆堆18,http://124.248.69.76:35455/huya/23734169
埋堆堆19,http://124.248.69.76:35455/huya/23728674
埋堆堆1,http://cfss.cc/cdn/hy/23749096.flv
埋堆堆2,http://cfss.cc/cdn/hy/23735126.flv
埋堆堆3,http://cfss.cc/cdn/hy/23865152.flv
埋堆堆4,http://cfss.cc/cdn/hy/23903196.flv
埋堆堆5,http://cfss.cc/cdn/hy/23740156.flv
埋堆堆6,http://cfss.cc/cdn/hy/23728660.flv
埋堆堆7,http://cfss.cc/cdn/hy/23865058.flv
埋堆堆8,http://cfss.cc/cdn/hy/23734183.flv
埋堆堆9,http://cfss.cc/cdn/hy/23865036.flv
埋堆堆10,http://cfss.cc/cdn/hy/23734246.flv
埋堆堆11,http://cfss.cc/cdn/hy/23863796.flv
埋堆堆12,http://cfss.cc/cdn/hy/23749083.flv
埋堆堆13,http://cfss.cc/cdn/hy/23824164.flv
埋堆堆14,http://cfss.cc/cdn/hy/23863804.flv
埋堆堆15,http://cfss.cc/cdn/hy/23865142.flv
埋堆堆16,http://cfss.cc/cdn/hy/23903183.flv
埋堆堆17,http://cfss.cc/cdn/hy/23903130.flv
埋堆堆18,http://cfss.cc/cdn/hy/23734169.flv
埋堆堆19,http://cfss.cc/cdn/hy/23728674.flv
卫视电影,mitv://generationnexxxt.com:19806/f5f1de75dbbf48e2a21a498977ffb8e4
卫视电影,mitv://135.148.104.228:19806/f5f1de75dbbf48e2a21a498977ffb8e4
私人影院,mitv://generationnexxxt.com:19806/3cfadd5e9af14d6db652b3c23acd7a7d
ARNER,mitv://generationnexxxt.com:19806/cd2062a6c5a94d548f3516d96e23deec
CinemaW,mitv://generationnexxxt.com:19806/e262f40881b2461f9a270b4d9d0b54c3
ViuTV台英,mitv://generationnexxxt.com:19806/ba99e7a39d9c4e74bacc5de14f58dcf6
ViuTV台英,mitv://generationnexxxt.com:19806/4117b4e170014c2fbce73011cfaf066a
DiscoveryA,mitv://generationnexxxt.com:19806/65e9a59d000f257fe8f2360919064328
HBO电影,mitv://generationnexxxt.com:19806/37f11d742fee447ab15f07db28095bd6
HBO强档巨献,mitv://generationnexxxt.com:19806/85cdd046958e48a794ff6f2d26b8ceba
HBO强档巨献,mitv://generationnexxxt.com:19806/563a5981b8ad4df085b59ce98bbecb95
HBO原创巨献,mitv://generationnexxxt.com:19806/6cf195d6fb5a4f9bb6fd98cf97af421b
HBO原创巨献,mitv://generationnexxxt.com:19806/bd0a33ff8b6f4fe9ba7791ad73c6c16e
东风37,p2p://108.181.20.159:75326/65e43760000a035494a8bab255152210
TVB星河国语,http://php.jdshipin.com:8880/TVOD/iptv.php?id=xinghe
TVB星河国语,http://8.134.236.66:45678/ali.hlspull.yximgs.com?id=17
TVB星河国语,http://8.134.236.66:45678/ali.hlspull.yximgs.com?id=18
TVB星河(粤),mitv://generationnexxxt.com:19806/0c08d9d705a747908c23ba652726d777
C+,http://ottproxy2.ist.ooo/livehls/MOB-U1-NO/01.m3u8
C+,http://ottproxy2.ist.ooo/livehls/MOB-U1-NO/02.m3u8
TVB粤语片,mitv://generationnexxxt.com:19806/3a44c9c92439443494b8ecff6fdb2336
无线翡翠,http://php.jdshipin.com:8880/smt.php?id=jade_twn
无线Plus,http://php.jdshipin.com:8880/smt.php?id=j2_twn
无线明珠,http://php.jdshipin.com:8880/smt.php?id=pearl_twn
无线娱乐备,http://v2h.jdshipin.com/enew/enew.stream/chunklist.m3u8
TVB 华丽,http://php.jdshipin.com:8880/smt.php?id=Tvbjade
TVB 华丽,http://php.jdshipin.com:8880/smt.php?id=Wlt
亚太第一卫视综合,http://play2.one-tv.com/live/onetv.m3u8
亚洲卫视,https://p2hs.vzan.com/slowlive/821481626725612417/live.m3u8?zbid=2046370057&tpid=330913109&type=0
纬来戏剧,http://extraott.com:80/live/7921751389/6097373662/5491.m3u8
纬来戏剧,p2p://108.181.20.159:75326/5fe29426000330687c04c55011370c91
纬来戏剧,mitv://generationnexxxt.com:19806/69036778f8fc40729301e9e88aeee556
东森美洲戏剧,http://extraott.com:80/live/7921751389/6097373662/473540.m3u8
靖洋戏剧,mitv://generationnexxxt.com:19806/84a559f1b4884854be933d5d4fc0d4a6
靖洋戏剧,mitv://135.148.104.228:19806/84a559f1b4884854be933d5d4fc0d4a6
EYE戏剧,mitv://generationnexxxt.com:19806/2831986ed4b448c9b626788fbd3f2f89
EYE戏剧,http://extraott.com:80/live/7921751389/6097373662/5532.m3u8
EYETV戏剧,mitv://135.148.104.228:19806/2831986ed4b448c9b626788fbd3f2f89
亚洲剧,mitv://generationnexxxt.com:19806/ee081a662356489d8b2170952ec91d24
纬来综合,http://extraott.com:80/live/7921751389/6097373662/5490.m3u8
八大优,mitv://generationnexxxt.com:19806/7abaa68442ce4ed7ad7c9772fb46eda9
八大娱乐,mitv://generationnexxxt.com:19806/cea44ead76804413bd48caf76c5c2749
华剧台,https://s2-10623-kwimgs.52520.xyz/histar.php?key=e7613508260c3c3d8d25b90c55a923bf&id=golden-chinese-drama
戏曲台,mitv://generationnexxxt.com:19806/4c3b3c3a6c8849c3aa0fc9938859e134
黄金台,mitv://generationnexxxt.com:19806/c2e1bcd2c5544341b2a0d7f7a53e0d98
Astro小太阳,mitv://generationnexxxt.com:19806/b9014d57594d4cfdb87848d4b2610506
Astro,mitv://generationnexxxt.com:19806/0cd8ffd5742f43f2aba6b6bf8736641d
Astro欢喜,mitv://generationnexxxt.com:19806/a2f732d447dc4c0b9e80417490de4e1d
TV1,mitv://generationnexxxt.com:19806/a3299ebd988b447992cf982df2ea7562
TV2,mitv://generationnexxxt.com:19806/facbc81537924664aaf429b4e0faec17
TV3,mitv://generationnexxxt.com:19806/6a00a0b3636340a4bc00626fedaa36f6
JET综合,mitv://generationnexxxt.com:19806/cbd0c62dcb2a45cfa04f672fb2c49d14
高点综合,mitv://generationnexxxt.com:19806/462775e2153243fc92adec0793c638d0
影厅1,http://zby.xjqxz.top/zh01/live.m3u8
影厅2,http://zby.xjqxz.top/zh02/live.m3u8
影厅3,http://zby.xjqxz.top/zh03/live.m3u8
影厅4,http://zby.xjqxz.top/zh08/live.m3u8
院线1,http://zby.xjqxz.top/gcwx2/live.m3u8
院线2,http://zby.xjqxz.top/gcwx3/live.m3u8
院线3,http://zby.xjqxz.top/gcwx5/live.m3u8
经典影剧,http://lxajh.top/tv/douyu.php?id=3928
邵氏电影[1280*720],http://lxajh.top/tv/douyu.php?id=4246519
芒果TV①,http://zby.xjqxz.top/dsdsj1/live.m3u8
芒果TV②,http://zby.xjqxz.top/dsdsj2/live.m3u8
芒果TV③,http://zby.xjqxz.top/dsdsj3/live.m3u8
芒果TV④,http://zby.xjqxz.top/gzdsj1/live.m3u8
芒果TV⑤,http://zby.xjqxz.top/gzdsj2/live.m3u8
芒果TV⑥,http://zby.xjqxz.top/gzdsj3/live.m3u8
芒果TV⑦,http://zby.xjqxz.top/gzdsj4/live.m3u8
芒果TV⑧,http://zby.xjqxz.top/gzdsj5/live.m3u8
芒果TV⑨,http://zby.xjqxz.top/kzzypd/live.m3u8
芒果TV⑩,http://zby.xjqxz.top/dzzypd/live.m3u8
芒果TV⑪,http://zby.xjqxz.top/dzzypd2/live.m3u8
芒果TV⑫,http://zby.xjqxz.top/dzzypd3/live.m3u8
芒果TV⑬,http://zby.xjqxz.top/gzwxj/live.m3u8
95神雕侠侣粤,http://159.75.85.63:35455/yy/1354926637
96笑傲江湖版,http://159.75.85.63:35455/yy/1354930909
87经典红楼梦,http://159.75.85.63:35455/yy/1382745084
仙剑奇侠传剧,http://159.75.85.63:35455/yy/1382749903
花千骨电视剧,http://159.75.85.63:35455/yy/1354943110
少年歌行剧集,http://159.75.85.63:35455/yy/1450556636
鹊刀门传奇剧,http://159.75.85.63:35455/yy/1355344777
甄嬛传电视剧,http://zby.xjqxz.top/live8/live.m3u8
卿卿日常轮播,http://zby.xjqxz.top/qqrc/live.m3u8
开端电视轮播,http://159.75.85.63:35455/huya/11342397
开端电视轮播,http://cfss.cc/cdn/hy/11342397.m3u8
我的体育老师,http://159.75.85.63:35455/yy/1382745169
后厨电视轮播,http://159.75.85.63:35455/yy/1351059494
如果岁月轮播,http://159.75.85.63:35455/yy/1382736883
流金岁月轮播,http://159.75.85.63:35455/yy/1382749906
向风而行轮播,http://zby.xjqxz.top/xfex/live.m3u8
欢乐颂电视剧,http://159.75.85.63:35455/douyu/3756989
好先生电视剧,http://159.75.85.63:35455/douyu/9650792
我的前半生剧,http://159.75.85.63:35455/yy/1382735564
伪装者电视剧,http://159.75.85.63:35455/yy/1354936244
警察荣誉轮播,http://zby.xjqxz.top/live16/live.m3u8
雪豹电视轮播,http://159.75.85.63:35455/douyu/11863823
火蓝刀锋轮播,http://159.75.85.63:35455/yy/1382737892
二炮手电视剧,http://159.75.85.63:35455/yy/1354930964
炮神电视轮播,http://159.75.85.63:35455/yy/22089862
风筝电视轮播,http://159.75.85.63:35455/yy/1354931585
三部僵约轮播,http://159.75.85.63:35455/douyu/9470198
古装神剧,https://live.metshop.top/douyu/338759
经典宫庭,http://live.dxms.top:80/dwy/gtjc.php
经典清剧,http://live.dxms.top:80/dwy/jdqj.php
神雕侠侣古天乐版,http://cfss.cc/cdn/hy/23865171.flv
鹿鼎记陈小春版,http://cfss.cc/cdn/hy/23865080.flv
鬼吹灯之昆仑神宫,http://cfss.cc/cdn/hy/11601957.flv
武侠电视剧,https://live.metshop.top/yy/1459331991
经典三国,http://live.dxms.top/dw/jdsg.php
武侠剧场,http://43.138.170.29:35455/douyu/338759
虎飞虎之雷霆极战,http://11.xmyxc.cn/api/php/yy.php?id=1382736869
纪晓岚,http://11.xmyxc.cn/api/php/yy.php?id=1352227227
纪晓岚,http://11.xmyxc.cn/api/php/yy.php?id=1354143978
西游记后传 蓝光,http://11.xmyxc.cn/api/php/yy.php?id=1353392400
西游记张卫健版,http://11.xmyxc.cn/api/php/yy.php?id=1354936155
渴望,http://11.xmyxc.cn/api/php/yy.php?id=1354930963
风筝,http://11.xmyxc.cn/api/php/yy.php?id=1382828770
富贵,http://11.xmyxc.cn/api/php/yy.php?id=1354926537
马大帅,http://11.xmyxc.cn/api/php/yy.php?id=1353782648
都挺好,http://11.xmyxc.cn/api/php/yy.php?id=1382736892
包青天,http://11.xmyxc.cn/api/php/yy.php?id=463153
李三枪,http://11.xmyxc.cn/api/php/yy.php?id=1354936122
叛逆者,http://11.xmyxc.cn/api/php/yy.php?id=1382736868
小欢喜,http://11.xmyxc.cn/api/php/yy.php?id=1382737888
流金岁月,http://11.xmyxc.cn/api/php/yy.php?id=1382736891
传奇英雄,http://11.xmyxc.cn/api/php/yy.php?id=1382735578
新封神榜,http://11.xmyxc.cn/api/php/yy.php?id=31128
插翅难逃,hhttp://11.xmyxc.cn/api/php/yy.php?id=23402146
无敌县令,http://11.xmyxc.cn/api/php/yy.php?id=1354932390
魔幻手机,http://11.xmyxc.cn/api/php/yy.php?id=1382735544
法正先锋,http://11.xmyxc.cn/api/php/yy.php?id=1354930939
水月洞天,http://11.xmyxc.cn/api/php/yy.php?id=1462996362
汉武大帝,http://11.xmyxc.cn/api/php/yy.php?id=1355260855
读心神探,http://11.xmyxc.cn/api/php/yy.php?id=1382851589
溏心风暴,http://11.xmyxc.cn/api/php/yy.php?id=1354888747
火蓝刀锋,http://11.xmyxc.cn/api/php/yy.php?id=1382737892
白夜追凶,http://11.xmyxc.cn/api/php/yy.php?id=1354932359
怪医文三块,http://11.xmyxc.cn/api/php/yy.php?id=1354936154
忠烈杨家将,http://11.xmyxc.cn/api/php/yy.php?id=1382749909
雪中悍刀情,http://11.xmyxc.cn/api/php/yy.php?id=11410
刑事侦缉档案,http://11.xmyxc.cn/api/php/yy.php?id=1382851585
我的父亲我的兵,http://11.xmyxc.cn/api/php/yy.php?id=1353413714
穿越时空的爱恋,http://11.xmyxc.cn/api/php/yy.php?id=1382735567
特种兵之火凤凰,http://11.xmyxc.cn/api/php/yy.php?id=1356326459
神雕侠侣古天乐,http://11.xmyxc.cn/api/php/yy.php?id=12531
经典电视剧,http://11.xmyxc.cn/api/php/yy.php?id=1356341389
公视台语,mitv://generationnexxxt.com:19806/6593a0f40009baf898efc82314242462
东森幼幼,mitv://generationnexxxt.com:19806/baa16215e2224e399f6dc71eb3576ed4
东森亚洲卫视,mitv://generationnexxxt.com:19806/8a43d9cb067b47aaa8fd5f550930be0c
纬来综合,mitv://generationnexxxt.com:19806/d40310ae8bba42569d3d90b4cf7d9928
靖天综合,mitv://generationnexxxt.com:19806/ed2e3f294dcc40c1b72aba372fbed64d
靖天育乐,mitv://generationnexxxt.com:19806/d67fd6c2e7c44e17b9e86d9073f2930e
靖天欢乐,mitv://generationnexxxt.com:19806/439163cf3469473b8ffd582b687991be
靖天日本,mitv://generationnexxxt.com:19806/c88dcc9ddf6747b991fc1a0db939147d
靖天国际,mitv://generationnexxxt.com:19806/12d39bada24843588ad72a3175b785a2
壹电视综合,mitv://generationnexxxt.com:19806/617d6cf150574cb485ee07aea57262fd
壹电视新闻,mitv://generationnexxxt.com:19806/31dad83ef5b74c5db225482cd2e0fbae
非凡商业,mitv://generationnexxxt.com:19806/0c1ba96949414628ae64fc70c3354e7b
国兴卫视,mitv://generationnexxxt.com:19806/18aaee00d2af442ebb4592e15f7b2a20
公视3,mitv://generationnexxxt.com:19806/95f2ed538e044aac891abfe6a9ce6ba7
尼克儿童,mitv://generationnexxxt.com:19806/879f28be19bc47df84ad3d5470be58d0
HITS,mitv://generationnexxxt.com:19806/a65416c2039f4644aeef10da853fb928
ELTV生活英语,mitv://generationnexxxt.com:19806/78c0f08e89a844ef89d6803bce27a827
Mezzo Live,mitv://generationnexxxt.com:19806/1c1e90cd01934a5f917ec4fad5c97665
TRACE Sport Stars,mitv://generationnexxxt.com:19806/b0cb233f10e84f29910fa38e15a07035
Discovery Asia,mitv://generationnexxxt.com:19806/0afefbe6244c42dbac40a3d8abef8d07
Discovery科学,mitv://generationnexxxt.com:19806/39e1494bd82c449892c6f92a6c8dc213
DMAX,mitv://generationnexxxt.com:19806/50af7fb4500840e292bcfae4dd50e97f
Lifetime,mitv://generationnexxxt.com:19806/112b06172cdf41cbb6990e64d30cab0c
NHK新闻资讯,mitv://generationnexxxt.com:19806/c2da55d84a72418c8f1876c25ec97a1d
Smart知识,mitv://generationnexxxt.com:19806/65939c760002de7398de3a2e3f1b051b
TechStorm,mitv://generationnexxxt.com:19806/994876c6aadc4234ba73441f18d36602
智林体育,mitv://generationnexxxt.com:19806/931c171e2f774f7aa1a92e97f5098c9f
博斯高球,mitv://generationnexxxt.com:19806/6ff0b79453d2430986930b7c84a286df
EYE TV旅游,mitv://generationnexxxt.com:19806/2d426994acef44deb401aa8a4cd5a92e
博斯网球,mitv://generationnexxxt.com:19806/7fb5b66ce38747de84be865952153959
居家乐活,mitv://generationnexxxt.com:19806/84613e96237545769558cc572e6d1ab0
亚洲旅游,mitv://generationnexxxt.com:19806/259c24cb79ce4b5db1fb1e1b894c517e
韩国娱乐,mitv://generationnexxxt.com:19806/80d680dc15ec44bea9c3a3160ecdcb14
罪案侦缉,mitv://generationnexxxt.com:19806/ef7b4ee3be374092a4a0074a6be41e03
历史,mitv://generationnexxxt.com:19806/e6f506b509c94bacb4a371cdbcbe7719
爱尔达体育1,mitv://generationnexxxt.com:19806/68e521d35c0247ddbc5073dee98245a3
爱尔达体育2,mitv://generationnexxxt.com:19806/d1f16ee235314a0fbc33742ab7af534b
爱尔达体育3,mitv://generationnexxxt.com:19806/3ebc6b89559c44dca30c4c259a5646b9
爱尔达体育4,mitv://generationnexxxt.com:19806/df4f198dbe6347e1a084c79d208f227d
佛卫慈悲,mitv://generationnexxxt.com:19806/be70c8b5b35c4551b5c7d3c905234e69
客家电视,mitv://generationnexxxt.com:19806/eafabb6e7c30439b8ecd35ad40a46a96
探索,mitv://generationnexxxt.com:19806/9f2e92df32b34a569ad7e6818f4732fb
TLC旅游生活,mitv://generationnexxxt.com:19806/621ca70412034f5eb919c1ec03679804
MOMO综合,mitv://generationnexxxt.com:19806/659391fc000353d298b54dbe4b486dab
MOMO亲子,mitv://generationnexxxt.com:19806/2f2d9ad70ce7410aa99f2b9fa1753dd4
HOY 资讯,mitv://generationnexxxt.com:19806/eb5a565eb80d40509f0a248018dfd337
HOY 新闻,mitv://generationnexxxt.com:19806/d7a5bbf5664945cc8589b36b8434d68d
18台,mitv://generationnexxxt.com:19806/8bf8f53c61944785b13817297101af20
壹电视新闻,P2p://generationnexxxt.com:19806/31dad83ef5b74c5db225482cd2e0fbae
Z,P2p://generationnexxxt.com:19806/8789d946039740bda334150ac3138166
公视3,P2p://generationnexxxt.com:19806/95f2ed538e044aac891abfe6a9ce6ba7
Sky Sports Golf,P2p://generationnexxxt.com:19806/65791ef9000e6a67316403ad31ad3930
Sky Sports Football,P2p://generationnexxxt.com:19806/65791ef900094e3c3164026476a47cd3
Astro SuperSport,P2p://generationnexxxt.com:19806/8f8ad3ee6aa54ccbac64314553dfa1fa
Astro SuperSport 2,P2p://generationnexxxt.com:19806/650d4fca00064e791dd4dbcd16fd08c0
Astro SuperSport 3,P2p://generationnexxxt.com:19806/5b9b9986c20244908be60c3f18a3e435
Astro SuperSport 4,P2p://generationnexxxt.com:19806/c7f1be20958243f68c943016c446501e
beIN Sports 3,P2p://generationnexxxt.com:19806/65a52dc1000d76fbdd7dd8ab186b4afd
Skynet Sports,P2p://generationnexxxt.com:19806/64f03b7d000cf732ac3d879228791c70
Skynet Sports 2,P2p://generationnexxxt.com:19806/64f03b7e0004ca5cac3d89676c3c51df
Skynet Sports 5,P2p://generationnexxxt.com:19806/64f03b7f0003688dac3d8cf1521c6e9f
Skynet Sports 6,P2p://generationnexxxt.com:19806/64f03b7e000b23c7ac3d8b0d775b55a1
Fight Sports,P2p://generationnexxxt.com:19806/7375a5f151c047b294a8e8c6ddad178d
ESPN,P2p://generationnexxxt.com:19806/2436baa9e481444fa785298d5931bdba
beIN Sports 2,P2p://generationnexxxt.com:19806/65619d35000372e967236fc35ab64b39
NBA,P2p://generationnexxxt.com:19806/65159b8e000aa81c3e3cd2861b6b31f1
Eurosport,P2p://generationnexxxt.com:19806/65159769000b9a153e2ca23c14c042d2
Arena Bola,P2p://generationnexxxt.com:19806/6597c3de0009a0efa91838f96fd623b1
Sky Sports F1,P2p://generationnexxxt.com:19806/65791ef90003eb94316400fd79094faa
Sky Sports Arena,P2p://generationnexxxt.com:19806/65791ef8000e15953163ffb52b633954
Sky Sports Main Event,P2p://generationnexxxt.com:19806/65791ef800079cd23163fe0f44d92213
Sky Sports Cricket,P2p://generationnexxxt.com:19806/65791ef8000290523163fcb71a5c79e1
Sky Sports Mix,P2p://generationnexxxt.com:19806/65791ef7000cb6683163fb6f54195e6f
Golf Channel,P2p://generationnexxxt.com:19806/65619e930003f0fc6728c71226a25f2d
HITS Movies,P2p://generationnexxxt.com:19806/72b44f288c8c4c5baa031ec11d9e0e35
CHC电影,P2p://generationnexxxt.com:19806/02385419696a411db959037c2190cf11
HOY TV,mitv://generationnexxxt.com:19806/10c18372b612479086c1f259245543ff
﻿翡翠台(备),mitv://147.135.39.171:9906/657c8f940005cf8fa955b96f23e11195
无线财经体育资讯,mitv://generationnexxxt.com:19806/8bcc654c89f74ebdb4e82062ef5f998c
澳门-MACAU,mitv://generationnexxxt.com:19806/f9ba8df6f9ed45789e882211735e6414
HKC 18,mitv://generationnexxxt.com:19806/140377dc9e0848678d614d451d69af9e
香港国际财经,mitv://generationnexxxt.com:19806/6aa47af091b54d618d1513b1bc23b0b9
now财经,mitv://generationnexxxt.com:19806/88f95058c046453a973e2540701ccb4e
Hands Up,mitv://generationnexxxt.com:19806/7a79a82b627a417f897895b4adf874aa
大爱,mitv://generationnexxxt.com:19806/e89ec8c592484d88bc001e8d8a6c9e31
霹雳台湾,mitv://generationnexxxt.com:19806/dcdf778fe9ca4184ad6af3a911765cf0
公视,mitv://generationnexxxt.com:19806/5bc9388122b840f1abd2ff73c85049a6
好消息,mitv://generationnexxxt.com:19806/febf2282369d409d92d68514b72fc433
原住民电视,mitv://generationnexxxt.com:19806/cb5b7549e3604100a605ca17c82808f5
CNBC,mitv://generationnexxxt.com:19806/b642a4ce45734a7190f0acbd8cd462dd
Bloomberg TV,mitv://generationnexxxt.com:19806/885bb543b9cb4bbeb5bcfe518fb90780
年代新闻,mitv://generationnexxxt.com:19806/95f67e884d88463e907c301d05fa68b7
STAR World,mitv://generationnexxxt.com:19806/e60c9c99922d4fed8cfb3a8333f2d360
Z,mitv://generationnexxxt.com:19806/8789d946039740bda334150ac3138166
靖洋卡通Nice Bingo,mitv://generationnexxxt.com:19806/1279fb2d1ae14676a31b2e5b38a2cd57
靖天卡通,mitv://generationnexxxt.com:19806/0e27e5f319264b609ec810e126edf969
CLASSICA 古典乐,mitv://generationnexxxt.com:19806/133be9054bcd4fa68d2e34205004a51a
爱尔达体育1台(备),mitv://generationnexxxt.com:19806/1180278580d04cb490450ec59b4edc6b
博斯高球二,mitv://generationnexxxt.com:19806/8afa52d0fe0047f8a6d7e51f46697f93
博斯魅力网,mitv://generationnexxxt.com:19806/c585ebfbfc7c4260a8d9556b5409faf0
博斯无限,mitv://generationnexxxt.com:19806/f2973cfa7c2045e6b8a184f1bf18af7c
博斯无限二,mitv://generationnexxxt.com:19806/143f1c23ac834d28a5296d61fed9250c
博斯运动,mitv://generationnexxxt.com:19806/6293839c167e4b6393c745db434b2465
博斯运动二,mitv://generationnexxxt.com:19806/cbd52c51fbab49ae9b3bc0da9137f681
EVE,mitv://generationnexxxt.com:19806/f21130546932443d98f6ec02aa4ec99a
亚洲美食,mitv://generationnexxxt.com:19806/5b787bd078c84a3caa09c3665c66dc50
好消息2,mitv://generationnexxxt.com:19806/2b9f20946a6147dfba8f92373fbafee5
纬来精采,mitv://generationnexxxt.com:19806/1db14fe8aad841b4b28eca2b136e7206
ETtoday综合,mitv://generationnexxxt.com:19806/8e1b32241c9d4d079a2df7dc99adb312
ROCK Extreme,mitv://generationnexxxt.com:19806/fc56480dab3541a6a99d66c3d2048526
卫视中文,mitv://generationnexxxt.com:19806/7f7bdcb1fb94430daa8ba120dcbfde4e
无线资讯,https://ha.jmied.com/aa/aa.flv?auth_key=1661958232-0-0-3d9174957759709f8b53448167c0b6f6
ELE体育3,rtmp://f13h.mine.nu/sat/tv751
NEW新闻,http://165.1.79.200:9000/live.m3u8?c=76
公视,http://165.1.79.200:9000/live.m3u8?c=83
东森LIVE,http://165.1.79.200:9000/live.m3u8?c=177
公视,http://livetv.skycf.eu.org/live.m3u8?c=8
三洋,http://livetv.skycf.eu.org/live.m3u8?c=12
东森经财,http://livetv.skycf.eu.org/live.m3u8?c=14
TVB 新闻,mitv://147.135.39.171:9906/65af205400009f3c6edb7a235cfa4c88
NewTV潮妈辣婆,http://[2409:8087:2001:20:2800:0:df6e:eb19]:80/wh7f454c46tw1705588260_46164741/ott.mobaibox.com/PLTV/3/224/3221227527/index.m3u8
NewTV炫舞未来,http://[2409:8087:2001:20:2800:0:df6e:eb09]:80/wh7f454c46tw2582593423_1721070986/ott.mobaibox.com/PLTV/3/224/3221227475/index.m3u8
◆◆◆　https://raw.githubusercontent.com/zzmaze/iptv/main/itvlist.txt


◆◆◆　https://raw.githubusercontent.com/maitel2020/iptv-self-use/main/iptv.txt
梅州-1,http://php.jdshipin.com:8880/chudian.php?id=mzzh
◆◆◆　https://raw.githubusercontent.com/kimwang1978/TV/master/output/result.txt
2026-10-09 09:44:07,https://cdn.iptv8k.top/dl/jrys.php?id=3&time=20240926215313&ip=111.229.253.40
◆◆◆　https://raw.githubusercontent.com/kimwang1978/collect-tv-txt/refs/heads/main/assets/freetv/freetv_output_other.txt


◆◆◆　https://gitee.com/tushaoyong/live/raw/master/%E6%8E%A5%E5%8F%A3/IPV6.txt
重温经典,http://cg12.hunancatv.cn:9090/live/CWJD.m3u8?deviceid=866265039837531&sid=Yp6brv0MWYukAl4oJr9yrw%3D%3D&nonce=Ri1TgJg9dlAK&acl=0111&hlsSessionID=1503359536318867014&srchost=172.16.22.158:8060&gid=OHehEP1KV9FqguWiPXrX6Q%3D%3D
音你而来诏安,http://flv4mp4.people.com.cn/videofile7/pvmsvideo/2022/10/11/FuJian-JiangWeiHang_5371390d6f9d264438463a1205f8dd65_ms_sd.mp4
诏安宣传片,https://us-xpc5.xpccdn.com/8b8f002a-c791-478c-adfb-9b8d3f0c1cd7.mp4?j=%7B%22userId%22%3A0%2C%22deviceId%22%3A%2234m0k11twblzqbo25e%22%2C%22ip%22%3A%22117.27.3.105%2C106.122.248.67%22%7D
荷韵仙塘,http://ys-n.ysepan.com/627009719/820965066/hSiJwsO6H613K76G6NJSad/%E8%8D%B7%E9%9F%B5%E4%BB%99%E5%A1%98~2.mp4?lx=xz
挨饿德•单挑荒野,http://1.94.31.214:35455/huya/24007208
挨饿德•1,http://1.94.31.214:35455/huya/20985858
挨饿德•2,http://1.94.31.214:35455/huya/17693860
荒野求生1,http://1.94.31.214:35455/huya/593667
WWE,http://1.94.31.214:35455/huya/17455062
WWE.UFC,http://1.94.31.214:35455/huya/26237550
李卫当官,http://1.94.31.214:35455/huya/26355788
大宋提刑官,http://1.94.31.214:35455/huya/26355856
宝莲灯前传HY,http://1.94.31.214:35455/huya/21059563
少年张三丰,http://1.94.31.214:35455/huya/26355824
福建教育,http://www.91dos.cn:4022/rtp/239.61.2.173:9026
福建乡村,http://117.72.68.25:9930/fujian.php?id=6
新罗综合,http://stream.lyxltv.com/xltv/sd/live.m3u8
武夷山综合,http://fjwysdb.chinashadt.com:2036/live/1.stream/playlist.m3u8
宁化综合,http://fjnhdb.chinashadt.com:2036/live/stream:nh1.stream/playlist.m3u8?fujian
漫威,http://1.94.31.214:35455/huya/11602034
宇宙,http://1.94.31.214:35455/huya/11342428
怪兽,http://1.94.31.214:35455/huya/21059577
武侠,http://1.94.31.214:35455/huya/11342427
警匪,http://1.94.31.214:35455/huya/11352886
罪犯,http://1.94.31.214:35455/huya/11352962
枪战,http://1.94.31.214:35455/huya/21059579
仙逆:灭藤之战,http://1.94.31.214:35455/huya/30080215
迪迦奥特曼,http://1.94.31.214:35455/huya/30080227
西游记,http://1.94.31.214:35455/huya/29981376
成立历险记,http://1.94.31.214:35455/huya/11352946
熊出没,http://1.94.31.214:35455/huya/30202313
熊出没2,http://1.94.31.214:35455/huya/29982670
1995年春晚,https://txmov2.a.kwimgs.com/upic/2023/01/13/20/BMjAyMzAxMTMyMDA5MjJfNDAzMDAxOTlfOTM0OTkwNDQwNzVfMF8z_b_B811c0dec6b9a3d3074a18522c185010a.mp4
1991年春晚,https://txmov2.a.kwimgs.com/bs3/video-hls/5210664837540712798_hlshd15.m3u8
2003年春晚,https://txmov2.a.kwimgs.com/upic/2023/01/14/23/BMjAyMzAxMTQyMzQxNDdfNDAzMDAxOTlfOTM2MTU0MTk1NDFfMF8z_b_B182749d2cd2ea9323639254af385f24b.mp4
2010年春晚,https://txmov2.a.kwimgs.com/upic/2023/01/13/20/BMjAyMzAxMTMyMDA5MjJfNDAzMDAxOTlfOTM0OTkwNDQ0MjlfMF8z_b_B8818807a00eed329a69fb494f405bd43.mp4
2014年春晚,https://txmov2.a.kwimgs.com/upic/2023/01/06/16/BMjAyMzAxMDYxNjMxMTNfNDAzMDAxOTlfOTI4OTY2ODAzNjlfMF8z_b_Bdee65c77f9e7b2120a185c919dad81d2.mp4
2019年春晚,https://txmov2.a.kwimgs.com/upic/2023/01/06/16/BMjAyMzAxMDYxNjMxMTRfNDAzMDAxOTlfOTI4OTY2ODE2MTBfMF8z_b_B11a778e34390a21de42d407e94f45b91.mp4
NHK World Premium (720p) [Not 24/7],https://cdn.nhkworld.jp/www11/nhkworld-tv/pre/hlscomp.m3u8
NHK World News (Spanish Subs) (720p),https://cdn.nhkworld.jp/www11/nhkworld-tv/bmcc-live/es/playlist.m3u8
澳门Mac,http://grandprix2023.asuscomm.com:8891/bysid/96.m3u8
澳视葡语,http://grandprix2023.asuscomm.com:8891/bysid/92.m3u8
澳门资讯,http://grandprix2023.asuscomm.com:8891/bysid/94.m3u8
东森幼幼,http://122.117.71.103:8515/http/61.222.53.250:8081/hls/63/805/ch09.m3u8
(箱)音乐欣赏,http://61.221.215.25:8800/hls/58/index.m3u8
NHK World News (Portuguese Subs) (720p),https://cdn.nhkworld.jp/www11/nhkworld-tv/bmcc-live/pt/playlist.m3u8
辽宁公共,http://120.76.248.139/live/bfgd/4200000077.m3u8
纬来戏剧,http://122.117.71.103:8532/http/61.222.53.250:8081/hls/69/811/ch33.m3u8
生命电视,http://61.216.67.119:1935/lifetv/lifetv.stream/manifest.m3u8
黄金翡翠,http://aktv_stream1.m16tv.cfd/stream/aktv/null-21/AKTV.m3u8
辽宁公共,http://dassby.qqff.top:99/live/辽宁公共/index.m3u8
新唐人旧亚太,https://live.ntdtv.com/aplive200/playlist.m3u8
CCTVNEWS,http://183.3.134.56:9901/tsfile/live/0016_1.m3u8
CCTVNEWS,http://58.19.43.46:9901/tsfile/live/1002_1.m3u8
AMC电影,http://122.117.71.103:8559/http/61.222.53.250:8092/upload/115/AMC_TS-1111_1.m3u8
华语电视,http://38.64.72.148:80/hls/modn/list/4003/chunklist0.m3u8
新唐人美东,https://live.ntdtv.com/live900/playlist.m3u8
华语电视,http://38.64.72.148:80/hls/modn/list/4002/chunklist0.m3u8
新唐人欧洲,https://live.ntdtv.com/eulive600/playlist.m3u8
东森美洲2,http://38.64.72.148:80/hls/modn/list/2015/chunklist1.m3u8
NBA TV,http://170.yfvodcdn.com:19980/live/nbaTV2/hls.m3u8
NHK World News (French Subs) (720p),https://cdn.nhkworld.jp/www11/nhkworld-tv/bmcc-live/fr/playlist.m3u8
翡翠综合,http://aktv_stream1.m16tv.cfd/stream/aktv/null-17/AKTV.m3u8
明珠剧集,http://aktv_stream1.m16tv.cfd/stream/aktv/null-19/AKTV.m3u8
翡翠剧集,http://aktv_stream1.m16tv.cfd/stream/aktv/null-18/AKTV.m3u8
青春动漫BestTV,http://wouu.net:9977/udp/239.93.0.146:5140
斗鱼7,http://epg.112114.xyz/douyu/8814650
萧山新闻,http://l.cztvcloud.com/channels/lantian/SXxiaoshan1/720p.m3u8?zzhed?
Shop Channel (1080p) [Not 24/7],https://stream3.shopch.jp/HLS/master.m3u8
NHK Kishou Saigai (360p) [Not 24/7],https://newssimul-stream.nhk.jp/hls/live/2010561/nhknewssimul/master.m3u8
NTV News24 (480p),https://n24-cdn-live.ntv.co.jp/ch01/index.m3u8
第十三集,https://yzzy.play-cdn7.com/20221013/22698_02ea9756/index.m3u8
第十二集,https://yzzy.play-cdn7.com/20221013/22696_1547fa94/index.m3u8
山东教育卫视,http://58.57.40.22:9901/tsfile/live/1026_1.m3u8
开化新闻,http://l.cztvcloud.com/channels/lantian/SXkaihua1/720p.m3u8?zzhed?
龙游新闻,http://l.cztvcloud.com/channels/lantian/SXlongyou1/720p.m3u8?
特辑电影(🚀),http://epg.112114.eu.org/douyu/3637778
第20集,https://yzzy1.play-cdn1.com/20240525/49950_d764b31c/2000k/hls/mixed.m3u8
斗鱼6,http://epg.112114.xyz/douyu/36337
斗鱼9,http://epg.112114.xyz/douyu/323876
斗鱼2,http://epg.112114.xyz/douyu/6140589
三国演义,https://live.iill.top/huya/11602081
第四十六集,https://yzzy.play-cdn7.com/20221013/22730_6d039e6d/index.m3u8
斗鱼3,http://epg.112114.xyz/douyu/8770422
第四十四集,https://yzzy.play-cdn7.com/20221013/22731_53e87991/index.m3u8
笑傲江湖,https://live.iill.top/huya/23865142
第四十五集,https://yzzy.play-cdn7.com/20221013/22729_2d951857/index.m3u8
QVC_Japan,https://cdn-live1.qvc.jp/iPhone/1501/1501.m3u8
斗鱼5,http://epg.112114.xyz/douyu/52787
第18集,https://vvqq.play22-cdn.com/20240524/2562_98cb0835/2000k/hls/mixed.m3u8
粤语版电影,http://epg.112114.xyz/douyu/1226741
赛事播27,http://61.160.112.102:35455/itv/3000000010000003915.m3u8?cdn=FifastbLive
赛事播26,http://61.160.112.102:35455/itv/3000000010000002809.m3u8?cdn=FifastbLive
第四十三集,https://yzzy.play-cdn7.com/20221013/22727_3bb22752/index.m3u8
第四十集,https://yzzy.play-cdn7.com/20221013/22724_2236a2ba/index.m3u8
BSテレ东,https://stream01.willfonk.com/live_playlist.m3u8?cid=BS171&r=FHD&ccode=JP&m=d0:20:20:04:35:cc&t=0d6938cb3dcf4b79848bc1753a59daf1
赛事播03,http://61.160.112.102:35455/itv/3000000001000007218.m3u8?cdn=FifastbLive
WOWOWプライム,https://stream01.willfonk.com/live_playlist.m3u8?cid=BS191&r=FHD&ccode=JP&m=d0:20:20:04:35:cc&t=0d6938cb3dcf4b79848bc1753a59daf1
野行者,https://live.iill.top/huya/20072663
爱尔达体育2,http://50.7.234.10:8278/eltasport2_twn/playlist.m3u8?tid=MB2B3966739039667390&ct=19249&tsum=20bdbd3a22909e8d89aabe7a923c8c5b
TVB千禧经典,http://php.jdshipin.com:8880/smt.php?id=Tvbclassic
赛事播21,http://61.160.112.102:35455/itv/3000000020000011529.m3u8?cdn=FifastbLive
之江记录,http://ali-m-l.cztv.com/channels/lantian/channel012/1080p.m3u8?
スターチャンネル3,https://stream01.willfonk.com/live_playlist.m3u8?cid=BS202&r=FHD&ccode=JP&m=d0:20:20:04:35:cc&t=0d6938cb3dcf4b79848bc1753a59daf1
ホームドラマチャンネル,https://stream01.willfonk.com/live_playlist.m3u8?cid=CS294&r=FHD&ccode=JP&m=d0:20:20:04:35:cc&t=0d6938cb3dcf4b79848bc1753a59daf1
第四十一集,https://yzzy.play-cdn7.com/20221013/22726_bcaee9e0/index.m3u8
第四十二集,https://yzzy.play-cdn7.com/20221013/22728_7fff7f3a/index.m3u8
GAORA,https://stream01.willfonk.com/live_playlist.m3u8?cid=CS254&r=FHD&ccode=JP&m=d0:20:20:04:35:cc&t=0d6938cb3dcf4b79848bc1753a59daf1
HBO家庭,http://50.7.234.10:8278/fyi_twn/playlist.m3u8?tid=18186902&ct=17988&&tsum=7a21abab0a5912afb0ebc01db111e59f
第三十集,https://yzzy.play-cdn7.com/20221013/22716_1ac04a90/index.m3u8
东森幼幼,http://50.7.234.10:8278/yoyo_twn/playlist.m3u8?ct=17874&tid=m84c9b210bc7f11269156&tsum=51340c8fb7ca02ab978ee0791843501d
探索科学,http://50.7.234.10:8278/discoverysc_twn/playlist.m3u8?tid=MA5A1483878814838788&ct=19234&tsum=0ddc2f194c37e1b7d091efc180f3de7a
日テレジータス,https://stream01.willfonk.com/live_playlist.m3u8?cid=CS257&r=FHD&ccode=JP&m=d0:20:20:04:35:cc&t=0d6938cb3dcf4b79848bc1753a59daf1
时尚台FTV,http://80.94.54.42/fashiontv/stream/playlist.m3u8
囲碁?将棋チャンネル,https://stream01.willfonk.com/live_playlist.m3u8?cid=CS363&r=FHD&ccode=JP&m=d0:20:20:04:35:cc&t=0d6938cb3dcf4b79848bc1753a59daf1
全佳,http://185.243.7.13:80/play/live.php?mac=00:1A:79:45:5E:9A&stream=571192&extension=ts&play_token=xEP94V2R5Q
ムービープラス,https://stream01.willfonk.com/live_playlist.m3u8?cid=CS240&r=FHD&ccode=JP&m=d0:20:20:04:35:cc&t=0d6938cb3dcf4b79848bc1753a59daf1
スカイA,https://stream01.willfonk.com/live_playlist.m3u8?cid=CS250&r=FHD&ccode=JP&m=d0:20:20:04:35:cc&t=0d6938cb3dcf4b79848bc1753a59daf1
第21集,https://yzzy.play-cdn21.com/20240525/35516_092c121e/2000k/hls/mixed.m3u8
WOWOWシネマ,https://stream01.willfonk.com/live_playlist.m3u8?cid=BS193&r=FHD&ccode=JP&m=d0:20:20:04:35:cc&t=0d6938cb3dcf4b79848bc1753a59daf1
テレビ东京,https://stream01.willfonk.com/live_playlist.m3u8?cid=BS297&r=FHD&ccode=JP&m=d0:20:20:04:35:cc&t=0d6938cb3dcf4b79848bc1753a59daf1
ViuTV6,http://m.osvs.asia:8000/bysid/96
星空卫视,https://stream1.freetv.fun/xing-kong-wei-shi-11.m3u8
第三十九集,https://yzzy.play-cdn7.com/20221013/22725_856376c9/index.m3u8
第三十八集,https://yzzy.play-cdn7.com/20221013/22723_f624149b/index.m3u8
东森卫视,http://185.243.7.13:80/play/live.php?mac=00:1A:79:45:5E:9A&stream=156394&extension=ts&play_token=UEKTIim7lP
斗鱼4,http://epg.112114.xyz/douyu/747764
东森美洲,http://185.243.7.13:80/play/live.php?mac=00:1A:79:45:5E:9A&stream=156397&extension=ts&play_token=2fQZ7EF20L
年代新闻,http://50.7.234.10:8278/niandainews_twn/playlist.m3u8?tid=m062d2322888417909285&ct=17874&tsum=da6e0908f8df0e85b37f9d93167b9fcd
第三十一集,https://yzzy.play-cdn7.com/20221013/22715_de46c41c/index.m3u8
第三十七集,https://yzzy.play-cdn7.com/20221013/22721_198ac9a4/index.m3u8
HBO3,http://185.243.7.13:80/play/live.php?mac=00:1A:79:45:5E:9A&stream=56104&extension=ts&play_token=HqqAESBfCa
第三十六集,https://yzzy.play-cdn7.com/20221013/22722_9f54cbd2/index.m3u8
番外篇,https://yzzy.play-cdn7.com/20221013/22732_018e6020/index.m3u8
スーパー!ドラマTV,https://stream01.willfonk.com/live_playlist.m3u8?cid=CS310&r=FHD&ccode=JP&m=d0:20:20:04:35:cc&t=0d6938cb3dcf4b79848bc1753a59daf1
キッズステーション,https://stream01.willfonk.com/live_playlist.m3u8?cid=CS330&r=FHD&ccode=JP&m=d0:20:20:04:35:cc&t=0d6938cb3dcf4b79848bc1753a59daf1
摔跤格斗,https://d2p372oxiwmcn1.cloudfront.net/hls/1080p/playlist.m3u8
▶️哈利波特：消失的密室,https://v1.fentvoss.com/sdv1/202308/19/7pizD2d5YN2/video/index.m3u8
スターチャンネル2,https://stream01.willfonk.com/live_playlist.m3u8?cid=BS201&r=FHD&ccode=JP&m=d0:20:20:04:35:cc&t=0d6938cb3dcf4b79848bc1753a59daf1
星空卫视,https://stream1.freetv.fun/xing-kong-wei-shi-10.m3u8
第三十五集,https://yzzy.play-cdn7.com/20221013/22719_14bf9a3b/index.m3u8
华丽台,http://185.243.7.13:80/play/live.php?mac=00:1A:79:45:5E:9A&stream=571187&extension=ts&play_token=uWRW1HvPSb
第三十四集,https://yzzy.play-cdn7.com/20221013/22718_0939ec0c/index.m3u8
双星,http://185.243.7.13:80/play/live.php?mac=00:1A:79:45:5E:9A&stream=571191&extension=ts&play_token=6Do9QdLKkM
HBO2,http://185.243.7.13:80/play/live.php?mac=00:1A:79:45:5E:9A&stream=56105&extension=ts&play_token=TYYmi0O3a2
TVB千禧经典,http://php.jdshipin.com/smt.php?id=Tvbclassic
第三十三集,https://yzzy.play-cdn7.com/20221013/22720_512de013/index.m3u8
卫视中文,http://185.243.7.13:80/play/live.php?mac=00:1A:79:45:5E:9A&stream=941624&extension=ts&play_token=xmfFOBilCP
卫视电影,http://185.243.7.13:80/play/live.php?mac=00:1A:79:45:5E:9A&stream=941625&extension=ts&play_token=UX6nxpu1TT
赛事播07,http://61.160.112.102:35455/itv/3000000001000010129.m3u8?cdn=FifastbLive
WOWOWライブ,https://stream01.willfonk.com/live_playlist.m3u8?cid=BS192&r=FHD&ccode=JP&m=d0:20:20:04:35:cc&t=0d6938cb3dcf4b79848bc1753a59daf1
赛事播11,http://61.160.112.102:35455/itv/3000000010000005837.m3u8?cdn=FifastbLive
赛事播09,http://61.160.112.102:35455/itv/3000000001000028638.m3u8?cdn=FifastbLive
ファミリー剧场,https://stream01.willfonk.com/live_playlist.m3u8?cid=CS293&r=FHD&ccode=JP&m=d0:20:20:04:35:cc&t=0d6938cb3dcf4b79848bc1753a59daf1
LaLaTV,https://stream01.willfonk.com/live_playlist.m3u8?cid=CS314&r=FHD&ccode=JP&m=d0:20:20:04:35:cc&t=0d6938cb3dcf4b79848bc1753a59daf1
フジテレビ,https://stream01.willfonk.com/live_playlist.m3u8?cid=BS298&r=FHD&ccode=JP&m=d0:20:20:04:35:cc&t=0d6938cb3dcf4b79848bc1753a59daf1
スターチャンネル1,https://stream01.willfonk.com/live_playlist.m3u8?cid=BS200&r=FHD&ccode=JP&m=d0:20:20:04:35:cc&t=0d6938cb3dcf4b79848bc1753a59daf1
第十一集,https://yzzy.play-cdn7.com/20221013/22697_426b873e/index.m3u8
第三十二集,https://yzzy.play-cdn7.com/20221013/22717_f68706d1/index.m3u8
BSアニマックス,https://stream01.willfonk.com/live_playlist.m3u8?cid=BS236&r=FHD&ccode=JP&m=d0:20:20:04:35:cc&t=0d6938cb3dcf4b79848bc1753a59daf1
历史,http://213.226.69.130/iptv/BF9GWX8VNPYM9X/231/index.m3u8
赛事播04,http://61.160.112.102:35455/itv/3000000001000008001.m3u8?cdn=FifastbLive
小太阳,http://185.243.7.13:80/play/live.php?mac=00:1A:79:45:5E:9A&stream=571230&extension=ts&play_token=D3QyPDZb9O
第十四集,https://yzzy.play-cdn7.com/20221013/22699_29bc4391/index.m3u8
ゴルフネットワーク,https://stream01.willfonk.com/live_playlist.m3u8?cid=CS262&r=FHD&ccode=JP&m=d0:20:20:04:35:cc&t=0d6938cb3dcf4b79848bc1753a59daf1
赛事播22,http://61.160.112.102:35455/itv/3000000020000011530.m3u8?cdn=FifastbLive
ABC News Australia,https://stream1.freetv.fun/abc-news-australia-1.m3u8
赛事播45,http://61.160.112.102:35455/itv/3000000010000031669.m3u8?cdn=FifastbLive
赛事播01,http://61.160.112.102:35455/itv/3000000001000005308.m3u8?cdn=FifastbLive
赛事播40,http://61.160.112.102:35455/itv/3000000010000019839.m3u8?cdn=FifastbLive
赛事播39,http://61.160.112.102:35455/itv/3000000010000017678.m3u8?cdn=FifastbLive
赛事播44,http://61.160.112.102:35455/itv/3000000010000027691.m3u8?cdn=FifastbLive
赛事播35,http://61.160.112.102:35455/itv/3000000010000012558.m3u8?cdn=FifastbLive
BAND NEWS,https://stream1.freetv.fun/band-news-1.m3u8
赛事播16,http://61.160.112.102:35455/itv/3000000020000011522.m3u8?cdn=FifastbLive
荒野求生,https://live.iill.top/huya/593667
赛事播02,http://61.160.112.102:35455/itv/3000000001000005969.m3u8?cdn=FifastbLive
时代剧専门チャンネル,https://stream01.willfonk.com/live_playlist.m3u8?cid=CS292&r=FHD&ccode=JP&m=d0:20:20:04:35:cc&t=0d6938cb3dcf4b79848bc1753a59daf1
欧美电影(🚀),http://epg.112114.eu.org/douyu/20415
第十集,https://yzzy.play-cdn7.com/20221013/22693_17eb9651/index.m3u8
赛事播28,http://61.160.112.102:35455/itv/3000000010000004193.m3u8?cdn=FifastbLive
第二十九集,https://yzzy.play-cdn7.com/20221013/22714_de3ff74d/index.m3u8
赛事播12,http://61.160.112.102:35455/itv/3000000020000011518.m3u8?cdn=FifastbLive
赛事播13,http://61.160.112.102:35455/itv/3000000020000011519.m3u8?cdn=FifastbLive
ABC News Australia,https://stream1.freetv.fun/abc-news-australia-2.ctv
赛事播19,http://61.160.112.102:35455/itv/3000000020000011525.m3u8?cdn=FifastbLive
第九集,https://yzzy.play-cdn7.com/20221013/22694_32ffaf46/index.m3u8
星空卫视,https://stream1.freetv.fun/xing-kong-wei-shi-12.m3u8
赛事播34,http://61.160.112.102:35455/itv/3000000010000011518.m3u8?cdn=FifastbLive
赛事播41,http://61.160.112.102:35455/itv/3000000010000021904.m3u8?cdn=FifastbLive
华语经典1(🚀),http://epg.112114.eu.org/douyu/85894
赛事播33,http://61.160.112.102:35455/itv/3000000010000011297.m3u8?cdn=FifastbLive
韩国娱乐,https://stream1.freetv.fun/glo-bet-1.ctv
赛事播15,http://61.160.112.102:35455/itv/3000000020000011521.m3u8?cdn=FifastbLive
青田电视,http://l.cztvcloud.com/channels/lantian/SXqingtian1/720p.m3u8?zzhed?
东森美洲,https://stream1.freetv.fun/dong-sen-mei-zhou-xin-wen-1.m3u8
靖洋戏剧,https://stream1.freetv.fun/jing-yang-xi-ju-1.ctv
龙门飞甲,https://cdn2.yzzy-tv-cdn.com/20220331/4883_7f84c204/index.m3u8
余杭未来,http://l.cztvcloud.com/channels/lantian/SXlanxi1/720p.m3u8?
赛事播38,http://61.160.112.102:35455/itv/3000000010000015560.m3u8?cdn=FifastbLive
赛事播08,http://61.160.112.102:35455/itv/3000000001000010948.m3u8?cdn=FifastbLive
赛事播36,http://61.160.112.102:35455/itv/3000000010000012616.m3u8?cdn=FifastbLive
星空卫视,https://stream1.freetv.fun/xing-kong-wei-shi-4.ctv
NHK Chinese Vision (720p),https://nhkw-zh-hlscomp.akamaized.net/ixxemlzk1vqvy44o/playlist.m3u8
NHK Chinese Vision (720p),https://nhkw-zh-hlscomp.akamaized.net/8thz5iufork8wjip/playlist.m3u8
Fashion 4K,http://kkk.jjjj.jiduo.me/api.php?n=tttt&id=9831&tk=f6cc1e0a0e1a
挨饿德•2,https://live.iill.top/huya/17693860
斗鱼1,http://epg.112114.xyz/douyu/4332
象山新闻,http://l.cztvcloud.com/channels/lantian/SXxiangshan1/720p.m3u8?zzhed?
チャンネル银河,https://stream01.willfonk.com/live_playlist.m3u8?cid=CS305&r=FHD&ccode=JP&m=d0:20:20:04:35:cc&t=0d6938cb3dcf4b79848bc1753a59daf1
チャンネルNECO,https://stream01.willfonk.com/live_playlist.m3u8?cid=CS223&r=FHD&ccode=JP&m=d0:20:20:04:35:cc&t=0d6938cb3dcf4b79848bc1753a59daf1
FOX Business (1080p),http://41.205.93.154/FOXBUSINESS/index.m3u8
PBS儿童台(EN),https://stream1.freetv.fun/mei-guo-ce-shi-pbs-kids-1.ctv
兰溪新闻,http://l.cztvcloud.com/channels/lantian/SXlanxi1/720p.m3u8?zzhed?
凤凰卫视,http://122.152.202.33/s/81a8a44f/index.m3u8?id=15
龙泉新闻,http://l.cztvcloud.com/channels/lantian/SXlongquan1/720p.m3u8?zzhed?
迪拜体育2,https://svs.itworkscdn.net/smc4sportslive/smc4.smil/playlist.m3u8
美丽中国自然,http://hls.cntv.myhwcdn.cn/asp/hls/4000/0303000a/3/default/51d937a0201f4c78a5878b4b37089f3b/4000.m3u8
梵净山,http://hls.cntv.myhwcdn.cn/asp/hls/4000/0303000a/3/default/b9571df1181c4422a83901e827519fe6/4000.m3u8
赛事播20,http://61.160.112.102:35455/itv/3000000020000011528.m3u8?cdn=FifastbLive
第二十五集,https://yzzy.play-cdn7.com/20221013/22711_85b4b7d4/index.m3u8
第二十七集,https://yzzy.play-cdn7.com/20221013/22712_af581805/index.m3u8
第二十八集,https://yzzy.play-cdn7.com/20221013/22713_d6d224b6/index.m3u8
新唐人加西,https://live.ntdtv.com/cwlive220/playlist.m3u8
第二十集,https://yzzy.play-cdn7.com/20221013/22706_d30975c0/index.m3u8
第十八集,https://yzzy.play-cdn7.com/20221013/22701_9ac5dc6c/index.m3u8
第二十四集,https://yzzy.play-cdn7.com/20221013/22707_aae076de/index.m3u8
嵊州新闻,http://l.cztvcloud.com/channels/lantian/SXshengzhou1/720p.m3u8?zzhed?
新唐人旧休斯敦,https://live.ntdtv.com/htlive480/playlist.m3u8
第二十一集,https://yzzy.play-cdn7.com/20221013/22704_5d46d244/index.m3u8
第二十二集,https://yzzy.play-cdn7.com/20221013/22709_14d02f33/index.m3u8
第二十三集,https://yzzy.play-cdn7.com/20221013/22708_4f1a66a2/index.m3u8
第十六集,https://yzzy.play-cdn7.com/20221013/22702_b9df4a89/index.m3u8
绍兴新闻,http://live.shaoxing.com.cn/video/s10001-sxtv1/index.m3u8?zzhed?
新唐人旧金山,https://live.ntdtv.com/sflive990/playlist.m3u8
关于本源(iptv365.org),https://gitlab.com/p2v5/wangtv/-/raw/main/about1080p.mp4
第十五集,https://yzzy.play-cdn7.com/20221013/22700_354ed120/index.m3u8
平湖新闻,http://l.cztvcloud.com/channels/lantian/SXpinghu1/720p.m3u8?zzhed?
新唐人美西,https://live.ntdtv.com/uwlive990/playlist.m3u8
欧美大片(🚀),http://epg.112114.eu.org/douyu/2793084
第二十六集,https://yzzy.play-cdn7.com/20221013/22710_88603a0e/index.m3u8
第十九集,https://yzzy.play-cdn7.com/20221013/22705_bb60ab6e/index.m3u8
▶️魔戒首部曲：魔戒现身,https://api.heimuer.app/play/d10849d4be514bfeb5de7b6ff8bdfb5a.m3u8
▶️魔戒三部曲：王者再临,https://api.heimuer.app/play/bd885bde48d742068df66e382a8db7a7.m3u8
新唐人中国,https://live.ntdtv.com/cnlive900/playlist.m3u8
新唐人加东,https://live.ntdtv.com/mllive860/playlist.m3u8
粤语电影,http://huanqiuzhibo.cn/manifest/douyu.php?id=1226741
欢乐综艺,http://huanqiuzhibo.cn/manifest/douyu.php?id=131977
第08集,https://yzzy1.play-cdn1.com/20240518/49741_5dd58edf/2000k/hls/mixed.m3u8
第十七集,https://yzzy.play-cdn7.com/20221013/22703_90a4e183/index.m3u8
第25集,https://v3.yzzy1-play.com/20240527/50016_5bfb2733/2000k/hls/mixed.m3u8
吃米滴虫,http://huanqiuzhibo.cn/manifest/douyu.php?id=315457
神乐影院,http://huanqiuzhibo.cn/manifest/douyu.php?id=85894
▶️魔戒二部曲：双城奇谋,https://api.heimuer.app/play/4c017a32d1a7478696e4b78d95774ccc.m3u8
赛事播14,http://61.160.112.102:35455/itv/3000000020000011520.m3u8?cdn=FifastbLive
▶️星际穿越,https://api.heimuer.app/play/f9b471ddd1ee425bb3c64a24f82561be.m3u8
第05集,https://yzzy.play-cdn21.com/20240516/35461_71c1822c/2000k/hls/mixed.m3u8
挨饿德•1,http://dns.yiandrive.com:15907/huya/20985858
乘着火车看中国,http://hls.cntv.myhwcdn.cn/asp/hls/4000/0303000a/3/default/2b0f397ed9d948eb9fac38d73cde241b/4000.m3u8
歌谣ポップスチャンネル,https://stream01.willfonk.com/live_playlist.m3u8?cid=CS329&r=FHD&ccode=JP&m=d0:20:20:04:35:cc&t=0d6938cb3dcf4b79848bc1753a59daf1
斗鱼电影HD5,http://epg.112114.xyz/douyu/263824
刀刀影院,http://huanqiuzhibo.cn/manifest/douyu.php?id=747764
第八集,https://yzzy.play-cdn7.com/20221013/22695_16e14a51/index.m3u8
第三集,https://yzzy.play-cdn7.com/20221013/22688_e5e8f07f/index.m3u8
第10集,https://vvqq.play22-cdn.com/20240520/2315_e928f912/2000k/hls/mixed.m3u8
第12集,https://vvqq.play22-cdn.com/20240521/2412_ac6a7587/2000k/hls/mixed.m3u8
赛事播25,http://61.160.112.102:35455/itv/3000000010000002019.m3u8?cdn=FifastbLive
第一集,https://yzzy.play-cdn7.com/20221013/22686_866e04a7/index.m3u8
第02集,https://yzzy.play-cdn21.com/20240516/35464_ac734bae/2000k/hls/mixed.m3u8
Loupe 4K,http://kkk.jjjj.jiduo.me/api.php?n=tttt&id=4726&tk=f6cc1e0a0e1a
第01集,https://yzzy.play-cdn21.com/20240516/35465_1e94c1f1/2000k/hls/mixed.m3u8
第22集,https://vvqq.play22-cdn.com/20240526/2614_309f3a3a/2000k/hls/mixed.m3u8
挨饿德•1,https://live.iill.top/huya/20985858
▶️(2024)绝地战警：生死与共,https://v3.tlkqc.com/wjv3/202406/12/gFunRiZvHb75/video/index.m3u8
第七集,https://yzzy.play-cdn7.com/20221013/22692_a76bbc54/index.m3u8
第五集,https://yzzy.play-cdn7.com/20221013/22690_b50b3ef5/index.m3u8
第四集,https://yzzy.play-cdn7.com/20221013/22689_4f7df3ba/index.m3u8
第二集,https://yzzy.play-cdn7.com/20221013/22687_ef6d93cf/index.m3u8
第06集,https://yzzy.play-cdn22.com/20240517/2148_fb169bc3/2000k/hls/mixed.m3u8
奶虫影院,http://huanqiuzhibo.cn/manifest/douyu.php?id=263824
第六集,https://yzzy.play-cdn7.com/20221013/22691_3a9e8ff7/index.m3u8
第03集,https://yzzy.play-cdn21.com/20240516/35463_b01b5862/2000k/hls/mixed.m3u8
第04集,https://yzzy.play-cdn21.com/20240516/35462_82b2ee69/2000k/hls/mixed.m3u8
第15集,https://vvqq.play22-cdn.com/20240522/2510_b8625c2d/2000k/hls/mixed.m3u8
赛事播30,http://61.160.112.102:35455/itv/3000000010000006658.m3u8?cdn=FifastbLive
凌儿影院,http://huanqiuzhibo.cn/manifest/douyu.php?id=1377142
▶️(2024)异形寄生:起源,https://api.heimuer.app/play/3e9be3a5080c46449dbc355c9cb8baec.m3u8
▶️(2024)鬼舞村：诅咒起源,https://v12.tlkqc.com/wjv12/202408/04/UJGTrrEASp84/video/index.m3u8
▶️魔戒二部曲：双城奇谋,https://vip.ffzy-play7.com/20221127/7286_672b6ffa/2000k/hls/mixed.m3u8
▶️(2024)阴阳师,https://svip.high22-playback.com/20240731/5755_91995ca9/index.m3u8
冰冰影厅,http://huanqiuzhibo.cn/manifest/douyu.php?id=74374
云和新闻,http://l.cztvcloud.com/channels/lantian/SXyunhe1/720p.m3u8?
FanpopTV,https://streaming-cl.sh1ny.space/memfs/e16d2f72-70b5-4bf5-b9c5-107b6390a10f.m3u8
贝贝影院,http://huanqiuzhibo.cn/manifest/douyu.php?id=431460
美丽中国说,http://hls.cntv.myhwcdn.cn/asp/hls/4000/0303000a/3/default/8cdd688b04e4495ba1635e218419d6f9/4000.m3u8
开化公园,http://l.cztvcloud.com/channels/lantian/SXkaihua2/720p.m3u8?zzhed?
YMG未来,http://l.cztvcloud.com/channels/lantian/SXyuhang3/720p.m3u8?
可乐影院,http://huanqiuzhibo.cn/manifest/douyu.php?id=20415
Bloomberg,https://bloomberg-bloombergtv-3-nl.samsung.wurl.tv/playlist.m3u8
自然传奇,http://newcntv.qcloudcdn.com/asp/hls/1200/0303000a/3/default/81a1ad3a661748bfb8560c92d38204ca/1200.m3u8
CCTV+2,https://cd-live-stream.news.cctvplus.com/live/smil:CHANNEL2.smil/playlist.m3u8
无间道3:终极无间,https://vip.ffzy-play2.com/20221127/1567_f1965b4b/index.m3u8
▶️阿凡达：水之道（普通话）,https://hlsdofviewmgspvod.aikan.miguvideo.com/depository_yqv/asset/zhengshi/5105/080/728/5105080728/media/5105080728_5091264010_56.mp4
无间道1,https://vip.ffzy-play6.com/20221017/13_ddfc1740/index.m3u8
哪吒之决战龙神,https://hlsdofviewmgspvod.aikan.miguvideo.com/depository_yqv/asset/zhengshi/5105/004/353/5105004353/media/5105004353_5033311414_56.mp4
▶️(2024)狄仁杰之天宫蜃楼,https://v9.tlkqc.com/wjv9/202408/06/p7712pXCuV81/video/index.m3u8
▶️阿凡达：水之道,https://hlsdofviewmgspvod.aikan.miguvideo.com/depository_yqv/asset/zhengshi/5101/004/544/5101004544/media/5101004544_5091261956_56.mp4
上虞文化,http://l.cztvcloud.com/channels/lantian/SXshangyu2/720p.m3u8?zzhed?
人在囧途之囧妈,https://vip.ffzy-online.com/20230122/54089_b5925cb9/index.m3u8
天龙八部,http://jiaojirentv.top/2020/yy.php?id=1382881708
钓りビジョン,https://stream01.willfonk.com/live_playlist.m3u8?cid=BS251&r=FHD&ccode=JP&m=d0:20:20:04:35:cc&t=0d6938cb3dcf4b79848bc1753a59daf1
Fashion_4K「时尚」,https://fash2043.cloudycdn.services/slive/ftv_ftv_4k_hevc_73d_42080_default_466_hls.smil/playlist.m3u8
斗鱼电影HD3,http://epg.112114.xyz/douyu/122402
Fox新闻,https://fox-foxnewsnow-samsungus.amagi.tv/playlist720p.m3u8
第35集,https://v3.yzzy21-play.com/20240530/35653_2a72eb32/2000k/hls/mixed.m3u8
赛事播23,http://61.160.112.102:35455/itv/3000000020000011531.m3u8?cdn=FifastbLive
▶️铃芽之旅（普通话）,https://hlsdofviewmgspvod.aikan.miguvideo.com/depository_cidcobs_wxlz03/asset/zhengshi/5105/205/437/5105205437/media/5105205437_5195916136_56.mp4
第23集,https://yzzy1.play-cdn20.com/20240526/53690_bf9e86c5/2000k/hls/mixed.m3u8
第34集,https://v3.yzzy22-play.com/20240530/2731_34d27077/2000k/hls/mixed.m3u8
第33集,https://v3.yzzy21-play.com/20240530/35652_85c2d299/2000k/hls/mixed.m3u8
CCTVnews,http://1b6467f415.iok.la:9931/tsfile/live/1036_1.m3u8
哆啦A梦：大雄与天空的理想乡（普通话）,https://hlsdofviewmgspvod.aikan.miguvideo.com/depository_cidcobs_wxlz03/asset/zhengshi/5105/223/351/5105223351/media/5105223351_5206941130_56.mp4
热门港剧,http://huanqiuzhibo.cn/manifest/douyu.php?id=5522351
澳门资讯,https://live5.tdm.com.mo/ch5/info_ch5.live/playlist.m3u8
第32集,https://v3.yzzy22-play.com/20240530/2730_0dbb83f7/2000k/hls/mixed.m3u8
第29集,https://v3.yzzy20-play.com/20240529/53761_3b222458/2000k/hls/mixed.m3u8
Nippon TV (540p) [Not 24/7],https://ntv4.mov3.co/hls/ntv.m3u8
第31集,https://v3.yzzy21-play.com/20240530/35651_d564243b/2000k/hls/mixed.m3u8
斗鱼电影HD2,http://epg.112114.xyz/douyu/10240553
▶️铃芽之旅（日语原声）,https://hlsdofviewmgspvod.aikan.miguvideo.com/depository_cidcobs_wxlz03/asset/zhengshi/5105/137/798/5105137798/media/5105137798_5195915769_56.mp4
VIU,http://php.jdshipin.com:8880/smt.php?id=viu1_twn
CCTV+1,https://cd-live-stream.news.cctvplus.com/live/smil:CHANNEL1.smil/playlist.m3u8
▶️(2024)哥斯拉大战金刚2：帝国崛起,https://api.heimuer.app/play/6f3edeb2885149e4b30f676e8a94ef3b.m3u8
赛事播31,http://61.160.112.102:35455/itv/3000000010000009788.m3u8?cdn=FifastbLive
斗鱼电影HD1,http://epg.112114.xyz/douyu/20415
第28集,https://v3.yzzy21-play.com/20240529/35613_83bec549/2000k/hls/mixed.m3u8
绍兴文化,http://live.shaoxing.com.cn/video/s10001-sxtv3/index.m3u8?zzhed?
豆瓣高分(🚀),http://epg.112114.eu.org/douyu/8770422
第27集,https://v3.yzzy22-play.com/20240528/2656_3f6734da/2000k/hls/mixed.m3u8
赛事播29,http://61.160.112.102:35455/itv/3000000010000006077.m3u8?cdn=FifastbLive
卧虎藏龙,https://vip.ffzy-play6.com/20221019/118_1367b8f6/index.m3u8
霍格沃茨(🚀),http://epg.112114.eu.org/douyu/8814650
YOYO TV,https://ghp.ci/https://raw.githubusercontent.com/ChiSheng9/iptv/master/TV63.m3u8
满城尽带黄金甲,https://vip.ffzy-play2.com/20221022/289_cc1b109c/index.m3u8
香港开电视,http://livetv.dnsfor.me/channel.9.m3u8
特辑电影,http://huanqiuzhibo.cn/manifest/douyu.php?id=3637778
NBC News,https://ghp.ci/https://raw.githubusercontent.com/ChiSheng9/iptv/master/TV39.m3u8
FRANCE24 English,https://ghp.ci/https://raw.githubusercontent.com/ChiSheng9/iptv/master/TV38.m3u8
万合出品,http://huanqiuzhibo.cn/manifest/douyu.php?id=9220456
漫威主线2(🚀),http://epg.112114.eu.org/douyu/6140589
NHK World Premium (480p),https://cdn.skygo.mn/live/disk1/NHK_World_Premium/HLSv3-FTA/NHK_World_Premium.m3u8
生命脉动,http://hls.cntv.myhwcdn.cn/asp/hls/850/0303000a/3/default/c481b5826ffc4e99a92e01704c862dbc/850.m3u8
第17集,https://yzzy1.play-cdn20.com/20240523/53536_650f1f81/2000k/hls/mixed.m3u8
🔁未知(🚀),http://epg.112114.eu.org/douyu/122402
BBC,http://fl2.moveonjoy.com/BBC_WORLD_NEWS/index.m3u8
小猪佩奇,https://ghp.ci/https://raw.githubusercontent.com/ChiSheng9/iptv/refs/heads/master/TV64.m3u8
XilamTV,https://xilam-animation-1-fr.samsung.wurl.tv/playlist.m3u8
GB News,https://ghp.ci/https://raw.githubusercontent.com/ChiSheng9/iptv/master/TV33.m3u8
(百)每日一首,https://cloud.video.taobao.com//play/u/57349687/p/1/e/6/t/1/240361330093.mp4
普陀新闻,http://l.cztvcloud.com/channels/lantian/SXputuo1/720p.m3u8?zzhed?
华语经典2(🚀),http://epg.112114.eu.org/douyu/276200
3ABN Kids,https://3abn.bozztv.com/3abn2/Kids_live/smil:Kids_live.smil/playlist.m3u8
橙记港剧,http://huanqiuzhibo.cn/manifest/douyu.php?id=4549169
赛事播06,http://61.160.112.102:35455/itv/3000000001000008379.m3u8?cdn=FifastbLive
赛事播24,http://61.160.112.102:35455/itv/3000000010000000097.m3u8?cdn=FifastbLive
BAND NEWS,https://stream1.freetv.fun/band-news-2.ctv
赛事播05,http://61.160.112.102:35455/itv/3000000001000008176.m3u8?cdn=FifastbLive
赛事播43,http://61.160.112.102:35455/itv/3000000010000025380.m3u8?cdn=FifastbLive
粤语综艺,http://zzy789.xyz/douyu1.php?id=7919720
平湖民生,http://l.cztvcloud.com/channels/lantian/SXpinghu2/720p.m3u8?zzhed?
橙记港剧✔原,http://zzy789.xyz/douyu1.php?id=4549169
20250315 09:17:05,https://gitee.com/kabigo/tv/raw/master/assets/about1080p.mp4
ABC News,https://ghp.ci/https://raw.githubusercontent.com/ChiSheng9/iptv/master/TV24.m3u8
怡宝影院,http://huanqiuzhibo.cn/manifest/douyu.php?id=434971
Fuji TV (540p),https://fujitv4.mov3.co/hls/fujitv.m3u8
▶️魔戒首部曲：魔戒现身,https://vip.ffzy-play7.com/20230411/22167_a385d245/2000k/hls/mixed.m3u8
赛事播32,http://61.160.112.102:35455/itv/3000000010000010833.m3u8?cdn=FifastbLive
蓉城电影(🚀),http://epg.112114.eu.org/douyu/11137425
Japanim TV,https://foxkidstv.be:3369/stream/play.m3u8
萧山综合,http://l.cztvcloud.com/channels/lantian/SXxiaoshan1/720p.m3u8?
赛事播18,http://61.160.112.102:35455/itv/3000000020000011524.m3u8?cdn=FifastbLive
赛事播17,http://61.160.112.102:35455/itv/3000000020000011523.m3u8?cdn=FifastbLive
华语房✔原,http://zzy789.xyz/douyu1.php?id=85894
贝爷求生影视2,https://www.goodiptv.club/douyu/9661369
青春动漫BestTV,https://stream1.freetv.fun/f76fcb63fb8411dcdbaf2436fe6c56ae2ff9f84ff3286b60a2c673d65de670ca.ctv
西游记后传,http://1.94.31.214:35455/yy/1353392400
Kuriakos Kids,https://w2.manasat.com/kkids/smil:kkids.smil/playlist.m3u8
斗鱼电影HD4,http://epg.112114.xyz/douyu/85894
